topic_id,method,qa_index,question,answer,quality_score
0,Chunking_Only,1,question: Jean-Philippe Rameau đã làm gì trong các vở ba lê của Lully? answer: làm nổi bật vai trò của dàn nhạc trong các vở opera-ba lê,question: Jean-Philippe Rameau đã làm gì trong các vở ba lê của Lully? answer: làm nổi bật vai trò của dàn nhạc trong các vở opera-ba lê,0.7499
0,Chunking_Only,2,question: Carmagnole trở thành ca khúc biểu tượng cho những người cách mạng vào năm nào? answer: năm 1792,question: Carmagnole trở thành ca khúc biểu tượng cho những người cách mạng vào năm nào? answer: năm 1792,0.6599
0,RAG_Chunking,1,"question: Những loại hình nghệ thuật sân khấu nào phát triển từ thời Lê sơ? answer: hát chèo, hát tuồng, hát quan họ, hát ví, hát giặm, hát chèo thuyền, hát ả đào, hát xẩm","question: Những loại hình nghệ thuật sân khấu nào phát triển từ thời Lê sơ? answer: hát chèo, hát tuồng, hát quan họ, hát ví, hát giặm, hát chèo thuyền, hát ả đào, hát xẩm",0.7524
0,RAG_Chunking,2,"question: Nền văn minh thời Phục Hưng là nền văn minh như thế nào? answer: tinh thần nhân văn và tiến bộ trong tư tưởng và văn học, là sự sáng tạo và phát minh trong khoa học với những ý tưởng đi trước thời đại, là chủ nghĩa hiện thực trong nghệ thuật","question: Nền văn minh thời Phục Hưng là nền văn minh như thế nào? answer: tinh thần nhân văn và tiến bộ trong tư tưởng và văn học, là sự sáng tạo và phát minh trong khoa học với những ý tưởng đi trước thời đại, là chủ nghĩa hiện thực trong nghệ thuật",0.7174
0,RAG_Chunking,3,question: Trường phái âm nhạc đa âm điệu Notre-Dame ra đời vào thời gian nào? answer: cuối thế kỷ 12,question: Trường phái âm nhạc đa âm điệu Notre-Dame ra đời vào thời gian nào? answer: cuối thế kỷ 12,0.6888
0,RAG_Chunking,4,question: Jean-Philippe Rameau đã làm gì vào thế kỷ 18? answer: làm nổi bật vai trò của dàn nhạc trong các vở opera-ba lê,question: Jean-Philippe Rameau đã làm gì vào thế kỷ 18? answer: làm nổi bật vai trò của dàn nhạc trong các vở opera-ba lê,0.6528
0,RAG_Chunking,5,question: Carmagnole trở thành ca khúc biểu tượng cho những người cách mạng vào năm nào? answer: năm 1792,question: Carmagnole trở thành ca khúc biểu tượng cho những người cách mạng vào năm nào? answer: năm 1792,0.6247
0,RAG_Chunking,6,"question: Âm nhạc tiến đến Chủ nghĩa lãng mạn với những nhạc sĩ nào? answer: Frédéric Chopin, Hector Berlioz hay Charles Gounod","question: Âm nhạc tiến đến Chủ nghĩa lãng mạn với những nhạc sĩ nào? answer: Frédéric Chopin, Hector Berlioz hay Charles Gounod",0.8671
1,Chunking_Only,1,"question: Lực lượng trên bộ gồm những lực lượng nào? answer: một trung đoàn của lực lượng hải quân lục chiến, lực lượng hải quân gồm hai tàu tuần tra lớp P400, một tàu đổ bộ lớp BATRAL, và một tàu tuần tra của Hiến binh Hàng hải","question: Lực lượng trên bộ gồm những lực lượng nào? answer: một trung đoàn của lực lượng hải quân lục chiến, lực lượng hải quân gồm hai tàu tuần tra lớp P400, một tàu đổ bộ lớp BATRAL, và một tàu tuần tra của Hiến binh Hàng hải",0.6467
1,Chunking_Only,2,"question: Có bao nhiêu máy bay chuyên chở Casa, bốn máy bay trực thăng Puma và một máy bay trực thăng Fennec? answer: Có bao nhiêu máy bay chuyên chở Casa, bốn máy bay trực thăng Puma và một máy bay trực thăng Fennec","question: Có bao nhiêu máy bay chuyên chở Casa, bốn máy bay trực thăng Puma và một máy bay trực thăng Fennec? answer: 760 nhân viên hiến binh",0.7646
1,RAG_Chunking,1,"question: Nội dung của chính sách tứ đẳng là gì? answer: chỉ chọn những người giỏi võ nghệ làm tướng chỉ huy, không căn cứ vào nguồn gốc tôn thất như trước. - Thải hồi những binh sĩ già yếu, lấy người khoẻ mạnh bổ sung vào quân ngũ. - Tăng cường tuyển quân quy mô lớn; bổ sung lực lượng hương quân ở các địa phương. - Tăng cường tuyển quân quy mô lớn; bổ sung lực lượng hương quân ở các địa phương. - Tăng cường tuyển quân quy mô lớn; bổ sung lực lượng hương quân ở các địa phương","question: Nội dung của chính sách tứ đẳng là gì? answer: chỉ chọn những người giỏi võ nghệ làm tướng chỉ huy, không căn cứ vào nguồn gốc tôn thất như trước. - Thải hồi những binh sĩ già yếu, lấy người khoẻ mạnh bổ sung vào quân ngũ. - Tăng cường tuyển quân quy mô lớn; bổ sung lực lượng hương quân ở các địa phương. - Tăng cường tuyển quân quy mô lớn; bổ sung lực lượng hương quân ở các địa phương. - Tăng cường tuyển quân quy mô lớn; bổ sung lực lượng hương quân ở các địa phương",0.8738
1,RAG_Chunking,2,"question: Nội dung cải cách là gì? answer: Xây dựng lại binh chế, chia đặt lại tổ chức quân đội theo hướng quy củ, chặt chẽ, đặt dưới sự chỉ huy thống nhất của triều đình","question: Nội dung cải cách là gì? answer: Xây dựng lại binh chế, chia đặt lại tổ chức quân đội theo hướng quy củ, chặt chẽ, đặt dưới sự chỉ huy thống nhất của triều đình. - Cải tiến vũ khí, tăng cường trang bị quốc phòng, xây dựng hệ thống phòng thủ quốc gia quy mô lớn. - Cải tiến vũ khí, tăng cường trang bị quốc phòng, xây dựng hệ thống phòng thủ quốc gia quy mô lớn. - Cải tiến vũ khí, tăng cường trang bị quốc phòng, xây dựng hệ thống phòng thủ quốc gia quy mô lớn",0.8729
1,RAG_Chunking,3,"question: Hệ thống cơ quan phụ trách đạo thừa tuyên gồm những gì? answer: Đô ty (do Đô tổng binh sứ đứng đầu, phụ trách quân sự), Thừa ty (do Thừa chính sứ đứng đầu, phụ trách hành chính, thuế khoá), Hiến ty (do Hiến sát sứ đứng đầu, phụ trách thanh tra, xét hỏi kiện tụng, tuân hành)","question: Hệ thống cơ quan phụ trách đạo thừa tuyên gồm những gì? answer: Đô ty (do Đô tổng binh sứ đứng đầu, phụ trách quân sự), Thừa ty (do Thừa chính sứ đứng đầu, phụ trách quân sự), Thừa ty (do Thừa chính sứ đứng đầu, phụ trách hành chính, thuế khoá), Hiến ty (do Hiến sát sứ đứng đầu, phụ trách thanh tra, xét hỏi kiện tụng, tuân hành), còn gọi là ta",0.6784
1,RAG_Chunking,4,question: Lực lượng Tây Sơn do ai chỉ huy? answer: Nguyễn Huệ,question: Lực lượng Tây Sơn do ai chỉ huy? answer: Nguyễn Huệ,0.613
1,RAG_Chunking,5,"question: Lực lượng trên bộ gồm những gì? answer: một trung đoàn của lực lượng hải quân lục chiến, lực lượng hải quân gồm hai tàu tuần tra lớp P400, một tàu đổ bộ lớp BATRAL, và một tàu tuần tra của Hiến binh Hàng hải","question: Lực lượng trên bộ gồm những gì? answer: một trung đoàn của lực lượng hải quân lục chiến, lực lượng hải quân gồm hai tàu tuần tra lớp P400, một tàu đổ bộ lớp BATRAL, và một tàu tuần tra của Hiến binh Hàng hải",0.6816
1,RAG_Chunking,6,question: Số lượng nhân viên hiến binh được triển khai trên quần đảo là bao nhiêu? answer: 760 nhân viên hiến binh,question: Số lượng nhân viên hiến binh được triển khai trên quần đảo là bao nhiêu? answer: 760 nhân viên hiến binh,0.6313
2,Chunking_Only,1,question: Vì sao Roosevelt bắt đầu tái vũ trang Hoa Kỳ? answer: vì đang phải đối mặt với sự phản đối mạnh mẽ của chủ nghĩa biệt lập từ các lãnh tụ Quốc hội chống đối tái vũ trang,question: Vì sao Roosevelt bắt đầu tái vũ trang Hoa Kỳ? answer: vì đang phải đối mặt với sự phản đối mạnh mẽ của chủ nghĩa biệt lập từ các lãnh tụ Quốc hội chống đối tái vũ trang như Thượng nghị sĩ William Borah và Thượng nghị sĩ Robert Taft,0.7837
2,Chunking_Only,2,"question: Vì sao Hoa Kỳ một mặt nới rộng và tái vũ trang Lục quân Hoa Kỳ và Hải quân Hoa Kỳ? answer: vì có sự ủng hộ của lưỡng đảng nên Hoa Kỳ một mặt nới rộng và tái vũ trang Lục quân Hoa Kỳ và Hải quân Hoa Kỳ, một mặt trở thành ""kho thuốc súng của dân chủ"" bằng cách trợ giúp Anh Quốc, Pháp, Trung Hoa và (sau tháng 6 năm 1941) Liên Xô","question: Vì sao Hoa Kỳ một mặt nới rộng và tái vũ trang Lục quân Hoa Kỳ và Hải quân Hoa Kỳ? answer: vì có sự ủng hộ của lưỡng đảng nên Hoa Kỳ một mặt nới rộng và tái vũ trang Lục quân Hoa Kỳ và Hải quân Hoa Kỳ, một mặt trở thành ""kho thuốc súng của dân chủ"" bằng cách trợ giúp Anh Quốc, Pháp, Trung Hoa và (sau tháng 6 năm 1941) Liên Xô",0.7734
2,Chunking_Only,3,"question: Bài diễn văn ""Kho thuốc súng của dân chủ"" được FDR viết vào thời gian nào? answer: Ngày 29 tháng 12 năm 1940","question: Bài diễn văn ""Kho thuốc súng của dân chủ"" được FDR viết vào thời gian nào? answer: Ngày 29 tháng 12 năm 1940",0.7172
2,Chunking_Only,4,"question: ""Bốn tự do"" là bài phát biểu của ai? answer: ông đọc bài phát biểu nổi tiếng ""Bốn tự do"" (Four Freedoms), nêu thêm vấn đề Hoa Kỳ phải bảo vệ các quyền cơ bản trên toàn thế giới","question: ""Bốn tự do"" là bài phát biểu của ai? answer: ông đọc bài phát biểu nổi tiếng ""Bốn tự do"" (Four Freedoms), nêu thêm vấn đề Hoa Kỳ phải bảo vệ các quyền cơ bản trên toàn thế giới",0.7693
2,RAG_Chunking,1,question: Chủ tịch Hồ Chí Minh ra Lời kêu gọi toàn quốc kháng chiến vào thời gian nào? answer: Ngày 19-12-1946,question: Chủ tịch Hồ Chí Minh ra Lời kêu gọi toàn quốc kháng chiến vào thời gian nào? answer: Ngày 19-12-1946,0.8209
2,RAG_Chunking,2,"question: Bối c answer: Hoạt động đối ngoại chủ yếu trong kháng chiến chống Mỹ (1954-1975): - Đấu tranh yêu cầu thực hiện Hiệp định Genève. - Củng cố quan hệ với các nước xã hội chủ nghĩa. - Tăng cường đoàn kết ba nước Đông Dương. - Đàm phán, ký Hiệp định Paris (1973). - Mở rộng quan hệ ngoại giao, đẩy mạnh đối ngoại nhân dân. - Mở rộng quan hệ ngoại giao, đẩy mạnh đối ngoại nhân dân. - Mở rộng quan hệ ngoại giao, đẩy mạnh đối ngoại nhân dân","question: Hoạt động đối ngoại chủ yếu trong kháng chiến chống Mỹ là gì? answer: Đấu tranh yêu cầu thực hiện Hiệp định Genève. - Củng cố quan hệ với các nước xã hội chủ nghĩa. - Tăng cường đoàn kết ba nước Đông Dương. - Đàm phán, ký Hiệp định Paris (1973). - Mở rộng quan hệ ngoại giao, đẩy mạnh đối ngoại nhân dân. - Mở rộng quan hệ ngoại giao, đẩy mạnh đối ngoại nhân dân. - Mở rộng quan hệ ngoại giao, đẩy mạnh đối ngoại nhân dân",0.9023
2,RAG_Chunking,3,"question: Nước Việt Nam Dân chủ Cộng hòa ra đời sau sự kiện nào? answer: Sau Cách mạng Tháng Tám, nước Việt Nam Dân chủ Cộng hòa ra đời nhưng bị thực dân Pháp và các thế lực thù địc","question: Nước Việt Nam Dân chủ Cộng hòa ra đời sau sự kiện nào? answer: Sau Cách mạng Tháng Tám, nước Việt Nam Dân chủ Cộng hòa ra đời nhưng bị thực dân Pháp và các thế lực thù địc",0.6914
2,RAG_Chunking,4,question: Vì sao Roosevelt lại tái vũ trang Hoa Kỳ? answer: vì đang phải đối mặt với sự phản đối mạnh mẽ của chủ nghĩa biệt lập từ các lãnh tụ Quốc hội,question: Vì sao Roosevelt lại tái vũ trang Hoa Kỳ? answer: vì đang phải đối mặt với sự phản đối mạnh mẽ của chủ nghĩa biệt lập từ các lãnh tụ Quốc hội,0.6934
2,RAG_Chunking,5,question: Vì sao Hoa Kỳ một mặt nới rộng và tái vũ trang Lục quân Hoa Kỳ và Hải quân Hoa Kỳ? answer: vì đang phải đối mặt với sự phản đối mạnh mẽ của chủ nghĩa biệt lập từ các lãnh tụ Quốc hội chống đối tái vũ trang,"question: Hoa Kỳ một mặt nới rộng và tái vũ trang Lục quân Hoa Kỳ và Hải quân Hoa Kỳ, một mặt trở thành ""kho thuốc súng của dân chủ"" bằng cách nào? answer: trợ giúp Anh Quốc, Pháp, Trung Quốc",0.7083
2,RAG_Chunking,6,"question: Ai là người đã công kích tổng thống Roosevelt? answer: Charles Lindbergh và ""Ủy ban Mỹ trên hết"" (America First Committee)","question: Ai là người đã công kích tổng thống Roosevelt? answer: Charles Lindbergh và ""Ủy ban Mỹ trên hết"" (America First Committee)",0.7419
2,RAG_Chunking,7,question: FDR tiếp tục song song hai chính sách nào? answer: chuẩn bị sẵn sàng tham chiến và viện trợ cho Đồng minh,question: FDR tiếp tục song song hai chính sách nào? answer: chuẩn bị sẵn sàng tham chiến và viện trợ cho Đồng minh,0.6946
2,RAG_Chunking,8,"question: Trong một buổi nói chuyện trên sóng phát thanh diễn văn ""Kho thuốc súng của dân chủ"" đã đề cập đến vấn đề gì? answer: vấn đề Hoa Kỳ phải bảo vệ các quyền cơ bản trên toàn thế giới","question: Trong một buổi nói chuyện trên sóng phát thanh, diễn văn ""Kho thuốc súng của dân chủ"" đã đề cập đến vấn đề gì? answer: vấn đề Hoa Kỳ phải bảo vệ các quyền cơ bản trên toàn thế giới",0.7076
3,Chunking_Only,1,"question: Người Texas tập hợp tại Hội nghị năm 1832 để làm gì? answer: thảo luận về yêu cầu được trở thành một tiểu bang riêng, cùng các vấn đề khác","question: Người Texas tập hợp tại Hội nghị năm 1832 để làm gì? answer: thảo luận về yêu cầu được trở thành một tiểu bang riêng, cùng các vấn đề khác",0.8661
3,RAG_Chunking,1,question: Vào khoảng thời gian nào thì Phùng Hưng cùng em trai khởi nghĩa? answer: khoảng những năm 766 - 780,question: Vào khoảng thời gian nào thì Phùng Hưng cùng em trai khởi nghĩa? answer: khoảng những năm 766 - 780,0.6802
3,RAG_Chunking,2,question: Cuộc khởi nghĩa Hai Bà Trưng bùng nổ vào thời gian nào? answer: năm 40,question: Cuộc khởi nghĩa Hai Bà Trưng bùng nổ vào thời gian nào? answer: năm 40,0.671
3,RAG_Chunking,3,question: Loạn Anahuac là cuộc nổi dậy công khai đầu tiên chống lại sự cai trị của México vào năm nào? answer: năm 1832,question: Loạn Anahuac là cuộc nổi dậy công khai đầu tiên chống lại sự cai trị của México vào năm nào? answer: năm 1832,0.8444
3,RAG_Chunking,4,"question: Người Texas đứng về phe nào? answer: Liên bang chủ nghĩa, chống lại chính phủ hiện thời và đuổi toàn bộ binh sĩ México ra khỏi Đông Texas","question: Người Texas đứng về phe nào? answer: Liên bang chủ nghĩa, chống lại chính phủ hiện thời và đuổi toàn bộ binh sĩ México ra khỏi Đông Texas",0.8615
3,RAG_Chunking,5,"question: Tại Hội nghị năm 1833, người Texas đã làm gì? answer: người Texas đã làm gì? answer: người Texas đã làm gì? answer: người Texas đã làm gì? answer: người Texas đã làm gì? answer: người Texas đã làm gì? answer: người Texas đã làm gì? answer: người Texas đã làm gì? answer: người Texas đã làm gì? answer: người Texas đã làm gì? answer: Tại Hội nghị năm 1833, người Texas đã làm gì","question: Tại Hội nghị năm 1833, người Texas đã làm gì? answer: người Texas lặp lại đòi hỏi của họ trong Hội nghị năm 1833",0.7564
4,Chunking_Only,1,question: Cuộc xung đột nào đã dẫn đến chiến tranh Nam Ossetia 1991-1992? answer: Gruzia-Ossetia,question: Cuộc xung đột nào đã dẫn đến chiến tranh Nam Ossetia 1991-1992? answer: cuộc xung đột Gruzia-Ossetia,0.7614
4,Chunking_Only,2,question: Chiến tranh Nam Ossetia 2008 kết thúc bằng sự kiện nào? answer: sự kiện nào? answer: Nga công nhận độc lập cho Nam Ossetia và Abkhazia,question: Chiến tranh Nam Ossetia 2008 kết thúc bằng sự kiện nào? answer: Nga công nhận độc lập cho Nam Ossetia và Abkhazia,0.8244
4,RAG_Chunking,1,"question: Điểm chung của hai nền văn minh Hy Lạp và La Mã là gì? answer: hình thành ở ven biển, đồng bằng nhỏ hẹp, đất đai khô cằn... nên khi có công cụ lao động bằng sắt mới xuất hiện nền văn minh","question: Điểm chung của hai nền văn minh Hy Lạp và La Mã là gì? answer: hình thành ở ven biển, đồng bằng nhỏ hẹp, đất đai khô cằn... nên khi có công cụ lao động bằng sắt mới xuất hiện nền văn minh",0.8357
4,RAG_Chunking,2,"question: Năm 1982, chính phủ Cộng hòa xã hội chủ nghĩa Việt Nam đã có quyết định gì? answer: thành lập huyện đảo Trường Sa và huyện đảo Hoàng Sa","question: Năm 1982, chính phủ Cộng hòa xã hội chủ nghĩa Việt Nam đã có quyết định gì? answer: thành lập huyện đảo Trường Sa và huyện đảo Hoàng Sa",0.7955
4,RAG_Chunking,3,"question: Yuzhnaya Osetiya là gì? answer: một vùng ở Nam Kavkaz, nguyên là tỉnh tự trị Ossetia bên trong Cộng hòa Xã hội chủ nghĩa Xô viết Gruzia, một phần lãnh thổ này đã độc lập trên thực tế khỏi Gruzia kể từ khi lãnh thổ này tuyên bố độc lập thành Cộng hòa Nam Ossetia trong cuộc xung đột Gruzia-Ossetia đầu thập niên 1990","question: Yuzhnaya Osetiya là gì? answer: một vùng ở Nam Kavkaz, nguyên là tỉnh tự trị Ossetia bên trong Cộng hòa Xã hội chủ nghĩa Xô viết Gruzia, một phần lãnh thổ này đã độc lập trên thực tế khỏi Gruzia kể từ khi lãnh thổ này tuyên bố độc lập thành Cộng hòa Nam Ossetia trong cuộc xung đột Gruzia-Ossetia đầu thập niên 1990",0.8937
4,RAG_Chunking,4,question: Nguyên nhân dẫn đến chiến tranh Nam Ossetia 1991-1992 là gì? answer: phủ Gruzia phản ứng lại bằng cách bãi bỏ quyền tự trị của Nam Ossetia và cố gắng chiếm lại khu vực bằng vũ lực,question: Chiến tranh Nam Ossetia 1991-1992 đã dẫn đến kết quả gì? answer: Nga công nhận độc lập cho Nam Ossetia và Abkhazia,0.7715
5,Chunking_Only,1,question: Cuộc xung đột nào đã dẫn đến chiến tranh Nam Ossetia 1991-1992? answer: Gruzia-Ossetia,question: Cuộc xung đột nào đã dẫn đến chiến tranh Nam Ossetia 1991-1992? answer: cuộc xung đột Gruzia-Ossetia,0.7614
5,Chunking_Only,2,question: Chiến tranh Nam Ossetia 2008 kết thúc bằng sự kiện nào? answer: sự kiện nào? answer: Nga công nhận độc lập cho Nam Ossetia và Abkhazia,question: Chiến tranh Nam Ossetia 2008 kết thúc bằng sự kiện nào? answer: Nga công nhận độc lập cho Nam Ossetia và Abkhazia,0.8244
5,RAG_Chunking,1,"question: Điểm chung của hai nền văn minh Hy Lạp và La Mã là gì? answer: hình thành ở ven biển, đồng bằng nhỏ hẹp, đất đai khô cằn... nên khi có công cụ lao động bằng sắt mới xuất hiện nền văn minh","question: Điểm chung của hai nền văn minh Hy Lạp và La Mã là gì? answer: hình thành ở ven biển, đồng bằng nhỏ hẹp, đất đai khô cằn... nên khi có công cụ lao động bằng sắt mới xuất hiện nền văn minh",0.8357
5,RAG_Chunking,2,"question: Năm 1982, chính phủ Cộng hòa xã hội chủ nghĩa Việt Nam đã có quyết định gì? answer: thành lập huyện đảo Trường Sa và huyện đảo Hoàng Sa","question: Năm 1982, chính phủ Cộng hòa xã hội chủ nghĩa Việt Nam đã có quyết định gì? answer: thành lập huyện đảo Trường Sa và huyện đảo Hoàng Sa",0.7955
5,RAG_Chunking,3,"question: Yuzhnaya Osetiya là gì? answer: một vùng ở Nam Kavkaz, nguyên là tỉnh tự trị Ossetia bên trong Cộng hòa Xã hội chủ nghĩa Xô viết Gruzia, một phần lãnh thổ này đã độc lập trên thực tế khỏi Gruzia kể từ khi lãnh thổ này tuyên bố độc lập thành Cộng hòa Nam Ossetia trong cuộc xung đột Gruzia-Ossetia đầu thập niên 1990","question: Yuzhnaya Osetiya là gì? answer: một vùng ở Nam Kavkaz, nguyên là tỉnh tự trị Ossetia bên trong Cộng hòa Xã hội chủ nghĩa Xô viết Gruzia, một phần lãnh thổ này đã độc lập trên thực tế khỏi Gruzia kể từ khi lãnh thổ này tuyên bố độc lập thành Cộng hòa Nam Ossetia trong cuộc xung đột Gruzia-Ossetia đầu thập niên 1990",0.8937
5,RAG_Chunking,4,question: Nguyên nhân dẫn đến chiến tranh Nam Ossetia 1991-1992 là gì? answer: phủ Gruzia phản ứng lại bằng cách bãi bỏ quyền tự trị của Nam Ossetia và cố gắng chiếm lại khu vực bằng vũ lực,question: Chiến tranh Nam Ossetia 1991-1992 đã dẫn đến kết quả gì? answer: Nga công nhận độc lập cho Nam Ossetia và Abkhazia,0.7715
6,Chunking_Only,1,question: Hậu quả chủ yếu của Chiến tranh Vùng Vịnh là gì? answer: sự hồi sinh rõ rệt của chủ nghĩa Hồi giáo cực đoan,question: Hậu quả chủ yếu của Chiến tranh Vùng Vịnh là gì? answer: sự hồi sinh rõ rệt của chủ nghĩa Hồi giáo cực đoan,0.8298
6,Chunking_Only,2,question: Chính phủ Ả Rập Xê Út đã chi bao nhiêu tiền cho những nhóm ủng hộ chính phủ? answer: hàng triệu cuốn Qur'an cho dân các nước mới độc lập ở vùng Trung Á và xây dựng hàng trăm thánh đường Hồi giáo cho những nhóm cực đoan,question: Chính phủ Ả Rập Xê Út đã chi bao nhiêu tiền cho những nhóm ủng hộ chính phủ? answer: hàng triệu cuốn Qur'an cho dân các nước mới độc lập ở vùng Trung Á và xây dựng hàng trăm thánh đường Hồi giáo cho những nhóm cực đoan,0.8186
6,Chunking_Only,3,question: Trung Á và xây dựng hàng trăm thánh đường Hồi giáo cho những nhóm cực đoan là những quốc gia nào? answer: Trung Á và xây dựng hàng trăm thánh đường Hồi giáo cho những nhóm cực đoan,question: Trung Á và xây dựng hàng trăm thánh đường Hồi giáo cho những nhóm cực đoan là những quốc gia nào? answer: Trung Á và xây dựng hàng trăm thánh đường Hồi giáo cho những nhóm cực đoan,0.6284
6,RAG_Chunking,1,"question: Khi quân Minh xâm lược, nhà Hồ đã làm gì? answer: tổ chức chặn đánh từ biên giới nhưng thất bại, phải rút về bờ nam sông Hồng rồi tập trung cố thủ ở thành Đa Bang (Ba Vì, Hà Nội ngày nay)","question: Khi quân Minh xâm lược, nhà Hồ đã làm gì? answer: tổ chức chặn đánh từ biên giới nhưng thất bại, phải rút về bờ nam sông Hồng rồi tập trung cố thủ ở thành Đa Bang (Ba Vì, Hà Nội ngày nay). Quân nhà Hồ buộc phải rút về thành Tây Đô (Thăng Long). Quân nhà Hồ buộc phải rút về thành Tây Đô (Thăng Long). Quân nhà Hồ buộc phải rút về thành Tây Đô (Thăng Long). Quân nhà Hồ buộc phải rút về thành Tây Đô (Thăng Long). Quân nhà Hồ buộc phải",0.8647
6,RAG_Chunking,2,"question: Nêu được tầm quan trọng chiến lược của Biển Đông đối với Việt Nam như thế nào? answer: quốc phòng, an ninh và phát triển các ngành kinh tế trọng điểm. - Nêu được Việt Nam là Nhà nước đầu tiên xác lập chủ quyền và quản lí liên tục đối với quần đảo Hoàng Sa và quần đảo Trường Sa trong lịch sử. - Nêu được Việt Nam là Nhà nước đầu tiên xác lập chủ quyền và quản lí liên tục đối với quần đảo Hoàng Sa và quần đảo Trường Sa trong lịch sử. - Nêu được Việt Nam là Nhà nước đầu tiên xác lập chủ quyền và quản lí liên","question: Nêu được tầm quan trọng chiến lược của Biển Đông đối với Việt Nam như thế nào? answer: quốc phòng, an ninh và phát triển các ngành kinh tế trọng điểm. - Nêu được Việt Nam là Nhà nước đầu tiên xác lập chủ quyền và quản lí liên tục đối với quần đảo Hoàng Sa và quần đảo Trường Sa trong lịch sử. - Nêu được Việt Nam là Nhà nước đầu tiên xác lập chủ quyền và quản lí liên tục đối với quần đảo Hoàng Sa và quần đảo Trường Sa trong lịch sử. - Nêu được Việt Nam là Nhà nước đầu tiên xác lập chủ quyền và quản lí liên",0.9193
6,RAG_Chunking,3,"question: Answer: cuộc đấu tranh bảo vệ và thực thi chủ quyền, các quyền và lợi ích hợp pháp của Việt Nam ở Biển Đông trong lịch sử","question: Nêu được nét chính về cuộc đấu tranh bảo vệ và thực thi chủ quyền của Việt Nam ở Biển Đông? answer: cuộc đấu tranh bảo vệ và thực thi chủ quyền, các quyền và lợi ích hợp pháp của Việt Nam ở Biển Đông trong lịch sử",0.8761
6,RAG_Chunking,4,question: Hậu quả chủ chốt của Chiến tranh Vùng Vịnh là gì? answer: sự hồi sinh rõ rệt của chủ nghĩa Hồi giáo cực đoan,question: Hậu quả chủ chốt của Chiến tranh Vùng Vịnh là gì? answer: sự hồi sinh rõ rệt của chủ nghĩa Hồi giáo cực đoan,0.663
6,RAG_Chunking,5,question: Việc chế độ Saddam bị lật đổ đã ảnh hưởng như thế nào đối với Ả Rập Xê Út? answer: ảnh hưởng như thế nào đối với Ả Rập Xê Út? answer: ảnh hưởng như thế nào đối với Ả Rập Xê Út? answer: ảnh hưởng như thế nào đối với Ả Rập Xê Út? answer: ảnh hưởng như thế nào đối với Ả Rập Xê Út? answer: ảnh hưởng như thế nào đối với Ả Rập Xê Út? answer: làm chính phủ Ả Rập Xê Út mất uy tín trong nước,question: Việc chế độ Saddam bị lật đổ đã ảnh hưởng như thế nào đối với Ả Rập Xê Út? answer: làm chính phủ Ả Rập Xê Út mất uy tín trong nước,0.7931
6,RAG_Chunking,6,question: Chính phủ Ả Rập Xê Út đã chi bao nhiêu tiền cho những nhóm ủng hộ chính phủ? answer: hàng triệu cuốn Qur'an cho dân các nước mới độc lập ở vùng Trung Á và xây dựng hàng trăm thánh đường Hồi giáo cho những nhóm cực đoan,question: Chính phủ Ả Rập Xê Út đã chi bao nhiêu tiền cho những nhóm ủng hộ chính phủ? answer: hàng triệu cuốn Qur'an cho dân các nước mới độc lập ở vùng Trung Á và xây dựng hàng trăm thánh đường Hồi giáo cho những nhóm cực đoan,0.8556
6,RAG_Chunking,7,question: Taliban là quốc gia như thế nào? answer: Taliban là quốc gia như thế nào? answer: Taliban là quốc gia như thế nào? answer: Taliban là quốc gia như thế nào? answer: Taliban là quốc gia như thế nào? answer: Taliban là quốc gia như thế nào? answer: Taliban là quốc gia như thế nào? answer: Taliban là quốc gia như thế nào? answer: Taliban là quốc gia như thế nào? answer: Taliban là quốc gia như thế nào? answer: Taliban là quốc,question: Taliban là quốc gia như thế nào? answer: một trong những quốc gia duy nhất chính thức công nhận chính phủ đó,0.8607
7,Chunking_Only,1,question: Khách sạn Ritz trên quảng trường Vendôme mở cửa vào năm nào? answer: 1898,question: Khách sạn Ritz trên quảng trường Vendôme mở cửa vào năm nào? answer: 1898,0.7303
7,Chunking_Only,2,"question: Ngoài Bristol, George V, Meurice, Plaza Athénée và Fouquet's Barrière còn có những khách sạn nào khác? answer: Bristol, George V, Meurice, Plaza Athénée và Fouquet's Barrière","question: Ngoài Bristol, George V, Meurice, Plaza Athénée và Fouquet's Barrière còn có những khách sạn nào khác? answer: Bristol, George V, Meurice, Plaza Athénée và Fouquet's Barrière",0.7399
7,RAG_Chunking,1,question: Ngày 14-7-1789 diễn ra sự kiện gì? answer: hàng nghìn người dân Pa-ri đã nổi dậy đánh chiếm ngục Ba-xti từ tay quân lính của triều đình,question: Ngày 14-7-1789 là ngày diễn ra sự kiện gì? answer: hàng nghìn người dân Pa-ri đã nổi dậy đánh chiếm ngục Ba-xti từ tay quân lính của triều đình,0.6827
7,RAG_Chunking,2,"question: Những nơi nào được xây dựng với quy mô lớn? answer: Hoàng thành Thăng Long, thành nhà Hồ, thành Lam Kinh, thành nhà Mạc, Đại nội Huế, thành Gia Định","question: Những nơi nào được xây dựng với quy mô lớn? answer: Hoàng thành Thăng Long, thành nhà Hồ, thành Lam Kinh, thành nhà Mạc, Đại nội Huế, thành Gia Định",0.6275
7,RAG_Chunking,3,"question: Những ngôi chùa nổi tiếng nào nổi tiếng ở Pháp? answer: chùa Một Cột, Sùng Thiện Diên Linh, chùa Trấn Quốc, chùa Phật Tích, chùa Thiên Mụ","question: Những ngôi chùa nổi tiếng nào nổi tiếng ở Pháp? answer: chùa Một Cột, Sùng Thiện Diên Linh, chùa Trấn Quốc, chùa Phật Tích, chùa Thiên Mụ",0.6039
7,RAG_Chunking,4,question: Hình 7.8. Một hội chợ ở Sãm-pa-nhơ (Pháp) thời trung đại (tranh vẽ) Hình 7.9. Một góc thành phố Phờ-lo-ren (I-ta-li-a) Hình 7.9. Một góc thành phố Phờ-lo-ren (I-ta-li-a) Hình 7.9. Một góc thành phố Phờ-lo-ren (I-ta-li-a) Hình 7.9. Một góc thành phố Phờ-lo-ren (I-ta-li-,question: Hình 7.8. Một hội chợ ở Sãm-pa-nhơ (Pháp) thời trung đại (tranh vẽ) Hình 7.9. Một góc thành phố Phờ-lo-ren (I-ta-li-a) Hình 7.9. Một góc thành phố Phờ-lo-ren (I-ta-li-a) Hình 7.9. Một góc thành phố Phờ-lo-ren (I-ta-li-a) Hình 7.9. Một góc thành phố Phờ-lo-ren (I-ta-li-,0.6944
7,RAG_Chunking,5,"question: Khách sạn Ritz được xếp vào hạng gì? answer: "" palace "" - đặc biệt sang trọng - cùng năm khách sạn khác: Bristol, George V, Meurice, Plaza Athénée và Fouquet's Barrière","question: Khách sạn Ritz được xếp vào hạng gì? answer: "" palace "" - đặc biệt sang trọng - cùng năm khách sạn khác: Bristol, George V, Meurice, Plaza Athénée và Fouquet's Barrière",0.7418
8,Chunking_Only,1,question: Cuộc xung đột năm 1991 được gọi là gì? answer: Chiến tranh Vùng Vịnh lần thứ nhất,question: Cuộc xung đột năm 1991 được gọi là gì? answer: Chiến tranh Vùng Vịnh lần thứ nhất,0.7755
8,Chunking_Only,2,"question: Cuộc xung đột năm 1991 được gọi là gì? answer: Chiến dịch ""Lá chắn sa mạc"" (Desert Shield) và ""Bão táp sa mạc"" (Desert Storm) và ở Anh là Chiến dịch Granby","question: Cuộc xung đột năm 1991 được gọi là gì? answer: Chiến dịch ""Lá chắn sa mạc"" (Desert Shield) và ""Bão táp sa mạc"" (Desert Storm) và ở Anh là Chiến dịch Granby",0.6854
8,Chunking_Only,3,question: Tên gọi khác của chiến tranh giải phóng Kuwait là gì? answer: Um M'arak,question: Tên gọi khác của chiến tranh giải phóng Kuwait là gì? answer: Um M'arak,0.8149
8,RAG_Chunking,1,"question: Answer: Hoạt động đối ngoại chủ yếu trong kháng chiến chống Mỹ (1954-1975): - Đấu tranh yêu cầu thực hiện Hiệp định Genève. - Củng cố quan hệ với các nước xã hội chủ nghĩa. - Tăng cường đoàn kết ba nước Đông Dương. - Đàm phán, ký Hiệp định Paris (1973). - Mở rộng quan hệ ngoại giao, đẩy mạnh đối ngoại nhân dân","question: Hoạt động đối ngoại chủ yếu trong kháng chiến chống Mỹ là gì? answer: Đấu tranh yêu cầu thực hiện Hiệp định Genève. - Củng cố quan hệ với các nước xã hội chủ nghĩa. - Tăng cường đoàn kết ba nước Đông Dương. - Đàm phán, ký Hiệp định Paris (1973). - Mở rộng quan hệ ngoại giao, đẩy mạnh đối ngoại nhân dân",0.9207
8,RAG_Chunking,2,"question: Các giai đoạn chính của Miền Bắc là gì? answer: 1. 1954 - 1960: Miền Bắc khôi phục kinh tế, cải cách ruộng đất, cải tạo XHCN","question: Các giai đoạn chính của Miền Bắc là gì? answer: 1. 1954 - 1960: Miền Bắc khôi phục kinh tế, cải cách ruộng đất, cải tạo XHCN. Miền Nam đấu tranh chính trị, chuẩn bị Đồng khởi. 2. 1961 - 1965: Miền Bắc xây dựng CNXH",0.7494
8,RAG_Chunking,3,"question: Miền Bắc xây dựng CNXH bằng cách nào? answer: chống ""Chiến tranh cục bộ"", Tổng tiến công Tết Mậu Thân 1968","question: Miền Bắc xây dựng CNXH bằng cách nào? answer: chống ""Chiến tranh cục bộ"", Tổng tiến công Tết Mậu Thân 1968",0.6128
8,RAG_Chunking,4,"question: Từ ""Chiến dịch Iraq tự do"" ngày 22 tháng 3 năm 2014 có nghĩa là gì? answer: nghĩa là gì? answer: Chiến dịch Hồ Chí Minh, giải phóng hoàn toàn miền Nam ngày 30-4-1975","question: Từ ""Chiến dịch Iraq tự do"" ngày 22 tháng 3 năm 2014 có nghĩa là gì? answer: Chiến dịch Hồ Chí Minh, giải phóng hoàn toàn miền Nam ngày 30-4-1975",0.652
8,RAG_Chunking,5,"question: Các cuộc xung đột thường được gọi là gì? answer: Harb Tahrir al-Kuwait hay ""Chiến tranh giải phóng Kuwait""",question: Cuộc chiến thường được gọi là gì? answer: Um M'arak,0.6164
9,Chunking_Only,1,question: Tổng thống Rwanda Juvénal Habyarimana là ai? answer: người bị ám sát ngày 6 tháng 4 năm 1994 khi đang ở trong một chiếc Dassault Falcon 50 được Mitterrand tặng ông,question: Tổng thống Rwanda Juvénal Habyarimana là ai? answer: người bị ám sát ngày 6 tháng 4 năm 1994 khi đang ở trong một chiếc Dassault Falcon 50 được Mitterrand tặng ông,0.7511
9,Chunking_Only,2,"question: Quân đội Rwandan đã phát triển như thế nào? answer: phát triển từ một lực lượng 9,000 người vào tháng 10 năm 1990 lên tới 28,000 người năm 1991","question: Quân đội Rwandan đã phát triển như thế nào? answer: phát triển từ một lực lượng 9,000 người vào tháng 10 năm 1990 lên tới 28,000 người năm 1991",0.7695
9,RAG_Chunking,1,"question: Hoạt động đối ngoại chủ yếu trong kháng chiến chống Pháp là gì? answer: Hoạt động đối ngoại chủ yếu trong kháng chiến chống Pháp (1945-1954): - Chủ tịch Hồ Chí Minh gửi thư, công hàm khẳng định tính hợp pháp của nhà nước Việt Nam Dân chủ Cộng hòa. - Chủ tịch Hồ Chí Minh gửi thư, công hàm khẳng định tính hợp pháp của nhà nước Việt Nam Dân chủ Cộng hòa. - Chủ tịch Hồ Chí Minh gửi thư, công hàm khẳng định tính hợp pháp của nhà nước Việt Nam Dân chủ Cộng hòa","question: Hoạt động đối ngoại chủ yếu trong kháng chiến chống Pháp là gì? answer: Hoạt động đối ngoại chủ yếu trong kháng chiến chống Pháp (1945-1954): - Chủ tịch Hồ Chí Minh gửi thư, công hàm khẳng định tính hợp pháp của nhà nước Việt Nam Dân chủ Cộng hòa. - Chủ tịch Hồ Chí Minh gửi thư, công hàm khẳng định tính hợp pháp của nhà nước Việt Nam Dân chủ Cộng hòa. - Chủ tịch Hồ Chí Minh gửi thư, công hàm khẳng định tính hợp pháp của nhà nước Việt Nam Dân chủ Cộng hòa",0.8775
9,RAG_Chunking,2,question: Các bài học lịch sử của các cuộc kháng chiến bảo vệ Tổ quốc từ năm 1945 đến nay là gì? answer: Các bài học lịch sử của các cuộc kháng chiến bảo vệ Tổ quốc từ năm 1945 đến nay là gì? answer: Các bài học lịch sử của các cuộc kháng chiến bảo vệ Tổ quốc từ năm 1945 đến nay là gì? answer: Các bài học lịch sử của các cuộc kháng chiến bảo vệ Tổ quốc từ năm 1945 đến nay là gì? answer: Các bài học lịch sử của các,question: Các bài học lịch sử của các cuộc kháng chiến bảo vệ Tổ quốc từ năm 1945 đến nay là gì? answer: Các bài học lịch sử của các cuộc kháng chiến bảo vệ Tổ quốc từ năm 1945 đến nay,0.6129
9,RAG_Chunking,3,question: Từ năm 1975 đến năm 1975 thì hoạt động đối ngoại của Việt Nam là từ năm nào? answer: từ năm nào đến nay,question: Từ năm 1975 đến năm 1975: 73 - Bài 13: Hoạt động đối ngoại của Việt Nam từ năm 1975 đến nay là từ năm nào? answer: từ năm 1975 đến nay,0.8181
9,RAG_Chunking,4,"question: Paris ủng hộ tổng thống Rwanda Juvénal Habyarimana như thế nào? answer: Paris ủng hộ tổng thống Rwanda Juvénal Habyarimana, người bị ám sát ngày 6 tháng 4 năm 1994 khi đang ở trong một chiếc Dassault Falcon 50 được Mitterrand tặng ông",question: Paris ủng hộ tổng thống Rwanda Juvénal Habyarimana như thế nào? answer: bị ám sát ngày 6 tháng 4 năm 1994 khi đang ở trong một chiếc Dassault Falcon 50 được Mitterrand tặng ông,0.8229
9,RAG_Chunking,5,"question: Nhờ đâu mà quân đội Rwandan đã phát triển từ một lực lượng 9,000 người vào tháng 10 năm 1990 lên tới 28,000 người năm 1991? answer: Nhờ sự giúp đỡ của ai mà quân đội Rwandan đã phát triển từ một lực lượng 9,000 người vào tháng 10 năm 1990 lên tới 28,000 người năm 1991","question: Nhờ sự giúp đỡ của ai mà quân đội Rwandan đã phát triển từ một lực lượng 9,000 người vào tháng 10 năm 1990 lên tới 28,000 người năm 1991? answer: Pháp",0.7198
9,RAG_Chunking,6,question: Một chiến dịch quân sự được tiến hành theo sự uỷ nhiệm của tổ chức nào? answer: Liên hợp quốc (UN) mandate,question: Chiến dịch quân sự được tiến hành theo sự uỷ nhiệm của tổ chức nào? answer: Liên hợp quốc (UN) mandate,0.7744
10,Chunking_Only,1,question: Cộng hòa Nam Ossetia là sự pha trộn của những gì? answer: những thị trấn và làng mạc nơi sinh sống của người Gruzia và người Ossetia,question: Cộng hòa Nam Ossetia là sự pha trộn của những gì? answer: những thị trấn và làng mạc nơi sinh sống của người Gruzia và người Ossetia,0.8351
10,Chunking_Only,2,question: Vì sao cuộc xung đột ở Nam Ossetia trở nên đặc biệt nguy hiểm? answer: bởi bất kỳ nỗ lực nào nhằm thanh lọc sắc tộc đều có thể dẫn tới một cuộc di dân ở quy mô lớn,question: Vì sao cuộc xung đột ở Nam Ossetia trở nên đặc biệt nguy hiểm? answer: bởi bất kỳ nỗ lực nào nhằm thanh lọc sắc tộc đều có thể dẫn tới một cuộc di dân ở quy mô lớn,0.8999
10,RAG_Chunking,1,"question: Tổ chức xã hội cơ bản của cư dân Đông Nam Á là gì? answer: làng (với tên gọi khác nhau ở mỗi vùng, miền)","question: Tổ chức xã hội cơ bản của cư dân Đông Nam Á là gì? answer: làng (với tên gọi khác nhau ở mỗi vùng, miền)",0.8675
10,RAG_Chunking,2,"question: Điểm chung của hai nền văn minh Hy Lạp và La Mã là gì? answer: hình thành ở ven biển, đồng bằng nhỏ hẹp, đất đai khô cằn... nên khi có công cụ lao động bằng sắt mới xuất hiện nền văn minh","question: Điểm chung của hai nền văn minh Hy Lạp và La Mã là gì? answer: hình thành ở ven biển, đồng bằng nhỏ hẹp, đất đai khô cằn... nên khi có công cụ lao động bằng sắt mới xuất hiện nền văn minh",0.863
10,RAG_Chunking,3,question: Vì sao thành phần tộc người ở Đông Nam Á rất phong phú? answer: Mỗi loại hình nhân chủng trên và sự pha trộn giữa các nhóm đã hình thành nên những tộc người khác nhau,question: Vì sao thành phần tộc người ở Đông Nam Á rất phong phú? answer: Mỗi loại hình nhân chủng trên và sự pha trộn giữa các nhóm đã hình thành nên những tộc người khác nhau,0.8122
10,RAG_Chunking,4,question: Cộng hòa Nam Ossetia là sự pha trộn của những gì? answer: những thị trấn và làng mạc nơi sinh sống của người Gruzia và người Ossetia,question: Cộng hòa Nam Ossetia là sự pha trộn của những gì? answer: những thị trấn và làng mạc nơi sinh sống của người Gruzia và người Ossetia,0.8246
10,RAG_Chunking,5,question: Vì sao cuộc xung đột ở Nam Ossetia trở nên đặc biệt nguy hiểm? answer: bởi bất kỳ nỗ lực nào nhằm thanh lọc sắc tộc đều có thể dẫn tới một cuộc di dân ở quy mô lớn,question: Vì sao cuộc xung đột ở Nam Ossetia trở nên đặc biệt nguy hiểm? answer: bởi bất kỳ nỗ lực nào nhằm thanh lọc sắc tộc đều có thể dẫn tới một cuộc di dân ở quy mô lớn,0.7643
11,Chunking_Only,1,question: Khi nào Roosevelt qua đời? answer: Khi hay tin Roosevelt qua đời,question: Khi nào Roosevelt qua đời? answer: Khi hay tin Roosevelt qua đời thì Bộ trưởng Bộ Tuyên truyền Đức Quốc xã là Paul Joseph Gbbels trở nên vui sướng,0.6099
11,Chunking_Only,2,question: Ông ta ra lệnh cho mang rượu sâm-banh đến và còn gọi điện đến Quốc trưởng Adolf Hitler để làm gì? answer: answer: Answer: Ông ta ra lệnh cho mang rượu sâm-banh đến và còn gọi điện đến Quốc trưởng Adolf Hitler,question: Ông ta ra lệnh cho mang rượu sâm-banh đến và còn gọi điện đến Quốc trưởng Adolf Hitler để làm gì? answer: Ông ta ra lệnh cho mang rượu sâm-banh đến và còn gọi điện đến Quốc trưởng Adolf Hitler,0.905
11,RAG_Chunking,1,"question: Ý nghĩa lịch sử của Cách mạng Tháng Tám năm 1945 là gì? answer: mở ra bước ngoặt lớn của dân tộc: đập tan ách cai trị hơn 80 năm của thực dân Pháp và 5 năm của phát xít Nhật, chấm dứt vĩnh viễn chế độ quân chủ ở Việt Nam","question: Ý nghĩa lịch sử của Cách mạng Tháng Tám năm 1945 là gì? answer: mở ra bước ngoặt lớn của dân tộc: đập tan ách cai trị hơn 80 năm của thực dân Pháp và 5 năm của phát xít Nhật, chấm dứt vĩnh viễn chế độ quân chủ ở Việt Nam",0.9059
11,RAG_Chunking,2,"question: Kỷ nguyên mới của Việt Nam là gì? answer: độc lập, tự do, nhân dân lao động nắm chính quyền, làm chủ đất nước; giải phóng dân tộc gắn liền với giải phóng xã hội","question: Kỷ nguyên mới của Việt Nam là gì? answer: độc lập, tự do, nhân dân lao động nắm chính quyền, làm chủ đất nước; giải phóng dân tộc gắn liền với giải phóng xã hội",0.816
11,RAG_Chunking,3,question: Nguyên nhân dẫn tới thắng lợi của Cách mạng Tháng Tám năm 1945 là gì? answer: Sự chuẩn bị chu đáo về lực lượng chính trị và lực lượng vũ trang,question: Nguyên nhân dẫn tới thắng lợi của Cách mạng Tháng Tám năm 1945 là gì? answer: Sự lãnh đạo đúng đắn của Đảng Cộng sản Đông Dương đứng đầu là Chủ tịch Hồ Chí Minh,0.922
11,RAG_Chunking,4,"question: Trong quá trình làm vua, Minh Mạng thể hiện điều gì? answer: thể hiện là người có năng l answer: Trong quá trình làm vua, Minh Mạng thể hiện là người có năng l answer: Trong quá trình làm vua, Minh Mạng thể hiện là người có năng l answer: Trong quá trình làm vua, Minh Mạng thể hiện là người có năng l answer: Trong quá trình làm vua, Minh Mạng thể hiện là người có năng l answer: Trong quá trình làm vua, Minh Mạng thể hiện là người có năng l answer:","question: Minh Mạng là ai? answer: là hoàng tử thứ tư của vua Gia Long, trị vì từ năm 1820 đến khi qua đời năm 1841",0.6017
11,RAG_Chunking,5,"question: Từ cuối những năm 20 của thế kỉ XIX, Minh Mạng đã có những chính sách cải cách quan trọng nào? answer: tiến hành nhiều chính sách cải cách quan trọng về mặt hành chính, đưa đến những thay đổi lớn đối với hệ thống chính quyền các cấp","question: Từ cuối những năm 20 của thế kỉ XIX, Minh Mạng đã có những chính sách cải cách quan trọng nào? answer: tiến hành nhiều chính sách cải cách quan trọng về mặt hành chính, đưa đến những thay đổi lớn đối với hệ thống chính quyền các cấp",0.7113
11,RAG_Chunking,6,question: Quốc trưởng Adolf Hitler đã làm gì khi ông ta ra lệnh cho mang rượu sâm-banh đến? answer: ông ta ra lệnh cho mang rượu sâm-banh đến và còn gọi điện đến Quốc trưởng Adolf Hitler,question: Quốc trưởng Adolf Hitler đã làm gì khi ông ta ra lệnh cho mang rượu sâm-banh đến? answer: Ông ta ra lệnh cho mang rượu sâm-banh đến và còn gọi điện đến Quốc trưởng Adolf Hitler,0.8274
12,Chunking_Only,1,"question: Khi lên nhậm chức, Mitterrand đã có những động thái gì? answer: Mitterrand đã bãi bỏ hình phạt tử hình ngay khi lên nhậm chức (thông qua Đạo luật Badinter), cũng như ""Đạo luật anti-casseurs"" quy định việc quy trách nhiệm cho các hành động bạo lực trong các cuộc biểu tình","question: Khi lên nhậm chức, Mitterrand đã có những động thái gì? answer: Mitterrand đã bãi bỏ hình phạt tử hình ngay khi lên nhậm chức (thông qua Đạo luật Badinter), cũng như ""Đạo luật anti-casseurs"" quy định việc quy trách nhiệm cho các hành động bạo lực trong các cuộc biểu tình",0.8401
12,Chunking_Only,2,"question: Những bộ luật phi tập trung đầu tiên của Mitterrand là gì? answer: Đạo luật Defferre và tự do hoá truyền thông, lập ra CSA cơ quan quản lý truyền thông, và cho phép đài truyền thanh tư nhân và kênh truyền hình tư nhân đầu tiên (Canal+)","question: Những bộ luật phi tập trung đầu tiên của Mitterrand là gì? answer: Đạo luật Defferre và tự do hoá truyền thông, lập ra CSA cơ quan quản lý truyền thông, và cho phép đài truyền thanh tư nhân và kênh truyền hình tư nhân đầu tiên (Canal+)",0.8372
12,Chunking_Only,3,question: Mitterrand trở thành một công dân danh dự của Belgrade vào năm nào? answer: Năm 1983,question: Mitterrand trở thành một công dân danh dự của Belgrade vào năm nào? answer: Năm 1983,0.7462
12,RAG_Chunking,1,"question: Việc làm sách Hình luật của mỗi triều đại được thực hiện như thế nào? answer: Sách làm xong, xuống chiếu ban hành, dân lấy làm tiện. (Đại Việt sử ký toàn thư - Ngô Sĩ Liên và các sử thần triều Hậu Lê) [3. Một số cuộc kháng chiến không thành công] [Năm 1397] Lộ đặt chức 1n phủ sứ và 1n phủ phó sứ. Phủ đặt chức Trấn phủ sứ và Trấn phủ phó sứ. Châu đặt chức Thông phán và Thiêm phán. Huyện đặt chức Lệnh uý và Chủ bạ để cai tr","question: Việc làm sách Hình luật của mỗi triều đại được thực hiện như thế nào? answer: Sách làm xong, xuống chiếu ban hành, dân lấy làm tiện. (Đại Việt sử ký toàn thư - Ngô Sĩ Liên và các sử thần triều Hậu Lê) [3. Một số cuộc kháng chiến không thành công] [Năm 1397] Lộ đặt chức 1n phủ sứ và 1n phủ phó sứ. Lộ đặt chức Trấn phủ sứ và Trấn phủ phó sứ. Châu đặt chức Thông phán và Thiêm phán. Huyện đặt chức Lệnh uý và Chủ bạ để cai tr",0.8982
12,RAG_Chunking,2,"question: Các việc hộ tịch, tiền thóc, ngục tụng đều làm chung thành số sách của một lộ, đến cuối năm báo lên sảnh để làm bằng cứ mà khảo xét..... (Ngô Sĩ Liên và các sử thần triều Hậu Lê, Đại Việt sử ký toàn thư, Tập 2, NXB Khoa học xã hội, tr.192). (Ngô Sĩ Liên và các sử thần triều Hậu Lê, Đại Việt sử ký toàn thư, Tập 2, NXB Khoa học xã hội, tr.192). (Ngô Sĩ Liên và các sử thần triều Hậu Lê, Đại","question: Các việc hộ tịch, tiền thóc, ngục tụng đều làm chung thành số sách của một lộ, đến cuối năm báo lên sảnh để làm bằng cứ mà khảo xét..... (Ngô Sĩ Liên và các sử thần triều Hậu Lê, Đại Việt sử ký toàn thư, Tập 2, NXB Khoa học xã hội, tr.192). (Ngô Sĩ Liên và các sử thần triều Hậu Lê, Đại Việt sử ký toàn thư, Tập 2, NXB Khoa học xã hội, tr.192). (Ngô Sĩ Liên và các sử thần triều Hậu Lê, Đại",0.842
12,RAG_Chunking,3,"question: Mối hại ngày nay có thể là gì? answer: do gây bè cánh, tiến cử không công bằng, có thể vì cậy thế công thân nơi tiềm để cho vợ con chạy chọt nhờ vả nơi quyền thế, có thể do để bạn gia nô làm hại dân lành, hay thậm thịt ở các nhà qủi","question: Mối hại ngày nay có thể là gì? answer: do gây bè cánh, tiến cử không công bằng, có thể vì cậy thế công thân nơi tiềm để cho vợ con chạy chọt nhờ vả nơi quyền thế, có thể do để bạn gia nô làm hại dân lành, hay thậm thịt ở các nhà qủi",0.786
12,RAG_Chunking,4,"question: Answer: chạy chọt nhờ vả nơi quyền thế, có thể do để bạn gia nô làm hại dân lành, hay thậm thịt ở các nhà quyền thế để xin khỏi tội...","question: Vì sao Mitterrand đã bãi bỏ hình phạt tử hình? answer: chạy chọt nhờ vả nơi quyền thế, có thể do để bạn gia nô làm hại dân lành, hay thậm thịt ở các nhà quyền thế để xin khỏi tội...",0.8246
13,Chunking_Only,1,question: Trong khi Balzac quan tâm đến tầng lớp cao của xã hội thì một vài tác giả khác lại chú ý đến tầng lớp bình dân của Paris? answer: một vài tác giả khác lại chú ý đến tầng lớp bình dân của Paris,question: Trong khi Balzac quan tâm đến tầng lớp cao của xã hội thì một vài tác giả khác lại chú ý đến tầng lớp bình dân của Paris? answer: một vài tác giả khác lại chú ý đến tầng lớp bình dân của Paris,0.7266
13,Chunking_Only,2,question: Victor Hugo đã xuất bản tác phẩm nào? answer: Những người khốn khổ (Les Misérables),question: Victor Hugo đã xuất bản tác phẩm nào? answer: Những người khốn khổ (Les Misérables),0.7244
13,RAG_Chunking,1,"question: Những người cực khổ nhất trong xã hội là những người như thế nào? answer: không có ruộng đất, bị nhiều tầng lớp áp bức bóc lột","question: Những người cực khổ nhất trong xã hội là những người như thế nào? answer: không có ruộng đất, bị nhiều tầng lớp áp bức bóc lột",0.7183
13,RAG_Chunking,2,question: Vì sao nền kinh tế Đàng Trong rơi vào khủng hoảng? answer: Do chế độ thuế khoá nặng nề và ngoại thương suy tàn,question: Vì sao nền kinh tế Đàng Trong rơi vào khủng hoảng? answer: Do chế độ thuế khoá nặng nề và ngoại thương suy tàn,0.6588
13,RAG_Chunking,3,question: Những bài học lịch sử của các cuộc kháng chiến bảo vệ Tổ quốc từ năm 1945 đến nay là gì? answer: Những bài học lịch sử của các cuộc kháng chiến bảo vệ Tổ quốc từ năm 1945 đến nay là gì? answer: Những bài học lịch sử của các cuộc kháng chiến bảo vệ Tổ quốc từ năm 1945 đến nay: 52 - Bài 10: Khái quát về công cuộc Đổi mới từ năm 1986 đến nay: 60 - Bài 11: Thành tựu cơ bản và bài học của công cuộc Đổi mới,question: Những bài học lịch sử của các cuộc kháng chiến bảo vệ Tổ quốc từ năm 1945 đến nay là gì? answer: Các bài học lịch sử của các cuộc kháng chiến bảo vệ Tổ quốc từ năm 1945 đến nay: 52 - Bài 10: Khái quát về công cuộc Đổi mới từ năm 1986 đến nay: 52 - Bài 10: Khái quát về công cuộc Đổi mới từ năm 1986 đến nay: 60 - Bài 11: Thành tựu cơ bản và bài học của công cuộc Đổi mới,0.7755
13,RAG_Chunking,4,question: Thành tựu cơ bản và bài học của công cuộc Đổi mới ở Việt Nam từ năm 1986 đến nay là gì? answer: từ năm 1986 đến nay,question: Thành tựu cơ bản và bài học của công cuộc Đổi mới ở Việt Nam từ năm 1986 đến nay là gì? answer: Thành tựu cơ bản và bài học của công cuộc Đổi mới ở Việt Nam từ năm 1986 đến nay: 60 - Bài 11: Thành tựu cơ bản và bài học của công cuộc Đổi mới ở Việt Nam từ năm 1986 đến nay: 60 - Bài 11: Thành tựu cơ bản và bài học của công cuộc Đổi mới ở Việt Nam từ năm 1986 đến nay: 65,0.8794
13,RAG_Chunking,5,question: Ai là tác giả của tác phẩm Bí mật thành Paris? answer: Eugène Sue,question: Ai là tác giả của tác phẩm Bí mật thành Paris? answer: Eugène Sue,0.7014
13,RAG_Chunking,6,question: Tác phẩm nào của Victor Hugo đã giúp độc giả khắp thế giới biết đến nhà thờ nổi tiếng của thành phố? answer: Nhà thờ Đức Bà Paris (Notre-Dame de Paris),question: Tác phẩm nào của Victor Hugo đã giúp độc giả khắp thế giới biết đến nhà thờ nổi tiếng của thành phố? answer: Nhà thờ Đức Bà Paris (Notre-Dame de Paris),0.7598
14,Chunking_Only,1,question: Các giáo phụ thời kỳ đầu đã can đảm sử dụng triết học Hy Lạp để làm gì? answer: giải thích các mầu nhiệm Ki-tô giáo,question: Các giáo phụ thời kỳ đầu đã can đảm sử dụng triết học Hy Lạp để làm gì? answer: rao giảng thành công tín lý Ki-tô giáo cũng như để thuyết phục người ngoại giáo đến với giáo hội,0.775
14,Chunking_Only,2,"question: triết học Hy Lạp cung cấp những thuật ngữ, triết lý gì để các nhà tư tưởng Ki-tô giáo trình bày thần học? answer: triết học Hy Lạp cung cấp những thuật ngữ, triết lý để các nhà tư tưởng Ki-tô giáo trình bày thần học","question: Triết học Hy Lạp cung cấp những thuật ngữ, triết lý gì để các nhà tư tưởng Ki-tô giáo trình bày thần học? answer: khái niệm Logos của Heraclitus và thuyết ý niệm của Plato đã được sử dụng để giải thích mầu nhiệm nhập thể của Ngôi Lời",0.8573
14,RAG_Chunking,1,"question: Nho giáo có vai trò như thế nào đối với triều đình nhà Lê? answer: Nho giáo được nâng lên địa vị độc tôn, trở thành hệ tư tưởng chính thống của nhà nước quân chủ, góp phần quan trọng vào việc đào tạo đội ngũ trí thức, quan lại và bồi dưỡng những người hiền tài","question: Nho giáo có vai trò như thế nào đối với triều đình nhà Lê? answer: Nho giáo được nâng lên địa vị độc tôn, trở thành hệ tư tưởng chính thống của nhà nước quân chủ, góp phần quan trọng vào việc đào tạo đội ngũ trí thức, quan lại và bồi dưỡng những người hiền tài",0.7316
14,RAG_Chunking,2,question: Người đầu tiên khởi xướng Nho giáo là ai? answer: Khổng Tử,question: Người đầu tiên khởi xướng Nho giáo là ai? answer: Khổng Tử,0.7267
14,RAG_Chunking,3,question: Cuộc viễn chinh về phía đông của A-lếch-xăng-đờ-rốt Đại đế có ý nghĩa như thế nào? answer: thúc đẩy mạnh mẽ sự giao lưu văn hoá giữa Hy Lạp và phương Đông,question: Cuộc viễn chinh về phía đông của A-lếch-xăng-đờ-rốt Đại đế có ý nghĩa như thế nào? answer: thúc đẩy mạnh mẽ sự giao lưu văn hoá giữa Hy Lạp và phương Đông,0.8417
14,RAG_Chunking,4,question: Xê-da đã mời các nhà toán học và thiên văn học Ai Cập đến Rô-ma để làm gì? answer: cải cách lịch,question: Xê-da đã mời các nhà toán học và thiên văn học Ai Cập đến Rô-ma để làm gì? answer: cải cách lịch,0.7141
14,RAG_Chunking,5,question: Các giáo phụ thời kỳ đầu đã can đảm sử dụng triết học Hy Lạp để làm gì? answer: rao giảng thành công tín lý Ki-tô giáo cũng như để thuyết phục người ngoại giáo đến với giáo hội,question: Các giáo phụ thời kỳ đầu đã can đảm sử dụng triết học Hy Lạp để làm gì? answer: rao giảng thành công tín lý Ki-tô giáo cũng như để thuyết phục người ngoại giáo đến với giáo hội,0.8569
14,RAG_Chunking,6,question: Ai là người đã trở thành nữ tỳ phục vụ nữ hoàng thần học Ki-tô giáo? answer: triết học Hy Lạp,question: Ai đã trở thành nữ tỳ phục vụ nữ hoàng thần học Ki-tô giáo? answer: triết học Hy Lạp,0.7126
15,Chunking_Only,1,question: Vì sao nước biển có độ mặn không đồng đều trên toàn cầu? answer: do nhiệt độ cao và sự tuần hoàn bị hạn chế đễ dàng pha trộn với nước ngọt đổ ra từ các con sông hay gần các sông băng đang tan chảy,question: Vì sao nước biển có độ mặn không đồng đều trên toàn cầu? answer: do nhiệt độ cao và sự tuần hoàn bị hạn chế đễ dàng pha trộn với nước ngọt đổ ra từ các con sông hay gần các sông băng đang tan chảy,0.7642
15,Chunking_Only,2,question: Độ mặn cao nhất của nước biển trong các biển cô lập (biển kín) là bao nhiêu? answer: là bao nhiêu? answer: là bao nhiêu? answer: cao hơn một cách đáng kể,question: Độ mặn cao nhất của nước biển trong các biển cô lập (biển kín) là bao nhiêu? answer: cao hơn một cách đáng kể,0.6808
15,RAG_Chunking,1,"question: Vì sao cư dân Phù Nam sớm có điều kiện giao thương? answer: Với vị trí địa lí tiếp giáp biển, có nhiều nơi thuận lợi cho việc tránh bão, neo đậu thuyền bè của các thương nhân","question: Vì sao cư dân Phù Nam sớm có điều kiện giao thương? answer: Với vị trí địa lí tiếp giáp biển, có nhiều nơi thuận lợi cho việc tránh bão, neo đậu thuyền bè của các thương nhân",0.6659
15,RAG_Chunking,2,question: Khu vực Nam Âu có những bán đảo nào? answer: bán đảo Ban-căng và bán đảo I-ta-li-a,question: Khu vực Nam Âu có những bán đảo nào? answer: bán đảo Ban-căng và bán đảo I-ta-li-a,0.6116
15,RAG_Chunking,3,"question: Những điều kiện tự nhiên nào tạo thuận lợi cho sự phát triển của thủ công nghiệp, thương nghiệp và hàng hải? answer: Phần lớn lãnh thổ là đồi núi, xen giữa là những cánh đồng nhỏ hẹp; đất đai khô cằn, trong lòng đất có nhiều khoáng sản, bờ biển khúc khuỷu có nhiều vũng, vịnh","question: Những điều kiện tự nhiên nào tạo thuận lợi cho sự phát triển của thủ công nghiệp, thương nghiệp và hàng hải? answer: Phần lớn lãnh thổ là đồi núi, xen giữa là những cánh đồng nhỏ hẹp; đất đai khô cằn, trong lòng đất có nhiều khoáng sản, bờ biển khúc khuỷu có nhiều vũng, vịnh",0.7736
15,RAG_Chunking,4,question: Biển Đông có vai trò như thế nào đối với Việt Nam? answer: Biển Đông cũng là con đường giao thương giữa các khu vực trong cả nước và giữa Việt Nam với thị trường khu vực và quốc tế,question: Biển Đông có vai trò như thế nào đối với Việt Nam? answer: Biển Đông cũng là con đường giao thương giữa các khu vực trong cả nước và giữa Việt Nam với thị trường khu vực và quốc tế,0.887
15,RAG_Chunking,5,question: Tại sao nước biển có độ mặn không đồng đều trên toàn cầu? answer: Khi sự pha trộn với nước ngọt đổ ra từ các con sông hay gần các sông băng đang tan chảy thì nước biển nhạt hơn một cách đáng kể,question: Tại sao nước biển có độ mặn không đồng đều trên toàn cầu? answer: Khi sự pha trộn với nước ngọt đổ ra từ các con sông hay gần các sông băng đang tan chảy thì nước biển nhạt hơn một cách đáng kể,0.7449
15,RAG_Chunking,6,question: Độ mặn cao nhất của nước biển trong các biển cô lập (biển kín) là gì? answer: biển Đỏ (Hồng Hải),question: Độ mặn cao nhất của nước biển trong các biển cô lập (biển kín) là gì? answer: biển Đỏ (Hồng Hải),0.6338
16,Chunking_Only,1,question: Họ tới Kuwait vào thời gian nào? answer: một ngày trước khi các lực lượng liên quân tiến vào và truyền trực tiếp những hình ảnh các lực lượng Ả Rập (và các nhà báo khác!) tiến vào đó trong ngày hôm sau,question: Họ tới Kuwait vào thời gian nào? answer: một ngày trước khi các lực lượng liên quân tiến vào và truyền trực tiếp những hình ảnh các lực lượng Ả Rập (và các nhà báo khác!) tiến vào đó trong ngày hôm sau,0.7352
16,RAG_Chunking,1,"question: Thanh sử cáo, Quyển 527 theo: Châu Hải Đường, Việt Nam truyện, ghi chép về Việt Nam trong chính sử Trung Quốc xưa, NXB Hội Nhà văn, tr.141) (Thanh sử cáo, Quyển 527 theo: Châu Hải Đường, Việt Nam truyện, ghi chép về Việt Nam trong chính sử Trung Quốc xưa, NXB Hội Nhà văn, tr.141) (Thanh sử cáo, Quyển 527 theo: Châu Hải Đường, Việt Nam truyện, ghi chép về Việt Nam trong chính sử Trung Quốc xưa, NXB Hội Nhà văn, tr.","question: Thanh sử cáo, Quyển 527 theo: Châu Hải Đường, Việt Nam truyện, ghi chép về Việt Nam trong chính sử Trung Quốc xưa, NXB Hội Nhà văn, tr.141) (Thanh sử cáo, Quyển 527, theo: Châu Hải Đường, Việt Nam truyện, ghi chép về Việt Nam trong chính sử Trung Quốc xưa, NXB Hội Nhà văn, tr.141) (Thanh sử cáo, Quyển 527, theo: Châu Hải Đường, Việt Nam truyện, ghi chép về Việt Nam trong chính sử Trung Quốc xưa, NXB Hội Nhà văn,",0.7148
16,RAG_Chunking,2,question: Tôn Sĩ Nghị đã làm gì khi nghe tin quân Nguyễn Huệ đã đến nơi? answer: chặt cầu phao để đở quân địch,question: Tôn Sĩ Nghị đã làm gì khi nghe tin quân Nguyễn Huệ đã đến nơi? answer: chặt cầu phao để đở quân địch,0.7909
16,RAG_Chunking,3,question: Sự phát triển mạnh mẽ về viễn thông và công nghệ thông tin đã đem lại lợi ích gì cho Việt Nam? answer: đây là một thuận lợi rất lớn về hạ tầng cho Việt Nam trong cuộc Cách mạng công nghiệp 4.0,question: Sự phát triển mạnh mẽ về viễn thông và công nghệ thông tin đã đem lại lợi ích gì cho Việt Nam? answer: đây là một thuận lợi rất lớn về hạ tầng cho Việt Nam trong cuộc Cách mạng công nghiệp 4.0,0.8376
16,RAG_Chunking,4,question: Việc đưa tin nhanh nhạy về cuộc chiến được xem là một thuận lợi như thế nào? answer: thuận lợi rất lớn về hạ tầng cho Việt Nam trong cuộc Cách mạng công nghiệp 4.0,question: Việc đưa tin nhanh nhạy về cuộc chiến được xem là một thuận lợi như thế nào? answer: thuận lợi rất lớn về hạ tầng cho Việt Nam trong cuộc Cách mạng công nghiệp 4.0,0.6935
16,RAG_Chunking,5,question: Khi nào đoàn phóng viên CBS News tới Kuwait? answer: một ngày trước khi các lực lượng liên quân tiến vào và truyền trực tiếp những hình ảnh các lực lượng Ả Rập (và các nhà báo khác!) tiến vào đó,question: Khi nào đoàn phóng viên CBS News tới Kuwait? answer: một ngày trước khi các lực lượng liên quân tiến vào và truyền trực tiếp những hình ảnh các lực lượng Ả Rập (và các nhà báo khác!) tiến vào đó,0.7972
16,RAG_Chunking,6,question: answer: tiến vào và truyền trực tiếp những hình ảnh các lực lượng Ả Rập (và các nhà báo khác!) tiến vào đó trong ngày hôm sau,question: Hình ảnh các lực lượng Ả Rập được truyền đi như thế nào? answer: tiến vào và truyền trực tiếp những hình ảnh các lực lượng Ả Rập (và các nhà báo khác!) tiến vào đó trong ngày hôm sau,0.8643
17,Chunking_Only,1,"question: Vì sao ngân sách khẩn cấp được tài trợ bằng tiền nợ tăng lên đến 4 answer: Vì khủng hoảng, nợ quốc gia tính theo phần trăm tổng sản lượng quốc gia tăng gấp đôi dưới thời Hoover từ 16% lên đến 33,6% tổng sản lượng quốc gia năm 1932","question: Vì sao ngân sách khẩn cấp được tài trợ bằng tiền nợ? answer: Vì khủng hoảng, nợ quốc gia tính theo phần trăm tổng sản lượng quốc gia tăng gấp đôi dưới thời Hoover từ 16% lên đến 33,6% tổng sản lượng quốc gia năm 1932",0.8071
17,Chunking_Only,2,"question: Ngân sách khẩn cấp được tài trợ bằng cách nào? answer: tiền nợ đang tăng lên đến 40,9% năm 1936","question: Ngân sách khẩn cấp được tài trợ bằng cách nào? answer: tiền nợ đang tăng lên đến 40,9% năm 1936",0.7755
17,RAG_Chunking,1,"question: Các khu công nghiệp nào đã tạo hàng triệu việc làm? answer: Khu chế xuất Tân Thuận (1991) - khu chế xuất đầu tiên Việt Nam, Khu công nghệ cao TP.HCM (2002)","question: Các khu công nghiệp nào đã tạo hàng triệu việc làm? answer: Khu chế xuất Tân Thuận (1991) - khu chế xuất đầu tiên Việt Nam, Khu công nghệ cao TP.HCM (2002)",0.7426
17,RAG_Chunking,2,question: Nền kinh tế Đại Việt sau chiến tranh đã được phục hồi như thế nào? answer: được phục hồi như thế nào? answer: Nền kinh tế Đại Việt sau chiến tranh đã được phục hồi như thế nào? answer: được phục hồi như thế nào? answer: Nền kinh tế Đại Việt sau chiến tranh đã được phục hồi như thế nào? answer: được phục hồi như thế nào? answer: Nền kinh tế Đại Việt sau chiến tranh đã được phục hồi như thế nào? answer: Nền kinh tế Đại Việt sau chiến tranh đã được,"question: Nền kinh tế Đại Việt sau chiến tranh đã được phục hồi như thế nào? answer: xóa đói giảm nghèo từ 25% năm 1992 xuống dưới 1% năm 2020; hệ thống giáo dục, y tế hiện đại",0.7298
17,RAG_Chunking,3,"question: Hậu quả của cuộc kháng chiến là gì? answer: Một bộ phận nông dân thiếu ruộng đất canh tác, nguồn thu của nhà nước bị ảnh hưởng","question: Hậu quả của cuộc kháng chiến là gì? answer: Một bộ phận nông dân thiếu ruộng đất canh tác, nguồn thu của nhà nước bị ảnh hưởng. Trong xã hội, nạn cường hào lộng hành và quan lại tham ô, nhũng nhiễu ngày càng nhức nhối, tình trạng coi thường pháp luật trở nên phổ biến",0.7141
17,RAG_Chunking,4,"question: Bãi dâu triều trước thu bao nhiêu quan? answer: 9 quan hoặc 7 quan tiền, nay thu hạng thượng đẳng mỗi mẫu 3 quan tiền giấy, hạng trung đẳng 2 quan tiền giấy, hạng hạ đẳng 1 quan tiền giấy","question: Bãi dâu triều trước thu bao nhiêu quan? answer: 9 quan hoặc 7 quan tiền, nay thu hạng thượng đẳng mỗi mẫu 3 quan tiền giấy, hạng trung đẳng 2 quan tiền giấy, hạng hạ đẳng 1 quan tiền giấy",0.6173
17,RAG_Chunking,5,"question: Tiền giấy được quy định như thế nào? answer: Tiền nộp hàng năm của đình nam trước thu 3 quan, nay chiếu theo số ruộng, người nào chỉ có 5 sào ruộng thì thu 5 tiền giấy, từ 6 sào đến một mẫu thì thu 1 quan tiền giấy,.. Vĩnh nam không có ruộng và trẻ mồ côi, đàn bà góa, thì đâu có ruộng cũng thôi không thu","question: Tiền nộp hàng năm của đình nam được quy định như thế nào? answer: Tiền nộp hàng năm của đình nam trước thu 3 quan, nay chiếu theo số ruộng, người nào chỉ có 5 sào ruộng thì thu 5 tiền giấy, từ 6 sào đến một mẫu thì thu 1 quan tiền giấy,.. Vĩnh nam không có ruộng và trẻ mồ côi, đàn bà góa, thì đâu có ruộng cũng thôi không thu",0.7346
17,RAG_Chunking,6,"question: Vì sao nợ quốc gia tăng gấp đôi? answer: vì khủng hoảng, nợ quốc gia tính theo phần trăm tổng sản lượng quốc gia tăng gấp đôi dưới thời Hoover từ 16% lên đến 33,6% tổng sản lượng quốc gia năm 1936","question: Vì sao nợ quốc gia tăng gấp đôi? answer: vì khủng hoảng, nợ quốc gia tính theo phần trăm tổng sản lượng quốc gia tăng gấp đôi dưới thời Hoover từ 16% lên đến 33,6% tổng sản lượng quốc gia năm 1936",0.7723
17,RAG_Chunking,7,question: Vào năm nào thì sản lượng quốc gia đã tăng gấp đôi? answer: năm 1932,question: Vào năm nào thì sản lượng quốc gia đã tăng gấp đôi? answer: năm 1932,0.7078
17,RAG_Chunking,8,question: Tình hình nợ quốc gia dưới thời Hoover như thế nào? answer: duy trì ở mức đều đặn dưới thời FDR cho đến khi chiến tranh bắt đầu như được trình bày trong biểu đồ số 1,question: Tình hình nợ quốc gia dưới thời Hoover như thế nào? answer: duy trì ở mức đều đặn dưới thời FDR cho đến khi chiến tranh bắt đầu như được trình bày trong biểu đồ số 1,0.7249
18,Chunking_Only,1,question: Iran-Iraq có mối quan hệ như thế nào với Hoa Kỳ? answer: Iran-Iraq có các mối quan hệ ổn định và Iraq từng là nước đứng đầu một liên minh với Liên bang Xô viết,question: Iran-Iraq có mối quan hệ như thế nào với Hoa Kỳ? answer: Iran-Iraq có các mối quan hệ ổn định và Iraq từng là nước đứng đầu một liên minh với Liên bang Xô viết,0.7831
18,Chunking_Only,2,question: Ai là người đưa Iran vào danh sách các quốc gia ủng hộ khủng bố ngày 29 tháng 12 năm 1979? answer: Abu Nidal,question: Ai là người đưa Iran vào danh sách các quốc gia ủng hộ khủng bố ngày 29 tháng 12 năm 1979? answer: Abu Nidal,0.7805
18,Chunking_Only,3,question: Hoa Kỳ đã đưa Iraq ra khỏi danh sách ủng hộ khủng bố vào thời gian nào? answer: tháng 3 năm 1982,question: Hoa Kỳ đã đưa Iraq ra khỏi danh sách ủng hộ khủng bố vào thời gian nào? answer: tháng 3 năm 1982,0.7138
18,Chunking_Only,4,question: Cựu trợ lý bộ trưởng Quốc phòng Hoa Kỳ Noel Koch đã nhận xét như thế nào về chính sách của Iraq? answer: Không ai có nghi ngờ về việc [người Iraq] tiếp tục dính dáng tới chủ nghĩa khủng bố... Lý do thực sự là để giúp họ giành thắng lợi trong cuộc chiến với Iran,question: Cựu trợ lý bộ trưởng Quốc phòng Hoa Kỳ Noel Koch đã nhận xét như thế nào về chính sách của Iraq? answer: Không ai có nghi ngờ về việc [người Iraq] tiếp tục dính dáng tới chủ nghĩa khủng bố... Lý do thực sự là để giúp họ giành thắng lợi trong cuộc chiến với Iran,0.8758
18,RAG_Chunking,1,"question: Hoạt động đối ngoại chủ yếu trong kháng chiến chống Mỹ là gì? answer: Đấu tranh yêu cầu thực hiện Hiệp định Genève. - Củng cố quan hệ với các nước xã hội chủ nghĩa. - Tăng cường đoàn kết ba nước Đông Dương. - Đàm phán, ký Hiệp định Paris (1973). - Mở rộng quan hệ ngoại giao, đẩy mạnh đối ngoại nhân dân","question: Hoạt động đối ngoại chủ yếu trong kháng chiến chống Mỹ là gì? answer: Đấu tranh yêu cầu thực hiện Hiệp định Genève. - Củng cố quan hệ với các nước xã hội chủ nghĩa. - Tăng cường đoàn kết ba nước Đông Dương. - Đàm phán, ký Hiệp định Paris (1973). - Mở rộng quan hệ ngoại giao, đẩy mạnh đối ngoại nhân dân",0.9126
18,RAG_Chunking,2,"question: Đối với Hoa Kỳ, Iran-Iraq có những mối quan hệ như thế nào? answer: Iran-Iraq có các mối quan hệ ổn định và Iraq từng là nước đứng đầu một liên minh với Liên bang Xô viết","question: Đối với Hoa Kỳ, Iran-Iraq có những mối quan hệ như thế nào? answer: Iran-Iraq có các mối quan hệ ổn định và Iraq từng là nước đứng đầu một liên minh với Liên bang Xô viết",0.754
18,RAG_Chunking,3,question: Hoa Kỳ đã có những động thái gì đối với Iraq? answer: Hoa Kỳ lo ngại tình trạng thù địch của Iraq với Israel và sự không tán thành những hành động hướng tới một nền hòa bình với các nước Ả Rập khác,question: Hoa Kỳ đã có những động thái gì đối với Iraq? answer: Hoa Kỳ lo ngại tình trạng thù địch của Iraq với Israel và sự không tán thành những hành động hướng tới một nền hòa bình với các nước Ả Rập khác,0.8678
18,RAG_Chunking,4,question: Chiến tranh Iran-Iraq diễn ra vào thời gian nào? answer: tháng 3 năm 1982,question: Chiến tranh Iran-Iraq diễn ra vào thời gian nào? answer: tháng 3 năm 1982,0.6597
18,RAG_Chunking,5,question: Hoa Kỳ đã đưa Iraq ra khỏi danh sách ủng hộ khủng bố vào thời gian nào? answer: Trong một nỗ lực nhằm mở ra khả năng về những quan hệ có thể có với Iraq,question: Hoa Kỳ đã đưa Iraq ra khỏi danh sách ủng hộ khủng bố vào thời gian nào? answer: Trong một nỗ lực nhằm mở ra khả năng về những quan hệ có thể có với Iraq,0.8046
18,RAG_Chunking,6,question: Lý do thực sự của việc [người Iraq] tiếp tục dính líu tới chủ nghĩa khủng bố là gì? answer: để giúp họ giành thắng lợi trong cuộc chiến với Iran,question: Lý do thực sự của việc [người Iraq] tiếp tục dính líu tới chủ nghĩa khủng bố là gì? answer: để giúp họ giành thắng lợi trong cuộc chiến với Iran,0.922
19,Chunking_Only,1,"question: Trong triết học Ấn Độ giáo có truyền thống gì? answer: truyền thống cổ xưa và vững chắc trong việc suy đoán triết học về tự nhiên của vũ trụ, của Thượng đế (sử dụng các thuật ngữ Brahman, Paramatma hay Bhagavan), của Atman (linh hồn)","question: Trong triết học Ấn Độ giáo có truyền thống gì? answer: truyền thống cổ xưa và vững chắc trong việc suy đoán triết học về tự nhiên của vũ trụ, của Thượng đế (sử dụng các thuật ngữ Brahman, Paramatma hay Bhagavan), của Atman (linh hồn)",0.8667
19,Chunking_Only,2,"question: Vaishnava có 1 lĩnh vực nghiên cứu cho nhiều tín đồ sùng đạo, các triết gia, các nhà thông thái trong nhiều thế kỷ? answer: 1 lĩnh vực nghiên cứu cho nhiều tín đồ sùng đạo, các triết gia, các nhà thông thái trong nhiều thế kỷ","question: Vaishnava có 1 lĩnh vực nghiên cứu cho nhiều tín đồ sùng đạo, các triết gia, các nhà thông thái trong nhiều thế kỷ? answer: Thần học Vaishnava có 1 lĩnh vực nghiên cứu cho nhiều tín đồ sùng đạo, các triết gia, các nhà thông thái trong nhiều thế kỷ",0.8421
19,Chunking_Only,3,"question: Trung tâm nghiên cứu Ấn Độ giáo của đại học Oxford, trường cao đẳng Bhaktivedanta gồm những tổ chức nào? answer: Trung tâm nghiên cứu Ấn Độ giáo của đại học Oxford, trường cao đẳng Bhaktivedanta,....................................................................................................................................................","question: Trung tâm nghiên cứu Ấn Độ giáo của đại học Oxford, trường cao đẳng Bhaktivedanta,..............................................................................................................................................................................................................",0.7206
19,RAG_Chunking,1,"question: Ba vị thần được thờ phổ biến ở cư dân Phù Nam là gì? answer: Bra-ma, Vit-xnu, Si-va","question: Ba vị thần được thờ phổ biến ở cư dân Phù Nam là gì? answer: Bra-ma, Vit-xnu, Si-va",0.7602
19,RAG_Chunking,2,"question: Ấn Độ là nơi ra đời của tôn giáo nào? answer: Hin-đu giáo, Phật giáo, đồng thời cũng là nơi du nhập và phát triển của Hồi giáo","question: Ấn Độ là nơi ra đời của tôn giáo nào? answer: Hin-đu giáo, Phật giáo, đồng thời cũng là nơi du nhập và phát triển của Hồi giáo",0.871
19,RAG_Chunking,3,"question: Các nghi thức nào thể hiện tín ngưỡng sùng bái các lực lượng tự nhiên? answer: thờ t-đác-ta Gô-ta-ma, hiệu là Sa-ki-a Mu-ni (Thích Ca Mâu Ni) khởi xướng","question: Các nghi thức nào thể hiện tín ngưỡng sùng bái các lực lượng tự nhiên? answer: thờ t-đác-ta Gô-ta-ma, hiệu là Sa-ki-a Mu-ni (Thích Ca Mâu Ni) khởi xướng",0.6526
19,RAG_Chunking,4,"question: Tín ngưỡng sùng bái các lực lượng tự nhiên thể hiện qua những nghi thức nào? answer: thờ thần Mặt Trời, thần núi, thần sông; thờ cúng tổ tiên, anh hùng, thủ lĩnh; thực hành lễ nghi nông nghiệp cầu mong mùa màng bội thu","question: Tín ngưỡng sùng bái các lực lượng tự nhiên thể hiện qua những nghi thức nào? answer: thờ thần Mặt Trời, thần núi, thần sông; thờ cúng tổ tiên, anh hùng, thủ lĩnh; thực hành lễ nghi nông nghiệp cầu mong mùa màng bội thu",0.8857
19,RAG_Chunking,5,"question: Trong triết học Ấn Độ giáo có truyền thống gì? answer: truyền thống cổ xưa và vững chắc trong việc suy đoán triết học về tự nhiên của vũ trụ, của Thượng đế (sử dụng các thuật ngữ Brahman, Paramatma hay Bhagavan), của Atman (linh hồn)","question: Trong triết học Ấn Độ giáo có truyền thống gì? answer: truyền thống cổ xưa và vững chắc trong việc suy đoán triết học về tự nhiên của vũ trụ, của Thượng đế (sử dụng các thuật ngữ Brahman, Paramatma hay Bhagavan), của Atman (linh hồn)",0.865
19,RAG_Chunking,6,"question: Thần học Vaishnava có những lĩnh vực nghiên cứu như thế nào? answer: 1 lĩnh vực nghiên cứu cho nhiều tín đồ sùng đạo, các triết gia, các nhà thông thái trong nhiều thế kỷ","question: Thần học Vaishnava có những lĩnh vực nghiên cứu như thế nào? answer: Thần học Vaishnava có 1 lĩnh vực nghiên cứu cho nhiều tín đồ sùng đạo, các triết gia, các nhà thông thái trong nhiều thế kỷ",0.741
19,RAG_Chunking,7,"question: Trung tâm nghiên cứu Ấn Độ giáo của đại học Oxford, trường cao đẳng Bhaktivedanta,..............................................................................................................................................................................................................","question: Trung tâm nghiên cứu Ấn Độ giáo của đại học Oxford, trường cao đẳng Bhaktivedanta,..............................................................................................................................................................................................................",0.6897
20,Chunking_Only,1,question: Các chiến thắng của Đức tại Tây Âu đã tác động như thế nào đến Anh Quốc? answer: gây hoang mang cho công luận Mỹ và tiếng nói của chủ nghĩa biệt lập cũng gần như tưa như tưa chủ nghĩa biệt lập cũng gần như tưa chủ nghĩa biệt lập cũng gần như tưa chủ nghĩa biệt lập cũng gần như tưa chủ nghĩa biệt lập cũng gần như tưa chủ nghĩa biệt lập cũng gần như tưa chủ nghĩa biệt lập cũng gần như tưa chủ nghĩa biệt lập cũng gần như tưa chủ nghĩa biệt lập cũng gần như tưa chủ nghĩa biệt lập cũng gần,question: Các chiến thắng của Đức tại Tây Âu đã tác động như thế nào đến Anh Quốc? answer: gây hoang mang cho công luận Mỹ và tiếng nói của chủ nghĩa biệt lập cũng gần như tưa như tưa chủ nghĩa biệt lập cũng gần như tưa chủ nghĩa biệt lập cũng gần như tưa chủ nghĩa biệt lập cũng gần như tưa chủ nghĩa biệt lập cũng gần như tưa chủ nghĩa biệt lập cũng gần như tưa chủ nghĩa biệt lập cũng gần như tưa chủ nghĩa biệt lập cũng gần như tưa chủ nghĩa biệt lập cũng gần như tưa chủ nghĩa biệt lập cũng gần,0.6466
20,Chunking_Only,2,question: Luật tuyển mộ quân dịch thời bình đầu tiên trong lịch sử Hoa Kỳ đã được Quốc hội thông qua vào năm nào? answer: năm 1940,question: Luật tuyển mộ quân dịch thời bình đầu tiên trong lịch sử Hoa Kỳ năm 1940 đã được Quốc hội thông qua vào năm nào? answer: năm 1940,0.6672
20,RAG_Chunking,1,"question: Cách mạng tư sản Pháp đã lật đổ chế độ nào? answer: quân chủ chuyên chế, thiết lập chế độ quân chủ lập hiến","question: Cách mạng tư sản Pháp đã lật đổ chế độ nào? answer: quân chủ chuyên chế, thiết lập chế độ quân chủ lập hiến",0.698
20,RAG_Chunking,2,"question: Các hoạt động đối ngoại chủ yếu trong kháng chiến chống Mỹ là gì? answer: đấu tranh yêu cầu thực hiện Hiệp định Genève. - Củng cố quan hệ với các nước xã hội chủ nghĩa. - Tăng cường đoàn kết ba nước Đông Dương. - Đàm phán, ký Hiệp định Paris (1973). - Mở rộng quan hệ ngoại giao, đẩy mạnh đối ngoại nhân dân. - Tăng cường đoàn kết ba nước Đông Dương. - Đàm phán, ký Hiệp định Paris (1973). - Mở rộng quan hệ ngoại giao, đẩy mạnh đối ngoại nhân dân","question: Các hoạt động đối ngoại chủ yếu trong kháng chiến chống Mỹ là gì? answer: đấu tranh yêu cầu thực hiện Hiệp định Genève. - Củng cố quan hệ với các nước xã hội chủ nghĩa. - Tăng cường đoàn kết ba nước Đông Dương. - Đàm phán, ký Hiệp định Paris (1973). - Mở rộng quan hệ ngoại giao, đẩy mạnh đối ngoại nhân dân. - Tăng cường đoàn kết ba nước Đông Dương. - Đàm phán, ký Hiệp định Paris (1973). - Mở rộng quan hệ ngoại giao, đẩy mạnh đối ngoại nhân dân",0.9139
20,RAG_Chunking,3,"question: Sự kiện nào đã diễn ra vào tháng 4 năm 1940? answer: Đức xâm chiếm Đan Mạch và Na Uy, theo sau là xâm chiếm Hà Lan, Bỉ, Luxembourg, và Pháp vào tháng 5","question: Sự kiện nào đã diễn ra vào tháng 4 năm 1940? answer: Đức xâm chiếm Đan Mạch và Na Uy, theo sau là xâm chiếm Hà Lan, Bỉ, Luxembourg, và Pháp vào tháng 5",0.7672
20,RAG_Chunking,4,question: Những người theo chủ nghĩa biệt lập cảnh báo Roosevelt điều gì? answer: Roosevelt sẽ đưa quốc gia lâm vào một answer: Roosevelt sẽ đưa quốc gia lâm vào một answer: Roosevelt sẽ đưa quốc gia lâm vào một answer: Roosevelt sẽ đưa quốc gia lâm vào một answer: Roosevelt sẽ đưa quốc gia lâm vào một answer: Roosevelt sẽ đưa quốc gia lâm vào một answer: Roosevelt sẽ đưa quốc gia lâm vào một answer: Roosevelt sẽ đưa quốc gia lâm vào một answer: Roosevelt sẽ đưa quốc gia lâm vào một ans,"question: FDR bổ nhiệm hai lãnh tụ theo chủ nghĩa can thiệp thuộc Đảng nào? answer: Đảng Cộng hòa, Henry L. Stimson và Frank Knox",0.798
20,RAG_Chunking,5,"question: Vì sao Roosevelt được ""Ủy ban Phòng vệ Mỹ bằng cách Trợ giúp Đồng minh"" ủng hộ nhưng bị ""Ủy ban Mỹ trên hết"" phản đối? answer: bị ""Ủy ban Mỹ trên hết"" phản đối","question: Roosevelt được ""Ủy ban Phòng vệ Mỹ bằng cách Trợ giúp Đồng minh"" ủng hộ nhưng bị ""Ủy ban Mỹ trên hết"" phản đối? answer: bị ""Ủy ban Mỹ trên hết"" phản đối",0.9295
21,Chunking_Only,1,question: Thành công của cuộc đua vào Thượng viện tiểu bang New York năm 1910 là gì? answer: đưa Roosevelt đến thủ phủ tiểu bang là chiến thắng vang dội của đảng Dân chủ năm ấy đã đưa Roosevelt đến thủ phủ tiểu bang là chiến thắng vang dội của đảng Dân chủ năm ấy đã đưa Roosevelt đến thủ phủ tiểu bang là chiến thắng vang dội của đảng Dân chủ năm ấy đã đưa Roosevelt đến thủ phủ tiểu bang là chiến thắng vang dội của đảng Dân chủ năm ấy đã đưa Roosevelt đến thủ phủ tiểu bang là chiến thắng vang dội của đảng Dân chủ năm ấy đã đưa Roosevelt đến thủ,question: Thành công của cuộc đua vào Thượng viện tiểu bang New York năm 1910 là gì? answer: đưa Roosevelt đến thủ phủ tiểu bang là  chiến thắng vang dội của đảng Dân chủ năm ấy đã đưa Roosevelt đến thủ phủ tiểu bang là  chiến thắng vang dội của đảng Dân chủ năm ấy đã đưa Roosevelt đến thủ phủ tiểu bang là  chiến thắng vang dội của đảng Dân chủ năm ấy đã đưa Roosevelt đến thủ phủ tiểu bang là  chiến thắng vang dội của đảng Dân chủ năm ấy đã đưa Roosevelt đến thủ phủ tiểu bang là,0.6918
21,Chunking_Only,2,"question: Ai là người lãnh đạo nhóm ""phản loạn"" chống đối bộ máy chính trị ""Tammany Hall""? answer: Roosevelt","question: Ai là người lãnh đạo nhóm ""phản loạn"" chống đối bộ máy chính trị ""Tammany Hall""? answer: Roosevelt",0.7137
21,Chunking_Only,3,question: Mục tiêu của Roosevelt trong cuộc bầu cử Thượng viện Hoa Kỳ là gì? answer: chọc giận bộ máy chính trị Tammany Hall bằng cách ngăn chặn người mà nhóm này chọn lây lây người mà nhóm này chọn lây lây người mà nhóm này chọn lây lây người mà nhóm này chọn lây lây người mà nhóm này chọn lây lây lây người mà nhóm này chọn lây lây lây người mà nhóm này chọn lây lây lây người mà nhóm này chọn lây lây lây người mà nhóm này chọn lây lây lây người mà nhóm này chọn lây lây lây người mà nhóm này chọn lây lây lây người mà nhóm này chọn lây,question: Mục tiêu của Roosevelt trong cuộc bầu cử Thượng viện Hoa Kỳ là gì? answer: chọc giận bộ máy chính trị Tammany Hall bằng cách ngăn chặn người mà nhóm này chọn lây lây người mà nhóm này chọn lây lây người mà nhóm này chọn lây lây người mà nhóm này chọn lây lây người mà nhóm này chọn lây lây người mà nhóm này chọn lây lây,0.6746
21,Chunking_Only,4,question: Vì sao Roosevelt trở nên quen thuộc đối với các đảng viên Dân chủ New York? answer: chọc giận bộ máy chính trị Tammany Hall bằng cách ngăn chặn người mà nhóm này chọn lựa làm ứng cử viên là William F. Sheehan,"question: Roosevelt trở nên quen thuộc đối với các đảng viên Dân chủ New York vào thời gian nào? answer: Chẳng bao lâu sau đó, Roosevelt trở nên một khuôn mặt quen thuộc đối với các đảng viên Dân chủ New York",0.6519
21,Chunking_Only,5,question: chức thượng nghị sĩ tiểu bang được bổ nhiệm chức vụ gì vào ngày 17 tháng 3 năm 1913? answer: Trợ tá Bộ trưởng Hải quân Hoa Kỳ,question: chức thượng nghị sĩ tiểu bang được bổ nhiệm chức vụ gì vào ngày 17 tháng 3 năm 1913? answer: Trợ tá Bộ trưởng Hải quân Hoa Kỳ,0.7981
21,RAG_Chunking,1,question: Nguyên nhân dẫn tới thắng lợi của Cách mạng Tháng Tám năm 1945 là gì? answer: Sự chuẩn bị chu đáo về lực lượng chính trị và lực lượng vũ trang,question: Nguyên nhân dẫn tới thắng lợi của Cách mạng Tháng Tám năm 1945 là gì? answer: Sự lãnh đạo đúng đắn của Đảng Cộng sản Đông Dương đứng đầu là Chủ tịch Hồ Chí Minh,0.922
21,RAG_Chunking,2,question: Những năm đầu kháng chiến toàn quốc (1946 - 1950) đã diễn ra sự kiện gì? answer: diễn ra sự kiện gì? answer: diễn ra sự kiện gì? answer: diễn ra sự kiện gì? answer: diễn ra sự kiện gì? answer: diễn ra sự kiện gì? answer: diễn ra sự kiện gì? answer: diễn ra sự kiện gì? answer: diễn ra sự kiện gì? answer: diễn ra sự kiện gì? answer: diễn ra sự kiện,"question: Những năm đầu kháng chiến toàn quốc (1946 - 1950) đã diễn ra sự kiện gì? answer: Ngày 19-12-1946, Chủ tịch Hồ Chí Minh ra Lời kêu gọi toàn quốc kháng chiến",0.7991
21,RAG_Chunking,3,question: Thành công của đảng Dân chủ năm 1911 là gì? answer: đưa Roosevelt đến thủ phủ tiểu bang là Albany,question: Thành công của đảng Dân chủ năm 1911 là gì? answer: đưa Roosevelt đến thủ phủ tiểu bang là Albany,0.7201
21,RAG_Chunking,4,"question: Ai là thủ lĩnh nhóm ""phản loạn"" chống đối bộ máy chính trị ""Tammany Hall""? answer: Roosevelt","question: Ai là thủ lĩnh nhóm ""phản loạn"" chống đối bộ máy chính trị ""Tammany Hall"" (nhóm chính trị thuộc đảng Dân chủ luôn đóng vai trò chính kiểm soát chính trường thành phố New York)? answer: Roosevelt",0.7668
21,RAG_Chunking,5,question: Mục tiêu của James A. O'Gorman là gì? answer: chọc giận bộ máy chính trị Tammany Hall bằng cách ngăn chặn người mà nhóm này chọn lựa làm ứng cử viên là William F. Sheehan,question: Mục tiêu của James A. O'Gorman là gì? answer: chọc giận bộ máy chính trị Tammany Hall bằng cách ngăn chặn người mà nhóm này chọn lựa làm ứng cử viên là William F. Sheehan,0.6043
22,Chunking_Only,1,"question: Từ giữa năm 1983 và 1990, Iraq đã nhận được bao nhiêu tiền từ chính phủ Mỹ? answer: 5 tỷ dollar","question: Từ giữa năm 1983 và 1990, Iraq đã nhận được bao nhiêu tiền từ chính phủ Mỹ? answer: 5 tỷ dollar",0.7712
22,Chunking_Only,2,question: Iraq nhận được bao nhiêu dollar tín dụng từ Commodity Credit Corporation? answer: 5 tỷ dollar,question: Iraq nhận được bao nhiêu dollar tín dụng từ Commodity Credit Corporation? answer: 5 tỷ dollar,0.8288
22,Chunking_Only,3,question: Ngân hàng xuất nhập khẩu Hoa Kỳ đã cấp cho Iraq bao nhiêu tiền để xây dựng đường ống dẫn dầu qua Jordan? answer: hơn 684 triệu dollar,question: Ngân hàng xuất nhập khẩu Hoa Kỳ đã cấp cho Iraq bao nhiêu tiền để xây dựng đường ống dẫn dầu qua Jordan? answer: hơn 684 triệu dollar,0.7241
22,RAG_Chunking,1,"question: Các khu công nghiệp nào đã tạo hàng triệu việc làm? answer: Khu chế xuất Tân Thuận (1991) - khu chế xuất đầu tiên Việt Nam, Khu công nghệ cao TP.HCM (2002)","question: Các khu công nghiệp nào đã tạo hàng triệu việc làm? answer: Khu chế xuất Tân Thuận (1991) - khu chế xuất đầu tiên Việt Nam, Khu công nghệ cao TP.HCM (2002)",0.7426
22,RAG_Chunking,2,question: Hiến chương ASEAN đánh giá năng lực đổi mới của các nền kinh tế như thế nào? answer: Đánh giá năng lực đổi mới của các nền kinh tế,question: Hiến chương ASEAN đánh giá năng lực đổi mới của các nền kinh tế như thế nào? answer: Đánh giá năng lực đổi mới của các nền kinh tế,0.6603
22,RAG_Chunking,3,question: Hiến chương ASEAN là gì? answer: Khung pháp lý cho ASEAN (2007),question: Hiến chương ASEAN là gì? answer: Khung pháp lý cho ASEAN (2007),0.7851
22,RAG_Chunking,4,"question: Vì sao Iraq rơi vào tình trạng nợ nần chồng chất? answer: Cuộc chiến của Iraq với Iran và sự suy sụp trong sản xuất và buôn bán dầu mỏ của họ - hậu quả của cuộc chiến đó, đã khiến Iraq rơi vào tình trạng nợ nần chồng chất","question: Vì sao Iraq rơi vào tình trạng nợ nần chồng chất? answer: Cuộc chiến của Iraq với Iran và sự suy sụp trong sản xuất và buôn bán dầu mỏ của họ - hậu quả của cuộc chiến đó, đã khiến Iraq rơi vào tình trạng nợ nần chồng chất",0.6802
22,RAG_Chunking,5,question: Iraq nhận được bao nhiêu tiền từ Commodity Credit Corporation? answer: 5 tỷ dollar,question: Iraq nhận được bao nhiêu tiền từ Commodity Credit Corporation? answer: 5 tỷ dollar,0.7883
22,RAG_Chunking,6,question: Ngân hàng xuất nhập khẩu Hoa Kỳ đã cấp bao nhiêu tiền cho Iraq để xây dựng đường ống dẫn dầu qua Jordan? answer: hơn 684 triệu dollar,question: Ngân hàng xuất nhập khẩu Hoa Kỳ đã cấp bao nhiêu tiền cho Iraq để xây dựng đường ống dẫn dầu qua Jordan? answer: hơn 684 triệu dollar,0.7214
23,Chunking_Only,1,"question: Bài phát biểu La Baule nổi tiếng vào tháng 6 năm 1990 có nội dung như thế nào? answer: gắn viện trợ phát triển với các nỗ lực dân chủ từ các cựu thuộc địa của Pháp, và trong đó ông phản đối việc phá giá đồng CFA Franc","question: Bài phát biểu La Baule nổi tiếng vào tháng 6 năm 1990 có nội dung như thế nào? answer: gắn viện trợ phát triển với các nỗ lực dân chủ từ các cựu thuộc địa của Pháp, và trong đó ông phản đối việc phá giá đồng CFA Franc",0.7304
23,Chunking_Only,2,"question: Pháp đã có quyết định gì đối với các nước kém phát triển? answer: Các nước kém phát triển (LDCs) sẽ chỉ nhận được các khoản viện trợ (để ngăn cản sự gia tăng nhanh chóng của Nợ nần của Thế giới thứ Ba trong thập niên 1980, và hạn chế tỷ lệ lãi xuất ngay lập tức xuống 5% cho các nước đang chuyển tiếp (như Côte d'Ivoire, Congo, Cameroon và Gabon)","question: Pháp đã có quyết định gì đối với các nước kém phát triển? answer: Các nước kém phát triển (LDCs) sẽ chỉ nhận được các khoản viện trợ (để ngăn cản sự gia tăng nhanh chóng của Nợ nần của Thế giới thứ Ba trong thập niên 1980, và hạn chế tỷ lệ lãi xuất ngay lập tức xuống 5% cho các nước đang chuyển tiếp (như Côte d'Ivoire, Congo, Cameroon và Gabon)",0.9106
23,Chunking_Only,3,"question: Trong một lời ám chỉ rõ ràng tới hệ thống ám muội được gọi là Franafrique, Mitterrand đã chỉ trích điều gì? answer: can thiệp vào các vấn đề chủ quyền, mà theo ông chỉ là một hình thức khác của ""chủ nghĩa thực dân.""","question: Trong một lời ám chỉ rõ ràng tới hệ thống ám muội được gọi là Franafrique, Mitterrand đã chỉ trích điều gì? answer: can thiệp vào các vấn đề chủ quyền, mà theo ông chỉ là một hình thức khác của ""chủ nghĩa thực dân.""",0.7269
23,Chunking_Only,4,"question: Bài diễn văn La Baule của Mitterrand đánh dấu sự chuyển biến trong chính sách của Pháp với các cựu thuộc địa như thế nào? answer: đánh dấu sự chuyển biến trong chính sách của Pháp với các cựu thuộc địa, đã được so sánh với loi-cadre Defferre năm 1956 dẫn tới tính cảm chống thực dân","question: Bài diễn văn La Baule của Mitterrand đánh dấu sự chuyển biến trong chính sách của Pháp với các cựu thuộc địa như thế nào? answer: đánh dấu sự chuyển biến trong chính sách của Pháp với các cựu thuộc địa, đã được so sánh với loi-cadre Defferre năm 1956 dẫn tới tính cảm chống thực dân",0.8223
23,Chunking_Only,5,"question: Ai là người tuyên bố rằng ông đã có ""các sự kiện hỏi ý kiến ông ta;"" Abdou Diouf, Tổng thống Senegal? answer: Omar Bongo, Tổng thống Gabon","question: Ai là người tuyên bố rằng ông đã có ""các sự kiện hỏi ý kiến ông ta;"" Abdou Diouf, Tổng thống Senegal? answer: Omar Bongo, Tổng thống Gabon, tuyên bố rằng ông đã có ""các sự kiện hỏi ý kiến ông ta;"" Abdou Diouf, Tổng thống Senegal, nói rằng theo ông, giải pháp tốt nhất là một ""chính phủ mạnh"" và một ""phe đối lập có thiện ý;"" Abdou Diouf, Tổng thống Senegal, nói rằng theo ông, giải pháp tốt nhất là một ""chính phủ mạnh"" và một",0.8614
23,Chunking_Only,6,"question: Vì sao các quốc gia phương Tây phải ""giúp các nền dân chủ non trẻ mở cửa, mà không đặt một con dao trên cổ họng nó? answer: không có một sự chuyển tiếp sang chế độ đa đảng tàn bạo","question: Vì sao các quốc gia phương Tây phải ""giúp các nền dân chủ non trẻ mở cửa, mà không đặt một con dao trên cổ họng nó, mà không có một sự chuyển tiếp sang chế độ đa đảng tàn bạo? answer: các quốc gia phương Tây phải ""giúp các nền dân chủ non trẻ mở cửa, mà không đặt một con dao trên cổ họng nó, mà không có một sự chuyển tiếp sang chế độ đa đảng tàn bạo",0.6546
23,Chunking_Only,7,"question: Answer: một mặt ""một trong những nền tảng đổi mới chính trị tại vùng châu Phi nói tiếng Pháp"", và mặt khác ""sự hợp tác với Pháp"", điều này dù ""không ăn nhập và mâu thuẫn, như bất kỳ một chính sách công cộng"", điều này dù ""không ăn nhập và mâu thuẫn, như bất kỳ một chính sách công cộng"", điều này dù ""không ăn nhập và mâu thuẫn, như bất kỳ một chính sách công cộng"", điều này dù ""không ăn nhập và mâu thuẫn, như bất kỳ một chính sách công cộng"", điều này","question: Bài phát biểu của La Baule được đánh giá như thế nào? answer: một mặt ""một trong những nền tảng đổi mới chính trị tại vùng châu Phi nói tiếng Pháp"", và mặt khác ""sự hợp tác với Pháp"", điều này dù ""không ăn nhập và mâu thuẫn, như bất kỳ một chính sách công cộng"", điều này dù ""không ăn nhập và mâu thuẫn, như bất kỳ một chính sách công cộng"", điều này dù ""không ăn nhập và mâu thuẫn, như bất kỳ một chính sách công cộng"", điều này dù ""không ăn nhập và mâu",0.9163
23,RAG_Chunking,1,question: Pháp đánh úp Sài Gòn vào ngày nào? answer: Ngày 23-9-1945,question: Pháp đánh úp Sài Gòn vào ngày nào? answer: Ngày 23-9-1945,0.6341
23,RAG_Chunking,2,"question: Chủ tịch Hồ Chí Minh đã làm gì để khẳng định tính hợp pháp của nhà nước Việt Nam Dân chủ Cộng hòa? answer: gửi thư, công hàm khẳng định tính hợp pháp của nhà nước Việt Nam Dân chủ Cộng hòa","question: Chủ tịch Hồ Chí Minh đã làm gì để khẳng định tính hợp pháp của nhà nước Việt Nam Dân chủ Cộng hòa? answer: gửi thư, công hàm khẳng định tính hợp pháp của nhà nước Việt Nam Dân chủ Cộng hòa. - Chủ tịch Hồ Chí Minh gửi thư, công hàm khẳng định tính hợp pháp của nhà nước Việt Nam Dân chủ Cộng hòa. - Chủ tịch Hồ Chí Minh gửi thư, công hàm khẳng định tính hợp pháp của nhà nước Việt Nam Dân chủ Cộng hòa. - Chủ tịch Hồ Chí Minh gửi thư, công hàm khẳng định tính hợp pháp của nhà nước Việt Nam Dân chủ",0.6508
23,RAG_Chunking,3,"question: Hoạt động đối ngoại chủ yếu trong kháng chiến chống Mỹ là gì? answer: Đấu tranh yêu cầu thực hiện Hiệp định Genève. - Củng cố quan hệ với các nước xã hội chủ nghĩa. - Tăng cường đoàn kết ba nước Đông Dương. - Đàm phán, ký Hiệp định Paris (1973). - Mở rộng quan hệ ngoại giao, đẩy mạnh đối ngoại nhân dân","question: Hoạt động đối ngoại chủ yếu trong kháng chiến chống Mỹ là gì? answer: Đấu tranh yêu cầu thực hiện Hiệp định Genève. - Củng cố quan hệ với các nước xã hội chủ nghĩa. - Tăng cường đoàn kết ba nước Đông Dương. - Đàm phán, ký Hiệp định Paris (1973). - Mở rộng quan hệ ngoại giao, đẩy mạnh đối ngoại nhân dân",0.7673
23,RAG_Chunking,4,"question: Ai là người đã có bài phát biểu La Baule nổi tiếng vào tháng 6 năm 1990? answer: Answer: ông đã có bài phát biểu La Baule nổi tiếng vào tháng 6 năm 1990 gắn viện trợ phát triển với các nỗ lực dân chủ từ các cựu thuộc địa của Pháp, và trong đó ông phản đối việc phá giá đồng CFA Franc","question: Ai là người đã có bài phát biểu La Baule nổi tiếng vào tháng 6 năm 1990? answer: ông đã có bài phát biểu La Baule nổi tiếng vào tháng 6 năm 1990 gắn viện trợ phát triển với các nỗ lực dân chủ từ các cựu thuộc địa của Pháp, và trong đó ông phản đối việc phá giá đồng CFA Franc",0.7697
23,RAG_Chunking,5,"question: Để ngăn chặn sự gia tăng nhanh chóng của Nợ nần Thế giới thứ Ba, Pháp đã có quyết định gì? answer: Các nước kém phát triển (LDCs) sẽ chỉ nhận được các khoản viện trợ (để ngăn cản sự gia tăng nhanh chóng của Nợ nần của Thế giới thứ Ba trong thập niên 1980, và hạn chế tỷ lệ lãi xuất ngay lập tức xuống 5% cho các nước đang chuyểể sang Nợ nần của Thế giới thứ Ba trong thập niên 1980, và hạn chế tỷ lệ lãi xuất ngay lập tức xuống 5% cho các nước","question: Để ngăn chặn sự gia tăng nhanh chóng của Nợ nần Thế giới thứ Ba, Pháp đã có quyết định gì? answer: Các nước kém phát triển (LDCs) sẽ chỉ nhận được các khoản viện trợ (để ngăn cản sự gia tăng nhanh chóng của Nợ nần của Thế giới thứ Ba trong thập niên 1980, và hạn chế tỷ lệ lãi xuất ngay lập tức xuống 5% cho các nước đang chuyểể sang Nợ nần của Thế giới thứ Ba trong thập niên 1980, và hạn chế tỷ lệ lãi xuất ngay lập tức xuống 5% cho các nước",0.8447
23,RAG_Chunking,6,"question: Nội dung của bài diễn văn La Baule là gì? answer: đánh dấu sự chuyển biến trong chính sách của Pháp với các cựu thuộc địa, đã được so sánh vể chính sách của Pháp với các cựu thuộc địa, đã được so sánh vể chính sách của Pháp với các cựu thuộc địa, đã được so sánh vể chính sách của Pháp với các cựu thuộc địa, đã được so sánh vể chính sách của Pháp với các cựu thuộc địa, đã được so sánh vể chính sách của Pháp với các cựu thuộc địa, đã được so sánh vể chính sách của Pháp với","question: Nội dung của bài diễn văn La Baule là gì? answer: đánh dấu sự chuyển biến trong chính sách của Pháp với các cựu thuộc địa, đã được so sánh vể chính sách của Pháp với các cựu thuộc địa, đã được so sánh vể chính sách của Pháp với các cựu thuộc địa, đã được so sánh vể chính sách của Pháp với các cựu thuộc địa, đã được so sánh vể chính sách của Pháp với các cựu thuộc địa, đã được so sánh vể chính sách của Pháp với các cựu thuộc địa, đã được so sánh vể chính sách của Pháp với",0.6552
23,RAG_Chunking,7,"question: Ai là người tuyên bố rằng ông đã có ""các sự kiện hỏi ý kiến ông ta;"" Abdou Diouf, Tổng thống Senegal? answer: ông đã có ""các sự kiện hỏi ý kiến ông ta;"" Abdou Diouf, Tổng thống Senegal","question: Ai là người đã tuyên bố rằng ông đã có ""các sự kiện hỏi ý kiến ông ta;"" Abdou Diouf, Tổng thống Senegal? answer: ông đã có ""các sự kiện hỏi ý kiến ông ta;"" Abdou Diouf, Tổng thống Senegal, nói rằng theo ông, giải pháp tốt nhất là một ""chính phủ mạnh"" và một ""phe đối lập;"" Abdou Diouf, Tổng thống Senegal, nói rằng theo ông, giải pháp tốt nhất là một ""chính phủ mạnh"" và một ""phe đối lập;"" Abdou Diouf, Tổng thống",0.6715
23,RAG_Chunking,8,"question: Theo Tổng thống Senegal, giải pháp tốt nhất là gì? answer: một ""chính phủ mạnh"" và một ""phe đối lập có thiện ý;"" Tổng thống Chad, Hissène Habré (biệt hiệu ""Pinochet châu Phi"") tuyên bố rằng điều đó trái ngược với yêu cầu mà các nhà nước châu Phi cần đồng thời tiến hành dựa trên một ""chính sách dân chủ"" và ""các chính sách kinh tế xã hội hạn chế chủ quyền của họ","question: Theo Tổng thống Senegal, giải pháp tốt nhất là gì? answer: một ""chính phủ mạnh"" và một ""phe đối lập có thiện ý;"" Tổng thống Chad, Hissène Habré (biệt hiệu ""Pinochet châu Phi"") tuyên bố rằng điều đó trái ngược với yêu cầu mà các nhà nước châu Phi cần đồng thời tiến hành dựa trên một ""chính sách dân chủ"" và ""các chính sách kinh tế xã hội hạn chế chủ quyền của họ"", (trong một sự ám chỉ rõ ràng tới ""các chương trình kinh tế xã hội hạn chế chủ",0.9746
23,RAG_Chunking,9,"question: ""Châu Phi quá mở cửa với thế giới để không biết tới điều đang xảy ra ở đâu? answer: châu Phi quá mở cửa với thế giới để không biết tới điều đang xảy ra ở đó"", nhưng các quốc gia phương Tây phải ""giúp các nền dân chủ non trẻ mở cửa, mà không đặt một con dao trên cổ họng nó, mà không có một sự thay đổi cơ cấu của Quỹ Tiền tệ Quốc tế và Ngân hàng Thế giới","question: ""Châu Phi quá mở cửa với thế giới để không biết tới điều đang xảy ra ở đâu? answer: châu Phi quá mở cửa với thế giới để không biết tới điều đang xảy ra ở đó"", nhưng các quốc gia phương Tây phải ""giúp các nền dân chủ non trẻ mở cửa, mà không đặt một con dao trên cổ họng nó, mà không có một sự thay đổi cơ cấu của Quỹ Tiền tệ Quốc tế và Ngân hàng Thế giới",0.8012
23,RAG_Chunking,10,"question: Bài phát biểu của La Baule có ý nghĩa như thế nào? answer: một mặt ""một trong những nền tảng đổi mới chính trị tại vùng châu Phi nói tiếng Pháp"", và mặt khác ""sự hợp tác với Pháp"", điều này dù ""không ăn nhập và mâu thuẫn, như bất kỳ một chính sách công cộng""","question: Bài phát biểu của La Baule có ý nghĩa như thế nào? answer: một mặt ""một trong những nền tảng đổi mới chính trị tại vùng châu Phi nói tiếng Pháp"", và mặt khác ""sự hợp tác với Pháp"", điều này dù ""không ăn nhập và mâu thuẫn, như bất kỳ một chính sách công cộng""",0.8252
24,Chunking_Only,1,"question: Roosevelt và Đảng Dân chủ đã làm gì để tạo nên liên minh New Deal? answer: tổng động viên một phạm vi rộng lớn các tầng lớp xã hội bao gồm người nghèo cũng như các công đoàn lao động, sắc dân thiểu số, người thành thị, và người da trắng miền Nam Hoa Kỳ","question: Roosevelt và Đảng Dân chủ đã làm gì để tạo nên liên minh New Deal? answer: tổng động viên một phạm vi rộng lớn các tầng lớp xã hội bao gồm người nghèo cũng như các công đoàn lao động, sắc dân thiểu số, người thành thị, và người da trắng miền Nam Hoa Kỳ",0.8576
24,Chunking_Only,2,"question: Trong suốt thời gian tranh cử, Roosevelt thường nói điều gì? answer: Tôi xin cam kết với các bạn, Tôi xin cam kết với bản thân mình một đối sách mới ( a new deal) cho nhân dân Mỹ","question: Trong suốt thời gian tranh cử, Roosevelt thường nói điều gì? answer: Tôi xin cam kết với các bạn, Tôi xin cam kết với bản thân mình một đối sách mới ( a new deal) cho nhân dân Mỹ",0.7964
24,RAG_Chunking,1,question: Hệ thống xã hội chủ nghĩa ra đời vào thời gian nào? answer: Sau Chiến tranh thế giới thứ hai,question: Hệ thống xã hội chủ nghĩa ra đời vào thời gian nào? answer: Sau Chiến tranh thế giới thứ hai,0.6556
24,RAG_Chunking,2,"question: Tình hình chính trị, xã hội ổn định; quốc phòng, an ninh được đảm bảo và tăng cường. - Khối đại đoàn kết toàn dân tộc được củng cố và tăng cường. - Khối đại đoàn kết toàn dân tộc được củng cố và tăng cường. - Khối đại đoàn kết toàn dân tộc được củng cố và tăng cường. - Khối đại đoàn kết toàn dân tộc được củng cố và tăng cường. - Khối đại đoàn kết toàn dân tộc được củng cố và tăng cường. - Khối đại đoàn kết toàn dân tộc được củng cố và tăng cường. - Khối đại đoàn kết toàn dân tộc được củng cố","question: Nền dân chủ xã hội chủ nghĩa được phát huy và ngày càng mở rộng; khối đại đoàn kết toàn dân tộc được củng cố và tăng cường. - Tình hình chính trị, xã hội ổn định; quốc phòng, an ninh được đảm bảo và tăng cường. - Nền dân chủ xã hội chủ nghĩa được phát huy và ngày càng mở rộng; khối đại đoàn kết toàn dân tộc được củng cố và tăng cường. - Khối đại đoàn kết toàn dân tộc được củng cố và tăng cường. - Khối đại đoàn kết toàn dân tộc được củng cố và tăng cường. - Khối đại đoàn kết toàn dân tộc được",0.7528
24,RAG_Chunking,3,question: Vì sao cuộc vận động tranh cử được tiến hành dưới cái bóng của Đại khủng hoảng? answer: cái bóng của Đại khủng hoảng và cái liên minh mới mà cuộc vận động tranh cử đã tầy hành dưới cái bóng của Đại khủng hoảng và cái liên minh mới mà cuộc vận động tranh cử đã tầy hành dưới cái bóng của Đại khủng hoảng và cái liên minh mới mà cuộc vận động tranh cử đã tầy hành dưới cái bóng của Đại khủng hoảng và cái liên minh mới mà cuộc vận động tranh cử đã tầy hành dưới cái bóng của Đại khủng hoảng và cái liên minh mới mà cuộc,question: Vì sao cuộc vận động tranh cử được tiến hành dưới cái bóng của Đại khủng hoảng? answer: cái bóng của Đại khủng hoảng và cái liên minh mới mà cuộc vận động tranh cử đã tầy hành dưới cái bóng của Đại khủng hoảng và cái liên minh mới mà cuộc vận động tranh cử đã tầy hành dưới cái bóng của Đại khủng hoảng và cái liên minh mới mà cuộc vận động tranh cử đã tầy hành dưới cái bóng của Đại khủng hoảng và cái liên minh mới mà cuộc vận động tranh cử đã tầy hành dưới cái bóng của Đại khủng hoảng và cái liên minh mới mà cuộc,0.6614
24,RAG_Chunking,4,"question: Trong suốt thời gian tranh cử, Roosevelt và Đảng Dân chủ đã làm gì? answer: tổng động viên một phạm vi rộng lớn các tầng lớp xã hội bao gồm người nghèo cũng như các công đoàn lao động, sắc dân thiểu số, người thành thị, và người da trắng miền Nam Hoa Kỳ để tạo nên liên minh New Deal","question: Trong suốt thời gian tranh cử, Roosevelt và Đảng Dân chủ đã làm gì? answer: tổng động viên một phạm vi rộng lớn các tầng lớp xã hội bao gồm người nghèo cũng như các công đoàn lao động, sắc dân thiểu số, người thành thị, và người da trắng miền Nam Hoa Kỳ để tạo nên liên minh New Deal",0.8576
24,RAG_Chunking,5,"question: Trong suốt thời gian tranh cử, Roosevelt thường nói điều gì? answer: Tôi xin cam kết với các bạn, Tôi xin cam kết với bản thân mình một đối sách mới ( a new deal) cho nhân dân Mỹ","question: Trong suốt thời gian tranh cử, Roosevelt thường nói điều gì? answer: Tôi xin cam kết với các bạn, Tôi xin cam kết với bản thân mình một đối sách mới ( a new deal) cho nhân dân Mỹ",0.8507
25,Chunking_Only,1,"question: Nền kinh tế Puerto Rico phát triển như thế nào? answer: nông nghiệp chỉ chiếm 1%, công nghiệp chiếm 45% và dịch vụ chiếm 54%","question: Nền kinh tế của Puerto Rico phát triển như thế nào? answer: nông nghiệp chỉ chiếm 1%, công nghiệp chiếm 45% và dịch vụ chiếm 54%",0.8704
25,Chunking_Only,2,question: Trung tâm Hội nghị Puerto Rico được xây dựng nhằm mục đích gì? answer: tận dụng triệt để ưu thế du lịch của hòn đảo,question: Trung tâm Hội nghị Puerto Rico được xây dựng nhằm mục đích gì? answer: tận dụng triệt để ưu thế du lịch của hòn đảo,0.7624
25,RAG_Chunking,1,"question: Tầng lớp quý tộc, nông dân tự do sinh sống ở đâu? answer: trong các công xã nông thôn và chiếm đại đa số dân cư","question: Tầng lớp quý tộc, nông dân tự do sinh sống ở đâu? answer: trong các công xã nông thôn và chiếm đại đa số dân cư",0.6017
25,RAG_Chunking,2,"question: Phần lớn lãnh thổ của Nam Âu là gì? answer: đồi núi, xen giữa là những cánh đồng nhỏ hẹp; đất đai khô cằn, tro tàn; đất đai khô cằn, tro tàn; đất đai khô cằn, tro tàn; đất đai khô cằn, tro tàn; đất đai khô cằn, tro tàn; đất đai khô cằn, tro tàn; đất đai khô cằn, tro tàn; đất đai khô cằn, tro tàn; đất đai khô cằn, tro tàn; đất đai khô cằn, tro tàn; đất đai khô cằn, tro tàn; đất đai khô cằn, tro tàn; đất","question: Phần lớn lãnh thổ của khu vực Nam Âu là gì? answer: đồi núi, xen giữa là những cánh đồng nhỏ hẹp; đất đai khô cằn, tro tàn; đất đai khô cằn, tro tàn; đất đai khô cằn, tro tàn; đất đai khô cằn, tro tàn; đất đai khô cằn, tro tàn; đất đai khô cằn, tro tàn; đất đai khô cằn, tro tàn; đất đai khô cằn, tro tàn; đất đai khô cằn, tro tàn; đất đai khô cằn, tro tàn; đất đai khô cằn, tro tàn; đất đai khô cằn, tro tàn",0.6067
25,RAG_Chunking,3,"question: Kinh tế nông nghiệp, thiết chế làng xã và mô hình quân chủ chuyên chế tác động như thế nào đến đời sống tinh thần của cư dân? answer: góp phần làm nảy sinh tính thụ động, tư tưởng quân bình, thiếu năng động, sáng tạo của cá nhân và xã hội","question: Kinh tế nông nghiệp, thiết chế làng xã và mô hình quân chủ chuyên chế tác động như thế nào đến đời sống tinh thần của cư dân? answer: góp phần làm nảy sinh tính thụ động, tư tưởng quân bình, thiếu năng động, sáng tạo của cá nhân và xã hội",0.764
25,RAG_Chunking,4,"question: Nền kinh tế của Puerto Rico như thế nào? answer: nông nghiệp chỉ chiếm 1%, công nghiệp chiếm 45% và dịch vụ chiếm 54%","question: Nền kinh tế của Puerto Rico như thế nào? answer: nông nghiệp chỉ chiếm 1%, công nghiệp chiếm 45% và dịch vụ chiếm 54%",0.7852
25,RAG_Chunking,5,question: Trung tâm Hội nghị Puerto Rico được xây dựng với mục đích gì? answer: đem lại một nguồn doanh thu lớn cho hòn đảo,question: Trung tâm Hội nghị Puerto Rico được xây dựng với mục đích gì? answer: đem lại một nguồn doanh thu lớn cho hòn đảo,0.7095
25,RAG_Chunking,6,question: Trung tâm Hội nghị Puerto Rico được xây dựng nhằm mục đích gì? answer: tận dụng triệt để ưu thế du lịch của đất nước tươi đẹp này,question: Trung tâm Hội nghị Puerto Rico được xây dựng nhằm mục đích gì? answer: tận dụng triệt để ưu thế du lịch của đất nước tươi đẹp này,0.8256
26,Chunking_Only,1,question: Cộng hòa Nam Ossetia là sự pha trộn của những gì? answer: những thị trấn và làng mạc nơi sinh sống của người Gruzia và người Ossetia,question: Cộng hòa Nam Ossetia là sự pha trộn của những gì? answer: những thị trấn và làng mạc nơi sinh sống của người Gruzia và người Ossetia,0.8351
26,Chunking_Only,2,question: Vì sao cuộc xung đột ở Nam Ossetia trở nên đặc biệt nguy hiểm? answer: bởi bất kỳ nỗ lực nào nhằm thanh lọc sắc tộc đều có thể dẫn tới một cuộc di dân ở quy mô lớn,question: Vì sao cuộc xung đột ở Nam Ossetia trở nên đặc biệt nguy hiểm? answer: bởi bất kỳ nỗ lực nào nhằm thanh lọc sắc tộc đều có thể dẫn tới một cuộc di dân ở quy mô lớn,0.8999
26,RAG_Chunking,1,"question: Tổ chức xã hội cơ bản của cư dân Đông Nam Á là gì? answer: làng (với tên gọi khác nhau ở mỗi vùng, miền)","question: Tổ chức xã hội cơ bản của cư dân Đông Nam Á là gì? answer: làng (với tên gọi khác nhau ở mỗi vùng, miền)",0.8675
26,RAG_Chunking,2,"question: Điểm chung của hai nền văn minh Hy Lạp và La Mã là gì? answer: hình thành ở ven biển, đồng bằng nhỏ hẹp, đất đai khô cằn... nên khi có công cụ lao động bằng sắt mới xuất hiện nền văn minh","question: Điểm chung của hai nền văn minh Hy Lạp và La Mã là gì? answer: hình thành ở ven biển, đồng bằng nhỏ hẹp, đất đai khô cằn... nên khi có công cụ lao động bằng sắt mới xuất hiện nền văn minh",0.863
26,RAG_Chunking,3,question: Vì sao thành phần tộc người ở Đông Nam Á rất phong phú? answer: Mỗi loại hình nhân chủng trên và sự pha trộn giữa các nhóm đã hình thành nên những tộc người khác nhau,question: Vì sao thành phần tộc người ở Đông Nam Á rất phong phú? answer: Mỗi loại hình nhân chủng trên và sự pha trộn giữa các nhóm đã hình thành nên những tộc người khác nhau,0.8122
26,RAG_Chunking,4,question: Cộng hòa Nam Ossetia là sự pha trộn của những gì? answer: những thị trấn và làng mạc nơi sinh sống của người Gruzia và người Ossetia,question: Cộng hòa Nam Ossetia là sự pha trộn của những gì? answer: những thị trấn và làng mạc nơi sinh sống của người Gruzia và người Ossetia,0.8246
26,RAG_Chunking,5,question: Vì sao cuộc xung đột ở Nam Ossetia trở nên đặc biệt nguy hiểm? answer: bởi bất kỳ nỗ lực nào nhằm thanh lọc sắc tộc đều có thể dẫn tới một cuộc di dân ở quy mô lớn,question: Vì sao cuộc xung đột ở Nam Ossetia trở nên đặc biệt nguy hiểm? answer: bởi bất kỳ nỗ lực nào nhằm thanh lọc sắc tộc đều có thể dẫn tới một cuộc di dân ở quy mô lớn,0.7643
27,Chunking_Only,1,question: Cơ quan hành chính lâm thời thực thể Nam Ossetia do ai lập ra? answer: Gruzia,question: Cơ quan hành chính lâm thời thực thể Nam Ossetia do ai lập ra? answer: Gruzia,0.6377
27,Chunking_Only,2,question: Cơ quan hành chính lâm thời Nam Ossetia được thành lập vào năm nào? answer: 2007,question: Cơ quan hành chính lâm thời Nam Ossetia được thành lập vào năm nào? answer: 2007,0.6462
27,RAG_Chunking,1,question: Chính phủ Cộng hòa xã hội chủ nghĩa Việt Nam đã có quyết định gì vào năm 1982? answer: thành lập huyện đảo Trường Sa và huyện đảo Hoàng Sa,question: Chính phủ Cộng hòa xã hội chủ nghĩa Việt Nam đã có quyết định gì vào năm 1982? answer: thành lập huyện đảo Trường Sa và huyện đảo Hoàng Sa,0.7609
27,RAG_Chunking,2,question: Huyện đảo Hoàng Sa thuộc thành phố nào? answer: thành phố Đà Nẵng,question: Huyện đảo Hoàng Sa thuộc thành phố nào? answer: thành phố Đà Nẵng,0.7149
27,RAG_Chunking,3,question: Cơ quan hành chính lâm thời Nam Ossetia được thành lập vào năm nào? answer: 2007,question: Cơ quan hành chính lâm thời Nam Ossetia được thành lập vào năm nào? answer: 2007,0.6462
28,Chunking_Only,1,question: Lượng mưa trung bình ở Paris là bao nhiêu? answer: 641 mm,question: Lượng mưa trung bình ở Paris là bao nhiêu? answer: 641 mm,0.7921
28,Chunking_Only,2,question: Nhiệt độ thấp nhất ghi được tại Paris là vào ngày nào? answer: ngày 28 tháng 6 năm 1948,question: Nhiệt độ thấp nhất ghi được tại Paris là vào ngày nào? answer: ngày 28 tháng 6 năm 1948,0.8222
28,RAG_Chunking,1,question: Khu vực Nam Âu có những bán đảo nào? answer: bán đảo Ban-căng và bán đảo I-ta-li-a,question: Khu vực Nam Âu có những bán đảo nào? answer: bán đảo Ban-căng và bán đảo I-ta-li-a,0.7339
28,RAG_Chunking,2,question: Những bài học lịch sử của các cuộc kháng chiến bảo vệ Tổ quốc từ năm 1945 đến nay là gì? answer: Những bài học lịch sử của các cuộc kháng chiến bảo vệ Tổ quốc từ năm 1945 đến nay,question: Những bài học lịch sử của các cuộc kháng chiến bảo vệ Tổ quốc từ năm 1945 đến nay là gì? answer: Các bài học lịch sử của các cuộc kháng chiến bảo vệ Tổ quốc từ năm 1945 đến nay: 52 - Bài 10: Khái quát về công cuộc Đổi mới ở Việt Nam từ năm 1945 đến nay: 52 - Bài 10: Khái quát về công cuộc Đổi mới ở Việt Nam từ năm 1945 đến nay: 52 - Bài 10: Khái quát về công cuộc Đổi mới ở Việt Nam từ năm,0.9168
28,RAG_Chunking,3,question: Hoạt động đối ngoại của Việt Nam từ năm 1975 đến năm 1975 là gì? answer: từ đầu thế kỷ XX đến năm 1975,question: Hoạt động đối ngoại của Việt Nam từ năm 1975 đến năm 1975 là gì? answer: từ đầu thế kỷ XX đến năm 1975,0.8124
28,RAG_Chunking,4,question: Lượng mưa trung bình ở Paris là bao nhiêu? answer: 641 mm,question: Lượng mưa trung bình ở Paris là bao nhiêu? answer: 641 mm,0.7817
28,RAG_Chunking,5,question: Nhiệt độ thấp nhất ghi lại được vào ngày 28 tháng 6 năm 1948 là bao nhiêu? answer: 28 tháng 6 năm 1948 là bao nhiêu? answer: 28 tháng 6 năm 1948 là bao nhiêu? answer: 28 tháng 6 năm 1948 là bao nhiêu? answer: 28 tháng 6 năm 1948 là bao nhiêu? answer: 28 tháng 6 năm 1948 là bao nhiêu? answer: 28 tháng 6 năm 1948 là bao nhiêu,"question: Nhiệt độ thấp nhất ghi lại được vào ngày 28 tháng 6 năm 1948 là bao nhiêu? answer: ngày 10 tháng 12 năm 1879, xuống tới -23,9 C",0.7322
29,Chunking_Only,1,question: Cách thức chuẩn liên lạc thông tin với các đảo của Hawaii vào thời đó là gì? answer: khi điều kiện không gian không cho phép liên lạc thông tin trực tiếp như đã xảy ra vào ngày hôm đó,question: Cách thức chuẩn liên lạc thông tin với các đảo của Hawaii vào thời đó là gì? answer: cách thức chuẩn liên lạc thông tin với các đảo của Hawaii vào thời đó khi điều kiện không gian không cho phép liên lạc thông tin trực tiếp như đã xảy ra vào ngày hôm đó,0.7422
29,Chunking_Only,2,"question: Vì sao các vị tướng lãnh ở thủ đô Washington lại cho rằng nếu thông điệp được đánh dấu ""khẩn cấp"" và được gởi đến các vị tư lệnh tại Hawaii thì có thể gây sự chú ý của các điệp viên Nhật Bản ở Tây Duyên hải? answer: họ cho rằng nếu thông điệp được đánh dấu ""khẩn cấp"" và được gởi đến các vị tư lệnh tại Hawaii thì có thể gây sự chú ý của các điệp viên Nhật Bản ở Tây Duyên hải","question: Vì sao các vị tướng lãnh ở thủ đô Washington lại cho rằng nếu thông điệp được đánh dấu ""khẩn cấp"" và được gởi đến các vị tư lệnh tại Hawaii thì có thể gây sự chú ý của các điệp viên Nhật Bản ở Tây Duyên hải? answer: họ cho rằng nếu thông điệp được đánh dấu ""khẩn cấp"" và được gởi đến các vị tư lệnh tại Hawaii thì có thể gây sự chú ý của các điệp viên Nhật Bản ở Tây Duyên hải",0.912
29,Chunking_Only,3,question: Bộ tư lệnh Hải quân Hoa Kỳ tại Hawaii nhận được thông điệp gì? answer: thông điệp được Bộ tư lệnh Hải quân Hoa Kỳ tại Hawaii nhận được mấy tiếng đồng hồ sau khi cuộc tấn công đã kết thúc,question: Bộ tư lệnh Hải quân Hoa Kỳ tại Hawaii nhận được thông điệp gì? answer: thông điệp được Bộ tư lệnh Hải quân Hoa Kỳ tại Hawaii nhận được mấy tiếng đồng hồ sau khi cuộc tấn công đã kết thúc,0.8331
29,RAG_Chunking,1,"question: Answer: Viết một lá thư gửi các chiến sĩ đang làm nhiệm vụ bảo vệ chủ quyền biển, đảo Việt Nam nhân dịp năm mới. 4. Viết một lá thư gửi các chiến sĩ đang làm nhiệm vụ bảo vệ chủ quyền biển, đảo Việt Nam nhân dịp năm mới. 5. Nêu những việc làm mà một công dân có thể đóng góp cho cuộc đấu tranh bảo vệ chủ quyền biển, đảo Việt Nam nhân dịp năm mới. 5. Nêu những việc làm mà một công dân có thể đóng góp cho cuộc đấu tranh bảo vệ chủ quyền, các quyền và lợi ích hợp pháp","question: Nêu những việc làm mà một công dân có thể đóng góp cho cuộc đấu tranh bảo vệ chủ quyền biển, đảo Việt Nam nhân dịp năm mới? answer: Viết một lá thư gửi các chiến sĩ đang làm nhiệm vụ bảo vệ chủ quyền biển, đảo Việt Nam nhân dịp năm mới. 4. Viết một lá thư gửi các chiến sĩ đang làm nhiệm vụ bảo vệ chủ quyền biển, đảo Việt Nam nhân dịp năm mới. 5. Nêu những việc làm mà một công dân có thể đóng góp cho cuộc đấu tranh bảo vệ chủ quyền, các quyền và lợi ích hợp pháp",0.7304
29,RAG_Chunking,2,"question: Thanh sử cáo, Quyển 527 theo: Châu Hải Đường, Việt Nam truyện, ghi chép về Việt Nam trong chính sử Trung Quốc xưa, NXB Hội Nhà văn, tr.141) (Thanh sử cáo, Quyển 527 theo: Châu Hải Đường, Việt Nam truyện, ghi chép về Việt Nam trong chính sử Trung Quốc xưa, NXB Hội Nhà văn, tr.141) (Thanh sử cáo, Quyển 527 theo: Châu Hải Đường, Việt Nam truyện, ghi chép về Việt Nam trong chính sử Trung Quốc xưa, NXB Hội Nhà văn, tr.","question: Thanh sử cáo, Quyển 527, theo: Châu Hải Đường, Việt Nam truyện, ghi chép về Việt Nam trong chính sử Trung Quốc xưa, NXB Hội Nhà văn, tr.141) (Thanh sử cáo, Quyển 527, theo: Châu Hải Đường, Việt Nam truyện, ghi chép về Việt Nam trong chính sử Trung Quốc xưa, NXB Hội Nhà văn, tr.141) (Thanh sử cáo, Quyển 527, theo: Châu Hải Đường, Việt Nam truyện, ghi chép về Việt Nam trong chính sử Trung Quốc xưa, NXB Hội Nhà văn",0.7224
29,RAG_Chunking,3,"question: Tôn Sĩ Nghị đã làm gì để đoạn hậu? answer: Tôn Sĩ Nghị đoạt đường vượt sông Phú Lương, rồi lập tức chặt cầu phao để đoạn hậu, vì vậy những quân còn lại trên bờ, Đề đốc Hứa Thế Hanh, Tổng binh Trương Triều Long, cùng quan quân phu dịch hơn vạn người, đều chen nhau chết đuối","question: Tôn Sĩ Nghị đã làm gì để đoạn hậu? answer: Tôn Sĩ Nghị đoạt đường vượt sông Phú Lương, rồi liền chặt cầu phao để đoạn hậu, vì vậy những quân còn lại trên bờ, Đề đốc Hứa Thế Hanh, Tổng binh Trương Triều Long, cùng quan quân phu dịch hơn vạn người, đều chen nhau chết đuối",0.805
29,RAG_Chunking,4,question: Cách thức chuẩn liên lạc thông tin với các đảo của Hawaii là gì? answer: khi điều kiện không gian không cho phép liên lạc thông tin trực tiếp như đã xảy ra vào ngày hôm đó,question: Cách thức chuẩn liên lạc thông tin với các đảo của Hawaii là gì? answer: chuẩn liên lạc thông tin với các đảo của Hawaii vào thời đó khi điều kiện không gian không cho phép liên lạc thông tin trực tiếp như đã xảy ra vào ngày hôm đó,0.6381
29,RAG_Chunking,5,"question: Vì sao thông điệp của các vị tướng lãnh ở thủ đô Washington lại không được đánh dấu ""khẩn cấp""? answer: vì họ cho rằng nếu thông điệp được đánh dấu ""khẩn cấp"" và được gởi đến các vị tư lệnh tại Hawaii thì có thể gây sự chú ý của các điệp viên Nhậ","question: Vì sao thông điệp của các vị tướng lãnh ở thủ đô Washington lại không được đánh dấu ""khẩn cấp""? answer: vì họ cho rằng nếu thông điệp được đánh dấu ""khẩn cấp"" và được gởi đến các vị tư lệnh tại Hawaii thì có thể gây sự chú ý của các điệp viên Nhậậ",0.8486
29,RAG_Chunking,6,question: Bộ tư lệnh Hải quân Hoa Kỳ tại Hawaii nhận được thông điệp gì? answer: cảnh báo cho lục quân và hải quân tại Hawaii để họ giăng sẵn bẫy đối phó với một cuộc tấn công của người Nhật,question: Bộ tư lệnh Hải quân Hoa Kỳ tại Hawaii nhận được thông điệp gì? answer: cảnh báo cho lục quân và hải quân tại Hawaii để họ giăng sẵn bẫy đối phó với một cuộc tấn công của người Nhật,0.8819
30,Chunking_Only,1,"question: Chính sách kinh tế cánh tả được đánh giá như thế nào? answer: một chính sách kinh tế cánh tả dựa trên 110 Đề xuất cho Pháp và Common Program năm 1972 giữa Đảng Xã hội, Đảng Cộng sản và Đảng Cấp tiến cánh Tả","question: Chính sách kinh tế cánh tả được đánh giá như thế nào? answer: một chính sách kinh tế cánh tả dựa trên 110 Đề xuất cho Pháp và Common Program năm 1972 giữa Đảng Xã hội, Đảng Cộng sản và Đảng Cấp tiến cánh Tả. Nó gồm nhiều kế hoạch quốc hữu hoá, tăng 10% lương tối thiểu (SMIC), làm việc 39 giờ mỗi tuần, 5 tuần nghỉ mỗi năm, việc tạo lập thuế đoàn kết trên tài sản, tăng phúc lợi xã hội, và mở rộng quyền được tư vấn và thông tiể",0.8535
30,Chunking_Only,2,"question: Mục tiêu tạo lập thuế đoàn kết trên tài sản, tăng phúc lợi xã hội, và mở rộng quyền được tư vấn và thông tin của công nhân là gì? answer: khuyến khích bùng nổ nhu cầu và vì thế là cả hoạt động kinh tế (Keynesianism)","question: Mục tiêu tạo lập thuế đoàn kết trên tài sản, tăng phúc lợi xã hội, và mở rộng quyền được tư vấn và thông tin của công nhân về công việc của họ là gì? answer: khuyến khích bùng nổ nhu cầu và vì thế là cả hoạt động kinh tế (Keynesianism)",0.6804
30,Chunking_Only,3,question: Ưu tiên được dành cho cuộc chiến chống lạm phát là gì? answer: cuộc chiến chống lạm phát để duy trì tính cạnh tranh trong Hệ thống Tiền tệ châu Âu,question: Ưu tiên được dành cho cuộc chiến chống lạm phát là gì? answer: cuộc chiến chống lạm phát để duy trì tính cạnh tranh trong Hệ thống Tiền tệ châu Âu,0.6338
30,RAG_Chunking,1,question: Tiểu sử và tiến trình hoạt động của cách mạng Việt Nam là gì? answer: Tiểu sử và tiến trình hoạt động của cách mạng Việt Nam là gì? answer: Tiểu sử và tiến trình hoạt động của cách mạng Việt Nam là gì? answer: Tiểu sử và tiến trình hoạt động của cách mạng Việt Nam là gì? answer: Tiểu sử và tiến trình hoạt động của cách mạng Việt Nam là gì? answer: Tiểu sử và tiến trình hoạt động của cách mạng Việt Nam là gì? answer: Tiểu sử và tiến trình hoạt động của cách,"question: Tiểu sử và tiến trình hoạt động của cách mạng Việt Nam là gì? answer: Tiểu sử và tiến trình hoạt động cách mạng: - 1890-1911: Tuổi thơ ở Nghệ An, học ở Huế, dạy học Phan Thiết, Sài Gòn. - 1941-1919: Ra nước ngoài tìm đường cứu nước, hoạt động ở Pháp",0.8606
30,RAG_Chunking,2,question: Những bài học lịch sử của các cuộc kháng chiến bảo vệ Tổ quốc từ năm 1945 đến nay là gì? answer: 52 - Bài 10: Khái quát về công cuộc Đổi mới,"question: Những bài học lịch sử của các cuộc kháng chiến bảo vệ Tổ quốc từ năm 1945 đến nay là gì? answer: 52 - Bài 8: Cuộc kháng chiến chống Mỹ, cứu nước (1954-1975): 41 - Bài 9: Đấu tranh bảo vệ Tổ quốc từ sau tháng 4 năm 1975 đến nay",0.8126
30,RAG_Chunking,3,question: Cuộc kháng chiến bảo vệ Tổ quốc từ năm 1945 đến nay của Việt Nam từ năm nào đến nay? answer: từ năm nào đến nay,question: Cuộc kháng chiến bảo vệ Tổ quốc từ năm 1945 đến nay của Việt Nam từ năm nào đến nay? answer: từ năm 1945 đến nay,0.8308
30,RAG_Chunking,4,question: Sự khởi đầu nhiệm kỳ đầu tiên của Hồ Chí Minh được đánh dấu bởi điều gì? answer: một chính sách kinh tế cánh tả dựa trên 110 Đ,question: Sự khởi đầu nhiệm kỳ đầu tiên của Hồ Chí Minh được đánh dấu bởi điều gì? answer: một chính sách kinh tế cánh tả dựa trên 110 ĐĐ,0.7741
30,RAG_Chunking,5,"question: Nội dung của chính sách kinh tế cánh tả là gì? answer: các kế hoạch quốc hữu hoá, tăng 10% lương tối thiểu (SMIC), làm việc 39 giờ mỗi tuần, 5 tuần nghỉ mỗi năm, việc tạo lập thuế đoàn kết trên tài sản, tăng phúc lợi xã hội, và mở rộng quyền được tư vấn và thông ti answer: answer: các kế hoạch quốc hữu hoá, tăng 10% lương tối thiểu (SMIC), làm việc 39 giờ mỗi tuần, 5 tuần nghỉ mỗi năm, việc tạo lập thuế đoàn kết trên","question: Nội dung của chính sách kinh tế cánh tả là gì? answer: các kế hoạch quốc hữu hoá, tăng 10% lương tối thiểu (SMIC), làm việc 39 giờ mỗi tuần, 5 tuần nghỉ mỗi năm, việc tạo lập thuế đoàn kết trên tài sản, tăng phúc lợi xã hội, và mở rộng quyền được tư vấn và thông tiêp",0.6549
30,RAG_Chunking,6,question: Mục tiêu của Đạo luật Auroux là gì? answer: khuyến khích bùng nổ nhu cầu và vì thế là cả hoạt động kinh tế (Keynesianism),question: Mục tiêu của Đạo luật Auroux là gì? answer: khuyến khích bùng nổ nhu cầu và vì thế là cả hoạt động kinh tế (Keynesianism),0.6769
30,RAG_Chunking,7,question: Ưu tiên được dành cho cuộc chiến chống lạm phát là gì? answer: cuộc chiến chống lạm phát để duy trì tính cạnh tranh trong Hệ thống Tiền tệ châu Âu,question: Ưu tiên được dành cho cuộc chiến chống lạm phát là gì? answer: cuộc chiến chống lạm phát để duy trì tính cạnh tranh trong Hệ thống Tiền tệ châu Âu,0.6338
31,Chunking_Only,1,"question: Saddam đã có những phản ứng như thế nào đối với Kuwait? answer: Saddam phác ra những bất bình của mình đối với Kuwait, trong khi hứa hẹn rằng ông sẽ không answer: Saddam phác ra những bất bình của mình đối với Kuwait, trong khi hứa hẹn rằng ông sẽ không answer: Saddam phác ra những bất bình của mình đối với Kuwait, trong khi hứa hẹn rằng ông sẽ không answer: Saddam phác ra những bất bình của mình đối với Kuwait, trong khi hứa hẹn rằng ông sẽ không answer: Saddam phác ra những bất bình của mình đối với",question: Cuộc gặp bất ngờ giữa Saddam và Kuwait diễn ra vào thời gian nào? answer: cuối tháng 7 năm 1990,0.7928
31,Chunking_Only,2,"question: Glaspie có thái độ như thế nào đối với Saddam? answer: Saddam phác ra những bất bình của mình đối với Kuwait, trong khi hứa hẹn rằng ông sẽ không xâm chiếm Kuwait trước khi tiếp tục những cuộc đàm phán thẳng thắn khác","question: Glaspie có thái độ như thế nào đối với Saddam? answer: Saddam phác ra những bất bình của mình đối với Kuwait, trong khi hứa hẹn rằng ông sẽ không xâm chiếm Kuwait trước khi tiếp tục những cuộc đàm phán thẳng thắn khác",0.8208
31,RAG_Chunking,1,"question: Hoạt động đối ngoại chủ yếu trong kháng chiến chống Pháp là gì? answer: Hoạt động đối ngoại chủ yếu trong kháng chiến chống Pháp (1945-1954): - Chủ tịch Hồ Chí Minh gửi thư, công hàm khẳng định tính hợp pháp của nhà nước Việt Nam Dân chủ Cộng hòa. - Chủ tịch Hồ Chí Minh gửi thư, công hàm khẳng định tính hợp pháp của nhà nước Việt Nam Dân chủ Cộng hòa. - Chủ tịch Hồ Chí Minh gửi thư, công hàm khẳng định tính hợp pháp của nhà nước Việt Nam Dân chủ Cộng hòa","question: Hoạt động đối ngoại chủ yếu trong kháng chiến chống Pháp là gì? answer: Hoạt động đối ngoại chủ yếu trong kháng chiến chống Pháp (1945-1954): - Chủ tịch Hồ Chí Minh gửi thư, công hàm khẳng định tính hợp pháp của nhà nước Việt Nam Dân chủ Cộng hòa. - Chủ tịch Hồ Chí Minh gửi thư, công hàm khẳng định tính hợp pháp của nhà nước Việt Nam Dân chủ Cộng hòa. - Chủ tịch Hồ Chí Minh gửi thư, công hàm khẳng định tính hợp pháp của nhà nước Việt Nam Dân chủ Cộng hòa",0.8497
31,RAG_Chunking,2,question: Quân đội Iraq tập trung tấn công căn cứ Lam Sơn vào thời gian nào? answer: cuối tháng 7 năm 1990,question: Quân đội Iraq tập trung tấn công căn cứ Lam Sơn vào thời gian nào? answer: cuối tháng 7 năm 1990,0.6926
31,RAG_Chunking,3,question: Ai là người triệu tập Đại sứ Hoa Kỳ April Glaspie tới một cuộc gặp bất ngờ với Saddam Hussein? answer: Đại sứ Hoa Kỳ April Glaspie,question: Ai là người triệu tập Đại sứ Hoa Kỳ April Glaspie tới một cuộc gặp bất ngờ với Saddam Hussein? answer: Đại sứ Hoa Kỳ April Glaspie,0.6923
31,RAG_Chunking,4,question: Glaspie có thái độ như thế nào đối với việc tăng cường quân sự của Kuwait? answer: answer: ông sẽ không xâm chiếm Kuwait trước khi tiếp tục những cuộc đàm phán thẳng thắn khác,question: Glaspie có thái độ như thế nào đối với việc tăng cường quân sự của Kuwait? answer: ông sẽ không xâm chiếm Kuwait trước khi tiếp tục những cuộc đàm phán thẳng thắn khác,0.7863
32,Chunking_Only,1,"question: Quân đội Đế quốc đã suy yếu như thế nào sau khi ông qua đời? answer: Quân đội Đế quốc cũng suy yếu, bị đánh tan tác trong một cuộc chiến tranh với quân Thổ Nhĩ Kỳ Ottoman","question: Quân đội Đế quốc đã suy yếu như thế nào sau khi ông qua đời? answer: Quân đội Đế quốc cũng suy yếu, bị đánh tan tác trong một cuộc chiến tranh với quân Thổ Nhĩ Kỳ Ottoman",0.7579
32,RAG_Chunking,1,"question: Điều gì đã làm cho bộ máy chính quyền thời Gia Long và những năm đầu thời Minh Mạng thiếu sự thống nhất, đồng bộ và tập trung? answer: Quyền lực của nhà vua và triều đình bị hạn chế, không kiểm soát chặt chẽ được các trấn","question: Điều gì đã làm cho bộ máy chính quyền thời Gia Long và những năm đầu thời Minh Mạng thiếu sự thống nhất, đồng bộ và tập trung? answer: Quyền lực của nhà vua và triều đình bị hạn chế, không kiểm soát chặt chẽ được các trấn",0.8609
32,RAG_Chunking,2,"question: Cách mạng tư sản Pháp đã lật đổ chế độ nào? answer: quân chủ chuyên chế, thiết lập chế độ quân chủ lập hiến",question: Chiến tranh giành độc lập của 13 thuộc địa Anh ở Bắc Mỹ đã lật đổ sự thống trị của ai? answer: thực dân Anh,0.7699
32,RAG_Chunking,3,"question: Vào thời hậu kì trung đại, kinh tế Tây Âu có những thay đổi như thế nào? answer: Kinh tế Tây Âu có những thay đổi như thế nào? answer: Kinh tế Tây Âu có những thay đổi như thế nào? answer: Kinh tế Tây Âu có những thay đổi như thế nào? answer: Kinh tế Tây Âu có những thay đổi như thế nào? answer: Kinh tế Tây Âu có những thay đổi như thế nào? answer: Kinh tế Tây Âu có những thay đổi như thế nào? answer: Kinh tế Tây Âu","question: Vào thời hậu kì trung đại, kinh tế Tây Âu có những thay đổi như thế nào? answer: Quan hệ sản xuất tư bản chủ nghĩa hình thành cùng với sự phát triển kinh tế công thương nghiệp, sự tiến bộ của khoa học  kĩ thuật",0.8364
32,RAG_Chunking,4,"question: Vì sao Đức lùi lại phía sau những nước Tây Âu khác? answer: tình trạng chia rẽ và cô lập khỏi những trào lưu tư tưởng và phát triển, đã khiến cho Đức lùi lại phía sau những nước Tây Âu khác","question: Vì sao Đức lùi lại phía sau những nước Tây Âu khác? answer: tình trạng chia rẽ và cô lập khỏi những trào lưu tư tưởng và phát triển, đã khiến cho Đức lùi lại phía sau những nước Tây Âu khác",0.6389
32,RAG_Chunking,5,"question: Sau khi Vương công Eugène xứ Savoie qua đời, quân đội Đế quốc Pháp như thế nào? answer: Quân đội Đế quốc cũng suy yếu, bị đánh tan tác trong một cuộc chiến tranh với quân Thổ Nhĩ Kỳ Ottoman","question: Sau khi Vương công Eugène xứ Savoie qua đời, quân đội Đế quốc Pháp như thế nào? answer: suy yếu, bị đánh tan tác trong một cuộc chiến tranh với quân Thổ Nhĩ Kỳ Ottoman",0.8186
33,Chunking_Only,1,"question: Trong nhiệm kỳ đầu tiên của mình, FDR đã làm gì? answer: FDR đã hướng dẫn Quốc hội Hoa Kỳ thông qua chương trình kinh tế Kinh tế Mới",question: FDR đã hướng dẫn Quốc hội Hoa Kỳ thông qua chương trình gì? answer: kinh tế Kinh tế Mới,0.7173
33,Chunking_Only,2,"question: Sự kiện gì đã diễn ra vào năm 1937? answer: Liên minh bảo thủ lưỡng đảng hình thành vào năm 1937 đã ngăn cản ông ""đưa ra quy định kiểm soát đối với Phố Wall, ngân hàng và giao thông"" và cải cách kinh tế (theo ông có nghĩa là lập ra quy định kiểm soát đối với Phố Wall, ngân hàng và giao thông) và cải cách kinh tế (theo ông có nghĩa là lập ra quy định kiểm soát đối với Phố Wall, ngân hàng và giao thông)","question: Sự kiện gì đã diễn ra vào năm 1937? answer: Liên minh bảo thủ lưỡng đảng hình thành vào năm 1937 đã ngăn cản ông ""đưa ra quy định kiểm soát đối với Phố Wall, ngân hàng và giao thông"" và cải cách kinh tế (theo ông có nghĩa là lập ra quy định kiểm soát đối với Phố Wall, ngân hàng và giao thông)",0.7487
33,Chunking_Only,3,"question: Khi tình trạng thất nghiệp thực tế chấm dứt thì liên minh bảo thủ lưỡng đảng đã làm gì? answer: ngăn cản ông ""đưa người"" vào Tối cao Pháp viện Hoa Kỳ hoặc thông qua quá nhiều luật mới","question: Khi tình trạng thất nghiệp thực tế chấm dứt thì liên minh bảo thủ lưỡng đảng đã làm gì? answer: ngăn cản ông ""đưa người"" vào Tối cao Pháp viện Hoa Kỳ hoặc thông qua quá nhiều luật mới",0.7418
33,Chunking_Only,4,question: Các quy định kiểm soát thương nghiệp chấm dứt vào thời gian nào? answer: từ năm 197585,question: Các quy định kiểm soát thương nghiệp chấm dứt vào thời gian nào? answer: từ năm 197585,0.7409
33,RAG_Chunking,1,question: Cuộc Cách mạng công nghiệp lần thứ tư bắt đầu từ khi nào? answer: đầu thế kỉ XXI,question: Cuộc Cách mạng công nghiệp lần thứ tư bắt đầu từ khi nào? answer: đầu thế kỉ XXI,0.8031
33,RAG_Chunking,2,question: Chủ tịch Hồ Chí Minh ra Lời kêu gọi toàn quốc kháng chiến vào thời gian nào? answer: Ngày 19-12-1946,question: Chủ tịch Hồ Chí Minh ra Lời kêu gọi toàn quốc kháng chiến vào thời gian nào? answer: Ngày 19-12-1946,0.7871
33,RAG_Chunking,3,"question: Trong nhiệm kỳ đầu tiên của mình, FDR đã có những động thái gì? answer: FDR đã hướng dẫn Quốc hội Hoa Kỳ answer: FDR đã hướng dẫn Quốc hội Hoa Kỳ answer: FDR đã hướng dẫn Quốc hội Hoa Kỳ answer: FDR đã hướng dẫn Quốc hội Hoa Kỳ answer: FDR đã hướng dẫn Quốc hội Hoa Kỳ answer: FDR đã hướng dẫn Quốc hội Hoa Kỳ answer: FDR đã hướng dẫn Quốc hội Hoa Kỳ answer: FDR đã hướng dẫn Quốc hội Hoa Kỳ ans","question: Trong nhiệm kỳ đầu tiên của mình, Roosevelt đã có những động thái gì? answer: Roosevelt đã khởi động rất nhiều chương trình lớn khác nhau. Trong một trăm ngày đầu tiên với vai trò tổng thống, bắt đầu từ ngày 4 tháng 3 năm 1933, Roosevelt đã khởi động rất nhiều chương trình lớn khác nhau. Trong một trăm ngày đầu tiên với vai trò tổng thống, bắt đầu từ ngày 4 tháng 3 năm 1933, Roosevelt đã khởi động rất nhiều chương trình lớn khác nhau",0.7423
33,RAG_Chunking,4,question: FDR đã hướng dẫn Quốc hội thông qua chương trình kinh tế Kinh tế Mới vào thời gian nào? answer: nhiệm kỳ đầu tiên (193337),question: FDR đã hướng dẫn Quốc hội thông qua chương trình kinh tế Kinh tế Mới vào thời gian nào? answer: nhiệm kỳ đầu tiên (193337),0.8231
33,RAG_Chunking,5,"question: Sự kiện gì đã diễn ra vào năm 1937? answer: Liên minh bảo thủ lưỡng đảng hình thành vào năm 1937 đã ngăn cản ông ""đưa người"" vào Tối cao Pháp viện Hoa Kỳ hoặc thông qua quá nhiều luật mới","question: Sự kiện gì đã diễn ra vào năm 1937? answer: Liên minh bảo thủ lưỡng đảng hình thành vào năm 1937 đã ngăn cản ông ""đưa người"" vào Tối cao Pháp viện Hoa Kỳ hoặc thông qua quá nhiều luật mới",0.6796
33,RAG_Chunking,6,question: Chương trình An sinh Xã hội được Quốc hội thông qua vào năm nào? answer: năm 1935,question: Chương trình An sinh Xã hội được Quốc hội thông qua vào năm nào? answer: năm 1935,0.6762
34,Chunking_Only,1,"question: Các nhà lãnh đạo quân đội và nhóm dân biểu ""còn lại"" của quốc hội năm 1640 là những ai? answer: là những người rất trung thành với lý tưởng Thanh giáo","question: Các nhà lãnh đạo quân đội và nhóm dân biểu ""còn lại"" (the Rump) của quốc hội năm 1640 là những ai? answer: là những người rất trung thành với lý tưởng Thanh giáo",0.6261
34,Chunking_Only,2,"question: Ngày 30 tháng 1 cùng năm nhà vua bị kết tội gì? answer: bạo chúa, phản bội, sát nhân và là kẻ thù của nhân dân","question: Ngày 30 tháng 1 cùng năm nhà vua bị kết tội gì? answer: bạo chúa, phản bội, sát nhân và là kẻ thù của nhân dân",0.7321
34,RAG_Chunking,1,question: Chế độ quân chủ chuyên chế của nước Pháp là gì? answer: quân chủ chuyên chế,question: Chế độ quân chủ chuyên chế của nước Pháp là gì? answer: quân chủ chuyên chế,0.732
34,RAG_Chunking,2,question: Charles bị đưa ra xét xử vào thời gian nào? answer: Ngày 20 tháng 1 năm 1649,question: Charles bị đưa ra xét xử vào thời gian nào? answer: Ngày 20 tháng 1 năm 1649,0.6843
34,RAG_Chunking,3,"question: Ngày 30 tháng 1 cùng năm nhà vua bị kết tội gì? answer: bạo chúa, phản bội, sát nhân và là kẻ thù của nhân dân","question: Ngày 30 tháng 1 cùng năm nhà vua bị kết tội gì? answer: bạo chúa, phản bội, sát nhân và là kẻ thù của nhân dân",0.7245
35,Chunking_Only,1,question: Tuyên ngôn Vương thất 1763 có ý nghĩa như thế nào đối với Québec? answer: có ý nghĩa như thế nào đối với Québec? answer: có ý nghĩa như thế nào đối với Québec? answer: có ý nghĩa như thế nào đối với Québec? answer: có ý nghĩa như thế nào đối với Québec? answer: có ý nghĩa như thế nào đối với Québec? answer: có ý nghĩa như thế nào đối với Québec? answer: có ý nghĩa như thế nào đối với Québec? answer: có ý nghĩa,"question: Tuyên ngôn Vương thất 1763 có ý nghĩa như thế nào đối với Québec? answer: tạo nên tỉnh Quebec từ Tân Pháp, và sáp nhập đảo Cape Breton vào Nova Scotia",0.8099
35,Chunking_Only,2,"question: Tại sao nhiều cư dân Mười ba Thuộc địa tức giận, kích động tình cảm chống Anh? answer: Điều này khiến cho nhiều cư dân Mười ba Thuộc địa tức giận, kích động tình cảm chống Anh trong những năm trước khi bùng nổ Cách mạng Mỹ","question: Điều gì đã làm cho cư dân Mười ba Thuộc địa tức giận, kích động tình cảm chống Anh? answer: Anh Quốc cũng tái lập ngôn ngữ Pháp, đức tin Công giáo La Mã, và dân luật Pháp tại đây",0.839
35,RAG_Chunking,1,"question: Nước Pháp duy trì chế độ quân chủ chuyên chế vào thời gian nào? answer: Đến cuối thế kỉ XVII, nước Pháp vẫn duy trì chế độ quân chủ chuyên chế, đứng đầu là vua Lu-i XVI","question: Nước Pháp duy trì chế độ quân chủ chuyên chế vào thời gian nào? answer: Đến cuối thế kỉ XVII, nước Pháp vẫn duy trì chế độ quân chủ chuyên chế, đứng đầu là vua Lu-i XVI",0.7114
35,RAG_Chunking,2,question: Vì sao các cuộc cách mạng tư sản lại khác nhau? answer: Do điều kiện lịch sử ở mỗi nước khác nhau nên mức độ thắng lợi của các cuộc cách mạng tư sản cũng khác nhau,question: Vì sao các cuộc cách mạng tư sản lại khác nhau? answer: Do điều kiện lịch sử ở mỗi nước khác nhau nên mức độ thắng lợi của các cuộc cách mạng tư sản cũng khác nhau,0.825
35,RAG_Chunking,3,"question: Nhà nước Phù Nam được tổ chức như thế nào? answer: theo thể chế quân chủ chuyên chế, vua là người đứng đầu có quyền lực tối cao","question: Nhà nước Phù Nam được tổ chức như thế nào? answer: theo thể chế quân chủ chuyên chế, vua là người đứng đầu có quyền lực tối cao",0.7189
35,RAG_Chunking,4,"question: Để ngăn ngừa xung đột tại Québec, Anh Quốc đã làm gì? answer: Anh Quốc thông qua đạo luật Québec vào năm 1774, mở rộng lãnh thổ của Québec đến Ngũ Đại Hồ và thung lũng sông Ohio","question: Để ngăn ngừa xung đột tại Québec, Anh Quốc đã làm gì? answer: Anh Quốc thông qua đạo luật Québec vào năm 1774, mở rộng lãnh thổ của Québec đến Ngũ Đại Hồ và thung lũng sông Ohio",0.7254
35,RAG_Chunking,5,"question: cư dân Mười ba Thuộc địa tức giận, kích động tình cảm chống Anh trong những năm nào? answer: những năm trước khi bùng nổ Cách mạng Mỹ","question: Cư dân Mười ba Thuộc địa tức giận, kích động tình cảm chống Anh trong những năm nào? answer: những năm trước khi bùng nổ Cách mạng Mỹ",0.866
36,Chunking_Only,1,question: Tổng thống Hoa Kỳ rời Ai Cập vào ngày nào? answer: ngày 12 tháng 2 năm 1945,question: Tổng thống Hoa Kỳ rời Ai Cập vào ngày nào? answer: ngày 12 tháng 2 năm 1945,0.7115
36,Chunking_Only,2,question: Cuộc họp cuối cùng giữa F.D.Roosevelt và Winston Churchill diễn ra vào ngày nào? answer: ngày 18 tháng 2,question: Cuộc họp cuối cùng giữa F.D.Roosevelt và Winston Churchill diễn ra vào ngày nào? answer: ngày 18 tháng 2,0.6733
36,Chunking_Only,3,"question: Tại Yalta, Lord Moran đã nói về bệnh tình của Roosevelt như thế nào? answer: Bệnh tình của ông rất là nặng. Ông có tất cả triệu chứng của bệnh xơ cứng mạch máu não trong thời kỳ cuối, vì vậy tôi cho rằng ông chỉ còn sống vài tháng","question: Tại Yalta, Lord Moran đã nói về bệnh tình của Roosevelt như thế nào? answer: Bệnh tình của ông rất là nặng. Ông có tất cả triệu chứng của bệnh xơ cứng mạch máu não trong thời kỳ cuối, vì vậy tôi cho rằng ông chỉ còn sống vài tháng",0.8186
36,RAG_Chunking,1,"question: Cuộc kháng chiến chống quân Xiêm diễn ra vào thời gian nào? answer: Giữa năm 1784, 5 vạn quân Xiêm kéo vào Gia Định (Nam Bộ ngày nay) với danh nghĩa giúp Nguyễn Ánh","question: Cuộc kháng chiến chống quân Xiêm diễn ra vào thời gian nào? answer: Giữa năm 1784, 5 vạn quân Xiêm kéo vào Gia Định (Nam Bộ ngày nay) với danh nghĩa giúp Nguyễn Ánh",0.8632
36,RAG_Chunking,2,question: Ngày 19-1-1785 đã diễn ra sự kiện gì? answer: trên sông Tiên (đoạn từ Rạch Gầm đến Xoài Mút) đã diễn ra trận đánh quyết định giữa quân Tây Sơn và quân Xiêm,"question: Ngày 19-1-1785 đã diễn ra sự kiện gì? answer: trên sông Tiên (đoạn từ Rạch Gầm đến Xoài Mút) đã diễn ra trận đánh quyết định giữa quân Tây Sơn và quân Xiêm. Mờ sáng ngày 19-1-1785, trên sông Tiên (đoạn từ Rạch Gầm đến Xoài Mút) đã diễn ra trận đánh quyết định giữa quân Tây Sơn và quân Xiêm",0.8176
36,RAG_Chunking,3,question: Quân Tây Sơn tiến đánh và hạ đồn Đống Đa vào thời gian nào? answer: Mờ sáng ngày mồng 5 Tết,question: Quân Tây Sơn tiến đánh và hạ đồn Đống Đa vào thời gian nào? answer: Mờ sáng ngày mồng 5 Tết,0.6062
36,RAG_Chunking,4,question: Tổng thống Hoa Kỳ rời Ai Cập vào ngày nào? answer: ngày 12 tháng 2 năm 1945,question: Tổng thống Hoa Kỳ rời Ai Cập vào ngày nào? answer: ngày 12 tháng 2 năm 1945,0.7143
36,RAG_Chunking,5,question: Cuộc họp cuối cùng giữa F.D.Roosevelt và Winston Churchill diễn ra vào ngày nào? answer: ngày 18 tháng 2,question: Cuộc họp cuối cùng giữa F.D.Roosevelt và Winston Churchill diễn ra vào ngày nào? answer: ngày 18 tháng 2,0.6581
36,RAG_Chunking,6,"question: Tại Yalta, Lord Moran đã nói về bệnh tình của Roosevelt như thế nào? answer: Bệnh tình của ông rất là nặng. Ông có tất cả triệu chứng của bệnh xơ cứng mạch máu não trong thời kỳ cuối, vì vậy tôi cho rằng ông chỉ còn sống vài tháng","question: Tại Yalta, Lord Moran đã nói về bệnh tình của Roosevelt như thế nào? answer: Bệnh tình của ông rất là nặng. Ông có tất cả triệu chứng của bệnh xơ cứng mạch máu não trong thời kỳ cuối, vì vậy tôi cho rằng ông chỉ còn sống vài tháng",0.8333
37,Chunking_Only,1,"question: Roosevelt đã giúp đỡ Alfred E. Smith như thế nào? answer: Ông giúp Alfred E. Smith đắc cử thống đốc tiểu bang New York năm 1922, và thậm chí ông còn là một người ủng hộ tích cực cho Smith chống lại người cháu họ cùa Smith chống lại người cháu họ cùa Smith chống lại người cháu họ cùa Smith chống lại người cháu họ cùa Smith chống lại người cháu họ cùa Smith chống lại người cháu họ cùa Smith chống lại người cháu họ cùa Smith chống lại người cháu họ cùa Smith chống lại người cháu họ cùa Smith chống","question: Roosevelt đã giúp đỡ Alfred E. Smith như thế nào? answer: Ông giúp Alfred E. Smith đắc cử thống đốc tiểu bang New York năm 1922, và thậm chí ông còn là một người ủng hộ tích cực cho Smith chống lại người cháu họ cùa Smith chống lại người cháu họ cùa Smith chống lại người cháu họ cùa Smith chống lại người cháu họ cùa Smith chống lại người cháu họ cùa Smith chống lại người cháu họ cùa Smith chống lại người cháu họ cùa Smith chống lại người cháu họ cùa Smith chống lại người cháu họ cùa Smith chống",0.7629
37,Chunking_Only,2,question: Ai là người đã đề cử Smith trong các đại hội toàn quốc của Đảng Dân chủ năm 1924 và 1928? answer: Roosevelt,question: Ai là người đã đề cử Smith trong các đại hội toàn quốc của Đảng Dân chủ năm 1924 và 1928? answer: Roosevelt,0.8245
37,Chunking_Only,3,"question: Trong cuộc bầu cử tổng thống năm 1928, Smith đã yêu cầu Roosevelt làm gì? answer: yêu cầu Roosevelt ra tranh cử chức thống đốc tiểu bang New York năm 1928","question: Trong cuộc bầu cử tổng thống năm 1928, Smith đã yêu cầu Roosevelt làm gì? answer: yêu cầu Roosevelt ra tranh cử chức thống đốc tiểu bang New York năm 1928",0.8375
37,RAG_Chunking,1,question: Nguyên nhân dẫn tới thắng lợi của Cách mạng Tháng Tám năm 1945 là gì? answer: Sự chuẩn bị chu đáo về lực lượng chính trị và lực lượng vũ trang,question: Nguyên nhân dẫn tới thắng lợi của Cách mạng Tháng Tám năm 1945 là gì? answer: Sự lãnh đạo đúng đắn của Đảng Cộng sản Đông Dương đứng đầu là Chủ tịch Hồ Chí Minh,0.922
37,RAG_Chunking,2,question: Chủ tịch Hồ Chí Minh ra Lời kêu gọi toàn quốc kháng chiến vào thời gian nào? answer: Ngày 19-12-1946,question: Chủ tịch Hồ Chí Minh ra Lời kêu gọi toàn quốc kháng chiến vào thời gian nào? answer: Ngày 19-12-1946,0.8183
37,RAG_Chunking,3,question: Cuộc chiến đấu ở các đô thị phía Bắc diễn ra vào thời gian nào? answer: 12-1946 - 2-1947,question: Cuộc chiến đấu ở các đô thị phía Bắc diễn ra vào thời gian nào? answer: 12-1946 - 2-1947,0.6687
37,RAG_Chunking,4,question: Ai là người duy trì liên lạc và hàn gắn rào cản cách biệt với Đảng Dân chủ trong suốt thập niên 1920? answer: Roosevelt,question: Ai là người duy trì liên lạc và hàn gắn rào cản cách biệt với Đảng Dân chủ trong suốt thập niên 1920? answer: Roosevelt,0.6954
37,RAG_Chunking,5,question: Alfred E. Smith đắc cử thống đốc tiểu bang New York vào năm nào? answer: năm 1922,question: Alfred E. Smith đắc cử thống đốc tiểu bang New York vào năm nào? answer: năm 1922,0.7545
37,RAG_Chunking,6,question: Roosevelt đã đề cử Smith trong các đại hội toàn quốc của Đảng Dân chủ vào năm nào? answer: 1924 và 1928,question: Roosevelt đã đề cử Smith trong các đại hội toàn quốc của Đảng Dân chủ vào năm nào? answer: 1924 và 1928,0.8358
37,RAG_Chunking,7,question: Ai đắc cử thống đốc tiểu bang New York năm 1928? answer: Roosevelt,question: Ai đắc cử thống đốc tiểu bang New York năm 1928? answer: Roosevelt,0.7953
38,Chunking_Only,1,"question: Vào thế kỷ 15, Franois Villon đã viết về Paris trong tác phẩm chính của mình là gì? answer: Le Testament","question: Vào thế kỷ 15, Franois Villon đã viết về Paris trong tác phẩm chính của mình là gì? answer: Le Testament",0.8435
38,Chunking_Only,2,question: Toàn cảnh miêu tả xã hội Pháp thế kỷ 19. Alexandre Dumas với Ba người lính ngự lâm đã cho thấy điều gì? answer: Paris khác trong lịch sử,question: Toàn cảnh miêu tả xã hội Pháp thế kỷ 19. Alexandre Dumas với Ba người lính ngự lâm đã cho thấy điều gì? answer: Paris khác trong lịch sử,0.8992
38,RAG_Chunking,1,question: Ngày 14-7-1789 diễn ra sự kiện gì? answer: hàng nghìn người dân Pa-ri đã nổi dậy đánh chiếm ngục Ba-xti từ tay quân lính của triều đình,question: Ngày 14-7-1789 là ngày diễn ra sự kiện gì? answer: hàng nghìn người dân Pa-ri đã nổi dậy đánh chiếm ngục Ba-xti từ tay quân lính của triều đình,0.6827
38,RAG_Chunking,2,question: Những bài học lịch sử của các cuộc kháng chiến bảo vệ Tổ quốc từ năm 1945 đến nay là gì? answer: Những bài học lịch sử của các cuộc kháng chiến bảo vệ Tổ quốc từ năm 1945 đến nay là gì? answer: Những bài học lịch sử của các cuộc kháng chiến bảo vệ Tổ quốc từ năm 1945 đến nay là gì? answer: Những bài học lịch sử của các cuộc kháng chiến bảo vệ Tổ quốc từ năm 1945 đến nay là gì? answer: Những bài học lịch sử của các,question: Những bài học lịch sử của các cuộc kháng chiến bảo vệ Tổ quốc từ năm 1945 đến nay là gì? answer: Bài 6: Cách mạng tháng Tám năm 1945: 29,0.71
38,RAG_Chunking,3,question: Bài học lịch sử của các cuộc kháng chiến bảo vệ Tổ quốc từ năm 1945 đến nay là gì? answer: từ năm 1945 đến nay,question: Bài học lịch sử của các cuộc kháng chiến bảo vệ Tổ quốc từ năm 1945 đến nay là gì? answer: Các cuộc kháng chiến bảo vệ Tổ quốc từ năm 1945 đến nay,0.7334
38,RAG_Chunking,4,question: Hoạt động đối ngoại của Việt Nam từ năm 1975 đến nay như thế nào? answer: 73 - Bài 13: Hoạt động đối ngoại của Việt Nam từ năm 1975 đến nay: 73 - Bài 13: Hoạt động đối ngoại của Việt Nam từ năm 1975 đến nay: 73 - Bài 13: Hoạt động đối ngoại của Việt Nam từ năm 1975 đến nay: 73 - Bài 13: Hoạt động đối ngoại của Việt Nam từ năm 1975 đến nay: 73 - Bài 13: Hoạt,question: Hoạt động đối ngoại của Việt Nam từ năm 1975 đến nay như thế nào? answer: từ năm 1975 đến nay: 73 - Bài 13: Hoạt động đối ngoại của Việt Nam từ năm 1975 đến nay: 73 - Bài 13: Hoạt động đối ngoại của Việt Nam từ năm 1975 đến nay: 73 - Bài 13: Hoạt động đối ngoại của Việt Nam từ năm 1975 đến nay: 73 - Bài 13: Hoạt động đối ngoại của Việt Nam từ năm 1975 đến nay,0.8287
38,RAG_Chunking,5,"question: Vào thế kỷ 15, Franois Villon đã viết về Paris trong tác phẩm chính của mình là gì? answer: Le Testament","question: Vào thế kỷ 15, Franois Villon đã viết về Paris trong tác phẩm chính của mình là gì? answer: Le Testament",0.8302
38,RAG_Chunking,6,question: Ai là người đã cho thấy một Paris khác trong lịch sử? answer: Alexandre Dumas với Ba người lính ngự lâm,question: Ai là người đã cho thấy một Paris khác trong lịch sử? answer: Alexandre Dumas với Ba người lính ngự lâm,0.8064
39,Chunking_Only,1,question: Có bao nhiêu phần trăm người Mỹ ăn gà tây vào dịp lễ Tạ ơn hay Giáng sinh? answer: 88%,question: Có bao nhiêu phần trăm người Mỹ ăn gà tây vào dịp lễ Tạ ơn hay Giáng sinh? answer: 88%,0.681
39,Chunking_Only,2,"question: Vì sao người ta thường nuôi gà tây trên những bãi cỏ, những cánh đồng hoặc nuôi nhốt trong những sân chơi rộng? answer: Người nuôi gà tây thường chăn thả trên những bãi cỏ, những cánh đồng hoặc nuôi nhốt trong những sân chơi rộng",question: Món ăn ưa thích của gà tây là gì? answer: cỏ,0.6828
39,RAG_Chunking,1,"question: Nguồn lương thực chính của cư dân Phù Nam là gì? answer: lúa gạo và các loại rau, củ, quả","question: Nguồn lương thực chính của cư dân Phù Nam là gì? answer: lúa gạo và các loại rau, củ, quả",0.8281
39,RAG_Chunking,2,"question: Trang phục của người Chăm-pa như thế nào? answer: nam, nữ thường quấn ngang tấm vải từ lưng trở xuống, tai đeo trang sức","question: Trang phục của người Chăm-pa như thế nào? answer: nam, nữ thường quấn ngang tấm vải từ lưng trở xuống, tai đeo trang sức",0.634
39,RAG_Chunking,3,"question: Những cây lương thực nào được người dân trồng nhiều? answer: ngô, khoai, sắn","question: Những cây lương thực nào được người dân trồng nhiều? answer: ngô, khoai, sắn",0.6102
39,RAG_Chunking,4,question: Mục đích của việc nuôi gà tây nhà là gì? answer: cung cấp thịt gà tây,question: Mục đích của việc nuôi gà tây nhà là gì? answer: cung cấp thịt gà tây,0.6564
39,RAG_Chunking,5,question: Món ăn ưa thích của gà tây là gì? answer: cỏ,question: Món ăn ưa thích của gà tây là gì? answer: cỏ,0.6076
39,RAG_Chunking,6,"question: Ngoài ngũ cốc, đậu đỗ, cám bã gà tây còn ăn bao nhiêu loại rau xanh, cỏ lác? answer: 30-40%","question: Ngoài ngũ cốc, đậu đỗ, cám bã, gà tây còn ăn bao nhiêu loại rau xanh, cỏ lác? answer: 30-40%",0.6596
40,Chunking_Only,1,question: Tên lửa AGM-130 của Không lực Hoa Kỳ có tầm ảnh hưởng như thế nào so với các cuộc chiến trước đó? answer: có tầm ảnh hưởng như thế nào so với các cuộc chiến trước đó? answer: có tầm ảnh hưởng như thế nào so với các cuộc chiến trước đó? answer: tầm ảnh hưởng như thế nào so với các cuộc chiến trước đó? answer: tầm ảnh hưởng như thế nào so với các cuộc chiến trước đó? answer: tầm ảnh hưởng như thế nào so với các cuộc chiến trước đó,question: Tên lửa AGM-130 của Không lực Hoa Kỳ có tầm ảnh hưởng như thế nào so với các cuộc chiến trước đó? answer: được dự đoán sẽ trở thành các vũ khí chính cho phép các cuộc tấn công quân sự diễn ra với những tổn thất dân sự nhỏ nhất so với các cuộc chiến trước đó,0.7516
40,Chunking_Only,2,"question: Những loại bom nào có thể phá hủy mọi vật trong bán kính hàng trăm yard? answer: bom chùm có thể vỡ ra thành nhiều quả bom nhỏ, và những quả bom BLU-82 nặng 15.000 pound có thể phá hủy mọi vật trong bán kính hàng trăm yard","question: Những loại bom nào có thể phá hủy mọi vật trong bán kính hàng trăm yard? answer: bom chùm có thể vỡ ra thành nhiều quả bom nhỏ, và những quả bom BLU-82 nặng 15.000 pound",0.6618
40,RAG_Chunking,1,"question: Để kháng chiến chống ngoại xâm, tổ tiên chúng ta phải làm gì? answer: phải xây dựng đường sá, cầu cống, vét sông, khơi nguồn thường xuyên để có thể nhanh chóng chuyển quân rút lui chiến lược hay tổng phản công nhanh chóng...","question: Để kháng chiến chống ngoại xâm, tổ tiên chúng ta phải làm gì? answer: phải xây dựng đường sá, cầu cống, vét sông, khơi nguồn thường xuyên để có thể nhanh chóng chuyển quân rút lui chiến lược hay tổng phản công nhanh chóng...",0.8063
40,RAG_Chunking,2,"question: Tác dụng của kháng chiến chống ngoại xâm đối với sự hình thành của dân tộc Việt Nam là gì? answer: Tác dụng của kháng chiến chống ngoại xâm đối với sự hình thành của dân tộc Việt Nam, Tạp chí Nghiên cứu lịch sử, số 5, 1981, tr.23","question: Tác dụng của kháng chiến chống ngoại xâm đối với sự hình thành của dân tộc Việt Nam là gì? answer: Tác dụng của kháng chiến chống ngoại xâm đối với sự hình thành của dân tộc Việt Nam, Tạp chí Nghiên cứu lịch sử, số 5, 1981, tr.23",0.8102
40,RAG_Chunking,3,"question: Trần Quốc Tụy đã nói như thế nào về binh pháp? answer: Đại khái, nó cậy trường trận, ta dựa vào đoản binh. Dùng đoản chế trường là sự thường của binh pháp. Nếu chỉ thấy quân nó kéo đến như lửa, như gió thì dễ chế ngự. Nếu nó tiến chậm như giặc tằm ăn, không cầu thắng chóng, thì phải chọn dùng tướng giỏi, xem xét quyền biến, như đánh cờ vậy...","question: Trần Quốc Tụy đã nói như thế nào về binh pháp? answer: Đại khái, nó cậy trường trận, ta dựa vào đoản binh. Dùng đoản chế trường là sự thường của binh pháp. Nếu chỉ thấy quân nó kéo đến như lửa, như gió thì dễ chế ngự. Nếu chỉ thấy quân nó kéo đến như lửa, như gió thì dễ chế ngự. Nếu chỉ thấy quân nó kéo đến như lửa, như gió thì dễ chế ngự. Nếu nó tiến chậm như giặc tằm ăn, không cầu thắng chóng, thì phải chọn dùng tướng giỏi, xem xét quyền biến, như đánh cờ vậy",0.7985
40,RAG_Chunking,4,question: Tên lửa AGM-130 của Không lực Hoa Kỳ được dự đoán sẽ trở thành vũ khí chính cho các cuộc tấn công quân sự diễn ra như thế nào? answer: sẽ trở thành vũ khí chính cho các cuộc tấn công quân sự diễn ra vùn vụt,question: Tên lửa AGM-130 của Không lực Hoa Kỳ được dự đoán sẽ trở thành vũ khí chính cho các cuộc tấn công quân sự diễn ra như thế nào? answer: sẽ trở thành các vũ khí chính cho phép các cuộc tấn công quân sự diễn ra vùn vụt,0.7029
40,RAG_Chunking,5,question: Những căn nhà cụ thể ở Baghdad có thể bị tấn công trong khi các nhà báo quan sát các tên lửa hành trình lao tới mục tiêu nào từ khách sạn của họ? answer: trong khi các nhà báo quan sát các tên lửa hành trình lao tới mục tiêu đó từ khách sạn của họ,question: Các vũ khí dẫn đường chính xác chiếm bao nhiêu phần trăm tổng số bom liên minh sử dụng? answer: gần 7.4%,0.6612
40,RAG_Chunking,6,question: Những loại bom nào có thể phá hủy mọi vật trong bán kính hàng trăm yard? answer: những quả bom BLU-82 nặng 15.000 pound,question: Những loại bom nào có thể phá hủy mọi vật trong bán kính hàng trăm yard? answer: những quả bom BLU-82 nặng 15.000 pound,0.8075
41,Chunking_Only,1,question: Vì sao nước biển nặng hơn nước ngọt? answer: do trọng lượng bổ sung của các muối và hiện tượng điện giảo,question: Vì sao nước biển nặng hơn nước ngọt? answer: do trọng lượng bổ sung của các muối và hiện tượng điện giảo,0.7114
41,Chunking_Only,2,"question: Tại sao độ pH của nước biển bị giới hạn trong khoảng 7,5 tới 8,4? answer: đệm hóa học, độ pH của nước biển bị giới hạn trong khoảng 7,5 tới 8,4","question: Tại sao độ pH của nước biển bị giới hạn trong khoảng 7,5 tới 8,4? answer: đệm hóa học, độ pH của nước biển bị giới hạn trong khoảng 7,5 tới 8,4",0.7167
41,RAG_Chunking,1,"question: Vì sao cư dân Phù Nam sớm có điều kiện giao thương? answer: Với vị trí địa lí tiếp giáp biển, có nhiều nơi thuận lợi cho việc tránh bão, neo đậu thuyền bè của các thương nhân","question: Vì sao cư dân Phù Nam sớm có điều kiện giao thương? answer: Với vị trí địa lí tiếp giáp biển, có nhiều nơi thuận lợi cho việc tránh bão, neo đậu thuyền bè của các thương nhân",0.6659
41,RAG_Chunking,2,"question: Vì sao người Phù Nam sớm có điều kiện giao lưu với nền văn minh của nhiều quốc gia khác? answer: cho việc tránh bão, neo đậu thuyền bè của các thương nhân","question: Vì sao người Phù Nam sớm có điều kiện giao lưu với nền văn minh của nhiều quốc gia khác? answer: cho việc tránh bão, neo đậu thuyền bè của các thương nhân",0.702
41,RAG_Chunking,3,"question: Năm 1246, lệnh các lộ đắp đê phòng lụt được ban hành vào thời gian nào? answer: Tháng ba [năm 1246], lệnh các lộ đắp đê phòng lụt, gọi là đê quai vạc, từ đầu nguồn đến bờ biển, để ngăn nước lũ tràn ngập","question: Năm 1246, lệnh các lộ đắp đê phòng lụt được ban hành vào thời gian nào? answer: Tháng ba [năm 1246], lệnh các lộ đắp đê phòng lụt, gọi là đê quai vạc, từ đầu nguồn đến bờ biển, để ngăn nước lũ tràn ngập",0.7065
41,RAG_Chunking,4,"question: Answer: khoảng 1.020 tới 1.030 kg/m3 tại bề mặt còn sâu trong lòng đại dương, dưới áp suất cao, nước biển có thể đạt tỷ trọng riêng tới 1.050 kg/m3hay cao hơn","question: Tỷ trọng của nước biển nằm trong khoảng nào? answer: khoảng 1.020 tới 1.030 kg/m3 tại bề mặt còn sâu trong lòng đại dương, dưới áp suất cao, nước biển có thể đạt tỷ trọng riêng tới 1.050 kg/m3hay cao hơn",0.8416
41,RAG_Chunking,5,"question: Vì sao độ pH của nước biển bị giới hạn trong khoảng 7,5 tới 8,4? answer: do trọng lượng bổ sung của các muối và hiện tượng điện giảo","question: Vì sao độ pH của nước biển bị giới hạn trong khoảng 7,5 tới 8,4? answer: do trọng lượng bổ sung của các muối và hiện tượng điện giảo",0.8477
41,RAG_Chunking,6,question: Answer: khoảng 1.500 ms1 và dao động theo nhiệt độ của nước cùng áp suất,question: Vận tốc âm thanh trong nước biển là bao nhiêu? answer: khoảng 1.500 ms1 và dao động theo nhiệt độ của nước cùng áp suất,0.8807
42,Chunking_Only,1,question: Khu vực tốt nhất để ngắm nhìn tháp Eiffel là ở đâu? answer: quảng trường Italie,question: Khu vực tốt nhất để ngắm nhìn tháp Eiffel là ở đâu? answer: quảng trường Italie,0.7277
42,Chunking_Only,2,question: Từ điện Invalides nhìn dọc cầu Alexandre-III có thể thấy gì? answer: Grand Palais và Petit Palais ở hai bên đại lộ Winston-Churchill... answer: Grand Palais và Petit Palais ở hai bên đại lộ Winston-Churchill... answer: Grand Palais và Petit Palais ở hai bên đại lộ Winston-Churchill... answer: Grand Palais và Petit Palais ở hai bên đại lộ Winston-Churchill... answer: Grand Palais và Petit Palais ở hai bên đại lộ Winston-Churchill...,question: Từ điện Invalides nhìn dọc cầu Alexandre-III có thể thấy gì? answer: Grand Palais và Petit Palais ở hai bên đại lộ Winston-Churchill...,0.7942
42,RAG_Chunking,1,"question: Những ngôi chùa nổi tiếng nào được xây dựng ở nhiều nơi? answer: chùa Một Cột, Sùng Thiện Diên Linh, chùa Trấn Quốc, chùa Phật Tích, chùa Thiên Mụ","question: Những ngôi chùa nổi tiếng nào được xây dựng ở nhiều nơi? answer: chùa Một Cột, Sùng Thiện Diên Linh, chùa Trấn Quốc, chùa Phật Tích, chùa Thiên Mụ",0.8088
42,RAG_Chunking,2,"question: Những công trình kiến trúc nổi tiếng của Ấn Độ là những công trình nào? answer: chùa Một Cột, Sùng Thiện Diên Linh, chùa Trấn Quốc, chùa Phật Tích, chùa Thiên Mụ","question: Những công trình kiến trúc nổi tiếng của Ấn Độ là những công trình nào? answer: chùa Một Cột, Sùng Thiện Diên Linh, chùa Trấn Quốc, chùa Phật Tích, chùa Thiên Mụ",0.7494
42,RAG_Chunking,3,"question: Những công trình kiến trúc nào tiêu biểu cho nghệ thuật thời trung đại? answer: lăng Ta-giơ Ma-han, Pháo đài Đỏ (La Ki-la), đền Kha-giu-ra-hô...","question: Những công trình kiến trúc nào tiêu biểu cho nghệ thuật thời trung đại? answer: lăng Ta-giơ Ma-han, Pháo đài Đỏ (La Ki-la), đền Kha-giu-ra-hô...",0.7839
42,RAG_Chunking,4,"question: Những công trình quan trọng nào được tìm thấy ở Paris? answer: La Ki-la (La Ki-la), đền Kha-giu-ra-hô...","question: Những công trình quan trọng nào được tìm thấy ở Paris? answer: La Ki-la (La Ki-la), đền Kha-giu-ra-hô... [Năm 2000] 2.1. Bối cảnh lịch sử",0.689
42,RAG_Chunking,5,"question: Khu vực tốt nhất để ngắm nhìn tháp Eiffel là ở đâu? answer: sân giữa của Palais de Chaillot, cạnh quảng trường Trocadéro","question: Khu vực tốt nhất để ngắm nhìn tháp Eiffel là ở đâu? answer: sân giữa của Palais de Chaillot, cạnh quảng trường Trocadéro",0.8984
42,RAG_Chunking,6,question: Từ điện Invalides nhìn dọc cầu Alexandre-III có thể thấy những gì? answer: Grand Palais và Petit Palais ở hai bên đại lộ Winston-Churchill... answer: Grand Palais và Petit Palais ở hai bên đại lộ Winston-Churchill... answer: Grand Palais và Petit Palais ở hai bên đại lộ Winston-Churchill... answer: Grand Palais và Petit Palais ở hai bên đại lộ Winston-Churchill... answer: Grand Palais và Petit Palais ở hai bên đại lộ Winston-Churchill...,question: Từ điện Invalides nhìn dọc cầu Alexandre-III có thể thấy những gì? answer: Grand Palais và Petit Palais ở hai bên đại lộ Winston-Churchill...,0.7763
43,Chunking_Only,1,question: Khoảng một phần ba nam giới trưởng thành tại Mông Cổ là tăng nhân vào thời gian nào? answer: đầu thập niên 1900,question: Khoảng một phần ba nam giới trưởng thành tại Mông Cổ là tăng nhân vào thời gian nào? answer: đầu thập niên 1900,0.7265
43,Chunking_Only,2,question: Cộng hòa Nhân dân Mông Cổ được thành lập vào năm nào? answer: Năm 1924,question: Cộng hòa Nhân dân Mông Cổ được thành lập vào năm nào? answer: Năm 1924,0.6401
43,Chunking_Only,3,"question: Kết quả của cách mạng dân chủ hòa bình là gì? answer: một hệ thống đa đảng, một bản hiến pháp mới năm 1992, và chuyển đổi sang kinh tế thị trường","question: Kết quả của cách mạng dân chủ hòa bình là gì? answer: một hệ thống đa đảng, một bản hiến pháp mới năm 1992, và chuyển đổi sang kinh tế thị trường",0.7621
43,RAG_Chunking,1,"question: Sự tồn tại của các vương triều Lý, Trần, Hồ được thể hiện như thế nào? answer: Văn minh Đại Việt phát triển mạnh mẽ và toàn diện, tính dân tộc được thể hiện rõ nét, Nho giáo, Ph answer: question: Văn minh Đại Việt phát triển mạnh mẽ và toàn diện, tính dân tộc được thể hiện rõ nét, Nho giáo, Ph answer: question: Văn minh Đại Việt phát triển mạnh mẽ và toàn diện thông qua công cuộc nào? answer: công cuộc củng cố chính quyền, phát triển kinh tế và văn","question: Văn minh Đại Việt phát triển mạnh mẽ và toàn diện thông qua công cuộc nào? answer: công cuộc củng cố chính quyền, phát triển kinh tế và văn hoá",0.7879
43,RAG_Chunking,2,"question: Phật giáo du nhập vào Đại Việt vào thời gian nào? answer: buổi đầu độc lập và trở thành quốc giáo dưới thời Lý, Trần","question: Phật giáo du nhập vào Đại Việt vào thời gian nào? answer: buổi đầu độc lập và trở thành quốc giáo dưới thời Lý, Trần",0.786
43,RAG_Chunking,3,"question: Vì sao quân Mông Cổ rơi vào tình thế khó khăn? answer: Để bảo toàn lực lượng, triều đình nhà Trần rời Thăng Long, nhân dân thực hiện kế thanh dã (vườn không nhà trống)","question: Vì sao quân Mông Cổ rơi vào tình thế khó khăn? answer: Để bảo toàn lực lượng, triều đình nhà Trần rời Thăng Long, nhân dân thực hiện kế thanh dã (vườn không nhà trống)",0.6119
43,RAG_Chunking,4,"question: Quân Mông Cổ rơi vào tình thế khó khăn, bế tắc vào thời gian nào? answer: Cuối tháng 1-1258, nhà Trần tổ chức phản công và giành thắng lợi lớn ở Đông Bộ Đầu (Hà Nội)","question: Quân Mông Cổ rơi vào tình thế khó khăn, bế tắc vào thời gian nào? answer: Cuối tháng 1-1258, nhà Trần tổ chức phản công và giành thắng lợi lớn ở Đông Bộ Đầu (Hà Nội)",0.808
43,RAG_Chunking,5,"question: Năm 1924, Cộng hòa Nhân dân Mông Cổ được thành lập vào năm nào? answer: Năm 1924","question: Năm 1924, Cộng hòa Nhân dân Mông Cổ được thành lập vào năm nào? answer: Năm 1924",0.6983
44,Chunking_Only,1,"question: Những người thổ dân Taino hoặc bị giết trong những trận chiếm đẫm máu mà ưu thế thuộc về ai? answer: người Tây Ban Nha hay những bệnh dịch chết người từ châu Âu mà họ chưa tiếp xúc bao giờ, hoặc bị người Tây Ban Nha bắt làm nô lệ","question: Những người thổ dân Taino hoặc bị giết trong những trận chiếm đẫm máu mà ưu thế thuộc về ai? answer: người Tây Ban Nha hay những bệnh dịch chết người từ châu Âu mà họ chưa tiếp xúc bao giờ, hoặc bị người Tây Ban Nha bắt làm nô lệ",0.7048
44,Chunking_Only,2,question: Vì sao người Tây Ban Nha phải buôn nô lệ da đen từ châu Phi sang làm việc? answer: Puerto Rico do vị trí địa lý chiến lược của mình trở thành một pháo đài phòng thủ quan trọng cho hệ thống thuộc địa to lớn của Tây Ban Nha tại Mỹ Latinh,question: Vì sao người Tây Ban Nha phải buôn nô lệ da đen từ châu Phi sang làm việc? answer: Puerto Rico do vị trí địa lý chiến lược của mình trở thành một pháo đài phòng thủ quan trọng cho hệ thống thuộc địa to lớn của Tây Ban Nha tại Mỹ Latinh,0.8791
44,Chunking_Only,3,"question: Mục đích của San Felipe del Morro hay El Castillo de San Cristobal là gì? answer: bảo vệ Puerto Rico khỏi sự dòm ngó của các cường quốc thù địch như Pháp, Hà Lan và Anh","question: Mục đích của San Felipe del Morro hay El Castillo de San Cristobal là gì? answer: bảo vệ Puerto Rico khỏi sự dòm ngó của các cường quốc thù địch như Pháp, Hà Lan và Anh",0.7962
44,RAG_Chunking,1,"question: Chủ nô là những người như thế nào trong xã hội Hy Lạp và La Mã? answer: tầng lớp chiếm số đông trong xã hội, làm việc nặng nhọc ở các trang trại, trong các xưởng thủ công, khuân vác hàng hoá và ch answer: Nô lệ là tầng lớp chiếm số đông trong xã hội, làm việc nặng nhọc ở các trang trại, trong các xưởng thủ công, khuân vác hàng hoá và ch","question: Chủ nô là những người như thế nào trong xã hội Hy Lạp và La Mã? answer: những người tự do, gồm nông dân nghèo, thợ thủ công, nô lệ được giải phóng... Nô lệ là tầng lớp chiếm số đông trong xã hội, làm việc nặng nhọc ở các trang trại, trong các xưởng thủ công, khuân vác hàng hoá và ch... Nô lệ là tầng lớp chiếm số đông trong xã hội, làm việc nặng nhọc ở các trang trại, trong các xưởng thủ công, khuân vác hàng hoá và ch... Nô lệ là tầng lớp chiếm số đông trong xã hội, làm việc",0.9124
44,RAG_Chunking,2,"question: Tình trạng gì xảy ra ở các làng xã? answer: tình trạng che giấu, gian dối về ruộng đất và dân đinh trở nên phổ biến","question: Tình trạng gì xảy ra ở các làng xã? answer: tình trạng che giấu, gian dối về ruộng đất và dân đinh trở nên phổ biến",0.768
44,RAG_Chunking,3,"question: La Fortaleza, El Castillo, San Felipe del Morro hay El Castillo de San Cristobal được xây dựng nhằm mục đích gì? answer: bảo vệ Puerto Rico khỏi sự dòm ngó của các cường quốc thù địch như Pháp, Hà Lan và Anh","question: La Fortaleza, El Castillo, San Felipe del Morro hay El Castillo de San Cristobal được xây dựng nhằm mục đích gì? answer: bảo vệ Puerto Rico khỏi sự dòm ngó của các cường quốc thù địch như Pháp, Hà Lan và Anh",0.8274
44,RAG_Chunking,4,question: Sự giàu có tài nguyên của Puerto Rico chủ yếu mang lại điều gì? answer: mang lại sự thịnh vượng cho chính quốc chứ cư dân hòn đảo thì sống trong tình trạng nghèo khó,question: Sự giàu có tài nguyên của Puerto Rico chủ yếu mang lại điều gì? answer: mang lại sự thịnh vượng cho chính quốc chứ cư dân hòn đảo thì sống trong tình trạng nghèo khó,0.8067
45,Chunking_Only,1,question: Các môn thể thao quốc gia chính thức của Canada là gì? answer: khúc côn cầu trên băng và bóng vợt,question: Các môn thể thao quốc gia chính thức của Canada là gì? answer: khúc côn cầu trên băng và bóng vợt,0.8663
45,Chunking_Only,2,question: Các môn thể thao nào đông khán giả nhất tại Canada? answer: bi đá trên băng và bóng đá Canada; giải vô địch bóng đá [kiểu Canada] Canada (CFL),question: Các môn thể thao nào đông khán giả nhất tại Canada? answer: bi đá trên băng và bóng đá Canada; giải vô địch bóng đá [kiểu Canada] Canada (CFL),0.7995
45,Chunking_Only,3,"question: Đội tuyển bóng chày chuyên nghiệp của Canada gồm những đội nào? answer: Toronto Blue Jays, và một đội tuyển bóng rổ chuyên nghiệp là Toronto Raptors","question: Đội tuyển bóng chày chuyên nghiệp của Canada gồm những đội nào? answer: Toronto Blue Jays, và một đội tuyển bóng rổ chuyên nghiệp là Toronto Raptors",0.8198
45,Chunking_Only,4,"question: Những sự kiện thể thao quốc tế cao cấp nào được tổ chức tại Canada? answer: Thế vận hội Mùa hè 1976 tại Montréal, Thế vận hội Mùa đông 1988 tại Calgary, Thế vận hội Mùa đông 2010 tại Vancouver và Giải vô địch bóng chày thế giới 1994 và Giải vô địch bóng đá U-20 thế giới 2007","question: Những sự kiện thể thao quốc tế cao cấp nào được tổ chức tại Canada? answer: Thế vận hội Mùa hè 1976 tại Montréal, Thế vận hội Mùa đông 1988 tại Calgary, Thế vận hội Mùa đông 2010 tại Vancouver và Giải vô địch bóng chày thế giới 1994 và Giải vô địch bóng đá U-20 thế giới 2007",0.8305
45,RAG_Chunking,1,"question: Hoạt động đối ngoại từ năm 1986 đến nay là gì? answer: Phá thế bao vây, cấm vận: Bình thường hóa quan hệ với Trung Quốc (1991), Mỹ (1995). - Tham gia ASEAN (1995), AFTA (1995); đảm nhiệm Chủ tịch ASEAN (1998, 2010, 2020). - Gia nhập và đóng góp cho các tổ chức quốc tế (WTO 2007; thành viên của 63 tổ chức quốc tế đến 2","question: Hoạt động đối ngoại từ năm 1986 đến nay là gì? answer: Phá thế bao vây, cấm vận: Bình thường hóa quan hệ với Trung Quốc (1991), Mỹ (1995). - Tham gia ASEAN (1995), AFTA (1995); đảm nhiệm Chủ tịch ASEAN (1998, 2010, 2020). - Gia nhập và đóng góp cho các tổ chức quốc tế (WTO 2007; thành viên của 63 tổ chức quốc tế đến 2",0.9154
45,RAG_Chunking,2,"question: [- Warszawa - Siberia - Sudan] - Warszawa - Siberia - Sudan [Năm 2000] Tích cực Mở rộng mối giao lưu và quan hệ giữa con người với con người như thế nào? answer:  Mở rộng mối giao lưu và quan hệ giữa con người với con người.  Thúc đẩy các cộng đồng, các dân tộc, các nền văn hoá xích lại gần nhau hơn.  Đưa tri thức thâm nhập sâu vào nền sản xuất vật chất.  Tác động mạnh mẽ đến xu hướng tiêu dùng","question: [- Warszawa - Siberia - Sudan] - Warszawa - Siberia - Sudan [Năm 2000] Tích cực  Mở rộng mối giao lưu và quan hệ giữa con người với con người như thế nào? answer:  Mở rộng mối giao lưu và quan hệ giữa con người với con người.  Thúc đẩy các cộng đồng, các dân tộc, các nền văn hoá xích lại gần nhau hơn.  Đưa tri thức thâm nhập sâu vào nền sản xuất vật chất.  Tác động mạnh mẽ đến xu hướng tiêu dùng",0.748
45,RAG_Chunking,3,question: Các môn thể thao quốc gia chính thức của Canada là gì? answer: khúc côn cầu trên băng và bóng vợt,question: Các môn thể thao quốc gia chính thức của Canada là gì? answer: khúc côn cầu trên băng và bóng vợt,0.871
45,RAG_Chunking,4,question: Các môn thể thao nào đông khán giả nhất tại Canada? answer: bi đá trên băng và bóng đá Canada; giải vô địch bóng đá [kiểu Canada] Canada (CFL),question: Các môn thể thao nào đông khán giả nhất tại Canada? answer: bi đá trên băng và bóng đá Canada; giải vô địch bóng đá [kiểu Canada] Canada (CFL),0.7974
45,RAG_Chunking,5,"question: Canada có những đội tuyển bóng chày chuyên nghiệp nào? answer: Toronto Blue Jays, và một đội tuyển bóng rổ chuyên nghiệp là Toronto Raptors","question: Canada có những đội tuyển bóng chày chuyên nghiệp nào? answer: Toronto Blue Jays, và một đội tuyển bóng rổ chuyên nghiệp là Toronto Raptors",0.8347
45,RAG_Chunking,6,"question: Những sự kiện thể thao quốc tế cao cấp nào sẽ được tổ chức vào năm 2026? answer: Thế vận hội Mùa hè 1976 tại Montréal, Thế vận hội Mùa đông 1988 tại Calgary, Thế vận hội Mùa đông 2010 tại Vancouver và Giải vô địch bóng chày thế giới 1994 và Giải vô địch bóng đá U-20 thế giới 2007","question: Những sự kiện thể thao quốc tế cao cấp nào sẽ được tổ chức vào năm 2026? answer: Thế vận hội Mùa hè 1976 tại Montréal, Thế vận hội Mùa đông 1988 tại Calgary, Thế vận hội Mùa đông 2010 tại Vancouver và Giải vô địch bóng chày thế giới 1994 và Giải vô địch bóng đá U-20 thế giới 2007",0.7965
46,Chunking_Only,1,question: Tổ chức các công dân cho một nước Kuwait tự do được thành lập ở Mỹ với mục đích gì? answer: với mục đích gì? answer: với mục đích gì? answer: tổ chức các công dân cho một nước Kuwait tự do được thành lập ở Mỹ,question: Tổ chức các công dân cho một nước Kuwait tự do được thành lập ở Mỹ với mục đích gì? answer: thuê công ty quan hệ công chúng Hill and Knowlton với giá 11 triệu dollar do chính phủ Kuwait cung cấp,0.803
46,Chunking_Only,2,question: Gia đình hoàng gia Kuwait sống ở đâu khi xảy ra chiến tranh? answer: Paris,question: Gia đình hoàng gia Kuwait sống ở đâu khi xảy ra chiến tranh? answer: Paris,0.7488
46,RAG_Chunking,1,"question: Sô-phi-a là gì? answer: là một rô-bốt được chế tạo và thiết kế năm 2015, mang hình dáng giống con người","question: Sô-phi-a là gì? answer: là một rô-bốt được chế tạo và thiết kế năm 2015, mang hình dáng giống con người",0.7683
46,RAG_Chunking,2,"question: Nêu được tầm quan trọng chiến lược của Biển Đông đối với Việt Nam về mặt nào? answer: quốc phòng, an ninh và phát triển các ngành kinh tế trọng điểm","question: Nêu được tầm quan trọng chiến lược của Biển Đông đối với Việt Nam về mặt nào? answer: quốc phòng, an ninh và phát triển các ngành kinh tế trọng điểm",0.8737
46,RAG_Chunking,3,question: Việt Nam xác lập chủ quyền và quản lí liên tục đối với quần đảo Hoàng Sa và quần đảo Trường Sa bằng biện pháp gì? answer: hoà bình,question: Việt Nam xác lập chủ quyền và quản lí liên tục đối với quần đảo Hoàng Sa và quần đảo Trường Sa bằng biện pháp gì? answer: hoà bình,0.834
46,RAG_Chunking,4,question: Những vụ vi phạm nhân quyền của chính quyền Iraq trước và sau khi xâm chiếm Kuwait được ghi chép như thế nào? answer: ghi chép rất nhiều,question: Những vụ vi phạm nhân quyền của chính quyền Iraq trước và sau khi xâm chiếm Kuwait được ghi chép như thế nào? answer: ghi chép rất nhiều,0.6508
46,RAG_Chunking,5,question: Tổ chức các công dân cho một nước Kuwait tự do được thành lập ở đâu? answer: Mỹ,question: Tổ chức các công dân cho một nước Kuwait tự do được thành lập ở đâu? answer: Mỹ,0.7767
46,RAG_Chunking,6,question: Ai là người đã làm chứng cho việc lôi những đứa trẻ ra khỏi lồng ấp trong các bệnh viện Kuwait? answer: một thành viên của Gia đình hoàng gia Kuwait sống tại Paris khi xảy ra chiến tranh,question: Ai là người đã làm chứng cho việc lôi những đứa trẻ ra khỏi lồng ấp trong các bệnh viện Kuwait? answer: một thành viên của Gia đình hoàng gia Kuwait sống tại Paris khi xảy ra chiến tranh,0.7253
46,RAG_Chunking,7,"question: Vì sao hoàng gia Kuwait không thể có mặt ở Iraq vào thời điểm xảy ra cái gọi là tội ác? answer: hoàng gia Kuwait sống tại Paris khi xảy ra chiến tranh, và vì thế không thể có mặt ở Iraq vào thời điểm xảy ra cái gọi là tội ác","question: Vì sao hoàng gia Kuwait không thể có mặt ở Iraq vào thời điểm xảy ra cái gọi là tội ác? answer: hoàng gia Kuwait sống tại Paris khi xảy ra chiến tranh, và vì thế không thể có mặt ở Iraq vào thời điểm xảy ra cái gọi là tội ác",0.7898
47,Chunking_Only,1,question: Cơ quan tư vấn Urba được thành lập năm 1971 bởi Đảng Xã hội nhằm mục đích gì? answer: cố vấn cho các xã đang dưới quyền lãnh đạo của phe xã hội về các dự án cơ sở hạ tầng và dự án công cộng,question: Cơ quan tư vấn Urba được thành lập năm 1971 bởi Đảng Xã hội nhằm mục đích gì? answer: cố vấn cho các xã đang dưới quyền lãnh đạo của phe xã hội về các dự án cơ sở hạ tầng và dự án công cộng,0.8637
47,Chunking_Only,2,question: Ai là người lãnh đạo chiến dịch tranh cử của Mitterrand năm 1988? answer: Henri Nallet,question: Ai là người lãnh đạo chiến dịch tranh cử của Mitterrand năm 1988? answer: Henri Nallet,0.7009
47,Chunking_Only,3,"question: Người phụ trách tài chính của Đảng Xã hội Henri Emmanuelli bị xử phạt như thế nào? answer: bị đem ra xét xử năm 1997 vì tham nhũng, và ông bị kết án hai năm tù treo","question: Người phụ trách tài chính của Đảng Xã hội Henri Emmanuelli bị xử phạt như thế nào? answer: bị đem ra xét xử năm 1997 vì tham nhũng, và ông bị kết án hai năm tù treo",0.6084
47,RAG_Chunking,1,question: Tiểu sử và tiến trình hoạt động của cách mạng Việt Nam là gì? answer: Tiểu sử và tiến trình hoạt động của cách mạng Việt Nam là gì? answer: Tiểu sử và tiến trình hoạt động của cách mạng Việt Nam là gì? answer: Tiểu sử và tiến trình hoạt động của cách mạng Việt Nam là gì? answer: Tiểu sử và tiến trình hoạt động của cách mạng Việt Nam là gì? answer: Tiểu sử và tiến trình hoạt động của cách mạng Việt Nam là gì? answer: Tiểu sử và tiến trình hoạt động của cách,"question: Tiểu sử và tiến trình hoạt động của cách mạng Việt Nam là gì? answer: Tiểu sử và tiến trình hoạt động cách mạng: - 1890-1911: Tuổi thơ ở Nghệ An, học ở Huế, dạy học Phan Thiết, Sài Gòn. - 1941-1919: Ra nước ngoài tìm đường cứu nước, hoạt động ở Pháp",0.8606
47,RAG_Chunking,2,question: Đảng Lao động Việt Nam ra hoạt động công khai với tên gì? answer: tên Đảng Lao động Việt Nam,question: Đảng Lao động Việt Nam ra hoạt động công khai với tên gì? answer: Đảng Lao động Việt Nam,0.6986
47,RAG_Chunking,3,"question: Sô-phi-a là gì? answer: là một rô-bốt được chế tạo và thiết kế năm 2015, mang hình dáng giống con người","question: Sô-phi-a là gì? answer: là một rô-bốt được chế tạo và thiết kế năm 2015, mang hình dáng giống con người",0.8208
47,RAG_Chunking,4,question: Cơ quan tư vấn Urba được thành lập năm nào? answer: năm 1971,question: Cơ quan tư vấn Urba được thành lập năm nào? answer: năm 1971,0.866
47,RAG_Chunking,5,question: Điều gì đã ngăn cản việc điều tra thêm nữa? answer: các biên bản chi tiết của các hợp đồng của tổ chức và việc phân chia số tiền thu được giữa đảng và các quan chức được bầu,question: Điều gì đã ngăn cản việc điều tra thêm nữa? answer: các biên bản chi tiết của các hợp đồng của tổ chức và việc phân chia số tiền thu được giữa đảng và các quan chức được bầu,0.6164
47,RAG_Chunking,6,question: Ai là người bị đưa ra xét xử năm 1997? answer: Người phụ trách tài chính của Đảng Xã hội Henri Emmanuelli,question: Ai là người bị đưa ra xét xử năm 1997? answer: Người phụ trách tài chính của Đảng Xã hội Henri Emmanuelli,0.6909
48,Chunking_Only,1,"question: Bù đắp Thu nhập Tối thiểu là gì? answer: đảm bảo một mức độ thu nhập tối thiểu cho những người bị tước đoạt bất kỳ hình thức thu nhập nào, việc tái lập thuế đoàn kết vào tài sản, đã từng bị xoá bỏ dưới thời chính phủ Chirac, việc thể chế thuế xã hội chung, cải cách Chính sách Nông nghiệp Chung, Đạo luật Gayssot năm 1990 về tuyên bố answer: đảm bảo một mức độ thu nhập tối thiểu cho những người bị tước đoạt bất kỳ hình thức thu nhập nào, việc tái lập thuế đoàn kết vào tài sản","question: Bù đắp Thu nhập Tối thiểu là gì? answer: đảm bảo một mức độ thu nhập tối thiểu cho những người bị tước đoạt bất kỳ hình thức thu nhập nào, việc tái lập thuế đoàn kết vào tài sản, đã từng bị xoá bỏ dưới thời chính phủ Chirac, việc thể chế thuế xã hội chung, cải cách Chính sách Nông nghiệp Chung, Đạo luật Gayssot năm 1990 về tuyên bố về việc tái lập thuế đoàn kết vào tài sản, đã từng bị xoá bỏ dưới thời chính phủ Chirac, việc thể chế thuế xã hội chung, cải cách Chính sách Nông nghiệp",0.6279
48,Chunking_Only,2,"question: Đạo luật Gayssot năm 1990 về tuyên bố hận thù và bác bỏ Holocaust, Đạo luật Arpaillange về cung cấp tài chính cho các đảng chính trị, cải cách luật hình sự và Đạo luật Evin về những địa điểm hút thuốc nơi công cộng là gì? answer: cung cấp tài chính cho các đảng chính trị, cải cách luật hình sự và Đạo luật Evin về những địa điểm hút thuốc nơi công cộng","question: Đạo luật Gayssot năm 1990 về tuyên bố hận thù và bác bỏ Holocaust, Đạo luật Arpaillange về cung cấp tài chính cho các đảng chính trị, cải cách luật hình sự và Đạo luật Evin về những địa điểm hút thuốc nơi công cộng là gì? answer: cung cấp tài chính cho các đảng chính trị, cải cách luật hình sự và Đạo luật Evin về những địa điểm hút thuốc nơi công cộng",0.7094
48,Chunking_Only,3,question: Kim tự tháp Louvre đã được xây dựng với mục đích gì? answer: xây dựng với mục đích gì? answer: xây dựng với mục đích gì? answer: xây dựng với mục đích gì? answer: xây dựng với mục đích gì? answer: xây dựng với mục đích gì? answer: xây dựng với mục đích gì? answer: xây dựng với mục đích gì? answer: xây dựng với mục đích gì? answer: xây dựng với mục đích gì? answer: xây dựng với mục đích gì?,"question: Kim tự tháp Louvre được xây dựng với mục đích gì? answer: Đường hầm eo biển Manche, Grande Arche tại La Défense, Bastille Opera, Bộ Tài chính tại Bercy, Thư viện Quốc gia Pháp",0.7882
48,RAG_Chunking,1,question: Đảng Lao động Việt Nam ra hoạt động công khai với tên gì? answer: tên Đảng Lao động Việt Nam,question: Đảng Lao động Việt Nam ra hoạt động công khai với tên gì? answer: Đảng Lao động Việt Nam,0.6709
48,RAG_Chunking,2,"question: Đạo luật Gayssot năm 1990 về tuyên bố hận thù và bác bỏ Holocaust có nội dung như thế nào? answer: cung cấp tài chính cho các đảng chính trị, cải cách luật hình sự và Đạo luậậậ về cung cấp tài chính cho các đảng chính trị, cải cách luật hình sự và Đạo luậậậ về cung cấp tài chính cho các đảng chính trị, cải cách luật hình sự và Đạo luậậậ về cung cấp tài chính cho các đảng chính trị, cải cách luật hình sự và Đạo luậậậ về cung cấp tài chính","question: Đạo luật Gayssot năm 1990 về tuyên bố hận thù và bác bỏ Holocaust, Đạo luật Arpaillange về cung cấp tài chính cho các đảng chính trị, cải cách luật hình sự và Đạo luậậ về cung cấp tài chính cho các đảng chính trị, cải cách luật hình sự và Đạo luậậ về cung cấp tài chính cho các đảng chính trị, cải cách luật hình sự và Đạo luậậ về cung cấp tài chính cho các đảng chính trị, cải cách luật hình sự và Đạo luậậ về cung cấp tài chính cho các đảng chính trị, cải cách",0.703
48,RAG_Chunking,3,"question: Đạo luật Arpaillange về cung cấp tài chính cho các đảng chính trị, cải cách luật hình sự và Đạo luật Evin về những địa điểm hút thuốc nơi công cộng là gì? answer: cung cấp tài chính cho các đảng chính trị, cải cách luật hình sự và Đạo luật Evin về những địa điểm hút thuốc nơi công cộng","question: Đạo luật Arpaillange về cung cấp tài chính cho các đảng chính trị, cải cách luật hình sự và Đạo luật Evin về những địa điểm hút thuốc nơi công cộng là gì? answer: Đạo luật Arpaillange về cung cấp tài chính cho các đảng chính trị, cải cách luật hình sự và Đạo luật Evin về những địa điểm hút thuốc nơi công cộng",0.6005
49,Chunking_Only,1,"question: Tổng thống Cộng hòa George W. Bush giữ chức vụ gì? answer: Thư ký Chính quyền (Secretary of State), các cử tri bầu ra các quan chức hành pháp một cách độc lập, do đó các ứng cử viên chịu trách nhiệm trực tiếp trước công chúng thay vì trước Thống đốc","question: Tổng thống Cộng hòa George W. Bush giữ chức vụ gì? answer: Thư ký Chính quyền (Secretary of State), các cử tri bầu ra các quan chức hành pháp một cách độc lập, do đó các ứng cử viên chịu trách nhiệm trực tiếp trước công chúng thay vì trước Thống đốc",0.6171
49,Chunking_Only,2,"question: Các chức vụ trong nhánh hành pháp gồm những gì? answer: Thống đốc, Phó thống đốc, Bộ trưởng tài chính công (Comptroller of Public Accounts), Bộ trưởng đất đai (Land Commissioner), Bộ trưởng Tư pháp (Attorney General), Bộ trưởng Nông nghiệp (Agriculture Commissio), Bộ trưởng Nông nghiệp (Agriculture Commissio), Bộ trưởng Nông nghiệp (Agriculture Commissio), Bộ trưởng Nông nghiệp (Agriculture Commissio), Bộ trưởng Nông nghiệp","question: Các chức vụ trong nhánh hành pháp gồm những gì? answer: Thống đốc, Phó thống đốc, Bộ trưởng tài chính công (Comptroller of Public Accounts), Bộ trưởng đất đai (Land Commissioner), Bộ trưởng Tư pháp (Attorney General), Bộ trưởng Nông nghiệp (Agriculture Commissio), Bộ trưởng Nông nghiệp (Agriculture Commissio), Bộ trưởng Nông nghiệp (Agriculture Commissio), Bộ trưởng Nông nghiệp (Agriculture Commissio), Bộ trưởng Nông nghiệp",0.6544
49,Chunking_Only,3,"question: Ủy ban Đường sắt gồm những ai? answer: Bộ trưởng Tư pháp (Attorney General), Bộ trưởng Nông nghiệp (Agriculture Commissioner), Ủy ban Đường sắt với ba thành viên, Bộ trưởng Giáo dục (State Board of Education), và Thư ký Chính quyền (Secretary of State)","question: Ủy ban Đường sắt gồm những ai? answer: Bộ trưởng Tư pháp (Attorney General), Bộ trưởng Nông nghiệp (Agriculture Commissioner), Ủy ban Đường sắt với ba thành viên, Bộ trưởng Giáo dục (State Board of Education), và Thư ký Chính quyền (Secretary of State)",0.8036
49,RAG_Chunking,1,"question: Những người đỗ đầu trong kì thi Đình là ai? answer: Nguyễn Hiển, Lê Văn Hưu, Mạc Đĩnh Chi","question: Những người đỗ đầu trong kì thi Đình là ai? answer: Nguyễn Hiển, Lê Văn Hưu, Mạc Đĩnh Chi",0.613
49,RAG_Chunking,2,"question: Lộ thống nhiếp phủ, phủ thống nhiếp châu, châu thống nhiếp huyện được đặt ở đâu? answer: Lộ đặt chức 1n phủ sứ và 1n phủ phó sứ. Phủ đặt chức Trấn phủ sứ và Trấn phủ phó sứ. Châu đặt chức Thông phán và Thiêm phán. Huyện đặt chức Lệnh uý và Chủ bạ để cai trị","question: Lộ thống nhiếp phủ, phủ thống nhiếp châu, châu thống nhiếp huyện được đặt ở đâu? answer: Lộ đặt chức 1n phủ sứ và 1n phủ phó sứ",0.6439
49,RAG_Chunking,3,"question: Quyền lực của nhà vua và triều đình bị hạn chế như thế nào? answer: không kiểm soát chặt c hộ tịch, tiền thóc, ngục tụng đều làm chung thành số sách của một lộ, đến cuối năm báo lên sảnh để làm bằng cứ mà khảo xét....","question: Quyền lực của nhà vua và triều đình bị hạn chế như thế nào? answer: Quyền lực của nhà vua và triều đình bị hạn chế, không kiểm soát chặt c hộ tịch, tiền thóc, ngục tụng đều làm chung thành số sách của một lộ, đến cuối năm báo lên sảnh để làm bằng cứ mà khảo xét....",0.6554
49,RAG_Chunking,4,"question: Quyền lực của nhà vua và triều đình bị hạn chế, không kiểm soát chặt chẽ được các trấn là gì? answer: Quyền lực của nhà vua và triều đình bị hạn chế, không kiểm soát chặt chẽ được các trấn","question: Quyền lực của nhà vua và triều đình bị hạn chế, không kiểm soát chặt chẽ được các trấn là gì? answer: Quyền lực của nhà vua và triều đình bị hạn chế, không kiểm soát chặt chẽ được các trấn",0.6355
49,RAG_Chunking,5,"question: Tổng thống Cộng hòa George W. Bush giữ chức thống đốc Texas vào thời gian nào? answer: Khi Tổng thống Cộng hòa George W. Bush giữ chức thống đốc của Texas, tiểu bang có một Phó thống đốc Dân chủ là Bob Bullock","question: Tổng thống Cộng hòa George W. Bush giữ chức thống đốc Texas vào thời gian nào? answer: Khi Tổng thống Cộng hòa George W. Bush giữ chức thống đốc của Texas, tiểu bang có một Phó thống đốc Dân chủ là Bob Bullock",0.6921
49,RAG_Chunking,6,"question: Các chức vụ trong nhánh hành pháp gồm những ai? answer: Thống đốc, Phó thống đốc, Bộ trưởng tài chính công (Comptroller of Public Accounts), Bộ trưởng đất đai (Land Commissioner), Bộ trưởng Tư pháp (Attorney General), Bộ trưởng Nông nghiệp (Agriculture Commissioner), Ủy ban Đường sắt với ba thành viên, Bộ trưởng Giáo dục (State Board of Education), và Thư ký Chính quyền (Secretary of State)","question: Các chức vụ trong nhánh hành pháp gồm có gì? answer: Thống đốc, Phó thống đốc, Bộ trưởng tài chính công (Comptroller of Public Accounts), Bộ trưởng đất đai (Land Commissioner), Bộ trưởng Tư pháp (Attorney General), Bộ trưởng Nông nghiệp (Agriculture Commissioner), Ủy ban Đường sắt với ba thành viên, Bộ trưởng Giáo dục (State Board of Education), và Thư ký Chính quyền (Secretary of State)",0.823
50,Chunking_Only,1,question: Ai là chính trị gia cánh tả đầu tiên coi cuộc bầu cử tổng thống theo phổ thông đầu phiếu là một cách thức để đánh bại lãnh đạo đối lập? answer: Mitterrand,question: Ai là chính trị gia cánh tả đầu tiên coi cuộc bầu cử tổng thống theo phổ thông đầu phiếu là một cách thức để đánh bại lãnh đạo đối lập? answer: Mitterrand,0.793
50,RAG_Chunking,1,question: Nguyên nhân dẫn tới thắng lợi của Cách mạng Tháng Tám năm 1945 là gì? answer: Sự chuẩn bị chu đáo về lực lượng chính trị và lực lượng vũ trang,question: Nguyên nhân dẫn tới thắng lợi của Cách mạng Tháng Tám năm 1945 là gì? answer: Sự lãnh đạo đúng đắn của Đảng Cộng sản Đông Dương đứng đầu là Chủ tịch Hồ Chí Minh,0.922
50,RAG_Chunking,2,"question: Nguyên nhân thắng lợi của sự lãnh đạo của Đảng, Chủ tịch Hồ Chí Minh là gì? answer: - Sự lãnh đạo đúng đắn của Đảng, Chủ tịch Hồ Chí Minh. - Truyền thống yêu nước, đoàn kết, ý chí kiên cường của nhân dân","question: Nguyên nhân thắng lợi của sự lãnh đạo của Đảng, Chủ tịch Hồ Chí Minh là gì? answer: Sự lãnh đạo đúng đắn của Đảng, Chủ tịch Hồ Chí Minh. - Truyền thống yêu nước, đoàn kết, ý chí kiên cường của nhân dân",0.8179
50,RAG_Chunking,3,question: Đảng Lao động Việt Nam ra hoạt động công khai với tên gì? answer: Đảng Lao động Việt Nam,question: Đảng Lao động Việt Nam ra hoạt động công khai với tên gì? answer: Đảng Lao động Việt Nam,0.6495
50,RAG_Chunking,4,question: Ai là chính trị gia cánh tả đầu tiên coi cuộc bầu cử tổng thống theo phổ thông đầu phiếu là một cách thức để đánh bại lãnh đạo đối lập? answer: Mitterrand,question: Ai là chính trị gia cánh tả đầu tiên coi cuộc bầu cử tổng thống theo phổ thông đầu phiếu là một cách thức để đánh bại lãnh đạo đối lập? answer: Mitterrand,0.7914
50,RAG_Chunking,5,"question: Tư cách ứng cử của ông được mọi đảng cánh tả chấp nhận là gì? answer: Quốc tế Công nhân Pháp (SFIO), Đảng Cộng sản Pháp (PCF), Đảng Xã hội cấp tiến (PR) và Đảng Xã hội Thống nhất (PSU)","question: Tư cách ứng cử của ông được mọi đảng cánh tả chấp nhận là gì? answer: Quốc tế Công nhân Pháp (SFIO), Đảng Cộng sản Pháp (PCF), Đảng Xã hội cấp tiến (PR) và Đảng Xã hội Thống nhất (PSU)",0.8111
51,Chunking_Only,1,question: Vì sao những người định cư thoái chí trong việc chuyển đến khu vực? answer: Do các bộ lạc da đỏ có thái độ thù địch và khoảng cách xa từ các thuộc địa lân cận của Tây Ban Nha,question: Hiệp ước hòa bình mà người Tây Ban Nha đạt được với người Lipan Apache đã khiến cho những người định cư thoái chí trong việc chuyển đến khu vực là gì? answer: Do các bộ lạc da đỏ có thái độ thù địch và khoảng cách xa từ các thuộc địa lân cận của Tây Ban Nha,0.8442
51,Chunking_Only,2,question: Người Comanche ký hiệp ước với Tây Ban Nha vào năm nào? answer: năm 1785,question: Người Comanche ký hiệp ước với Tây Ban Nha vào năm nào? answer: năm 1785,0.6494
51,RAG_Chunking,1,question: Những cánh đồng màu mỡ ven sông Thu Bồn tạo điều kiện thuận lợi gì cho sự định cư và canh tác nông nghiệp của cư dân? answer: tạo điều kiện thuận lợi cho sự định cư và canh tác nông nghiệp của cư dân,question: Những cánh đồng màu mỡ ven sông Thu Bồn tạo điều kiện thuận lợi gì cho sự định cư và canh tác nông nghiệp của cư dân? answer: tạo điều kiện thuận lợi cho sự định cư và canh tác nông nghiệp của cư dân,0.6749
51,RAG_Chunking,2,"question: Tình trạng gì xảy ra ở các làng xã? answer: tình trạng che giấu, gian dối về ruộng đất và dân đinh trở nên phổ biến","question: Tình trạng gì xảy ra ở các làng xã? answer: tình trạng che giấu, gian dối về ruộng đất và dân đinh trở nên phổ biến",0.7444
51,RAG_Chunking,3,"question: Nguyên nhân dẫn đến các cuộc khởi nghĩa của dân nghèo, người dân tộc thiểu số là gì? answer: Do các bộ lạc da đỏ có thái độ thù địch và khoảng cách xa từ các thuộc địa lân cận của Tây Ban Nha","question: Nguyên nhân dẫn đến các cuộc khởi nghĩa của dân nghèo, người dân tộc thiểu số là gì? answer: Do các bộ lạc da đỏ có thái độ thù địch và khoảng cách xa từ các thuộc địa lân cận của Tây Ban Nha nên khiến những người định cư thoái chí trong việc chuyển đến khu vực",0.8059
51,RAG_Chunking,4,question: Hiệp ước hòa bình mà người Tây Ban Nha đạt được với người Lipan Apache được ký vào năm nào? answer: năm 1785,question: Hiệp ước hòa bình mà người Tây Ban Nha đạt được với người Lipan Apache được ký vào năm nào? answer: năm 1785,0.7243
52,Chunking_Only,1,question: Kết quả của cuộc bầu cử tổng thống năm 1936 như thế nào? answer: kết quả của cuộc bầu cử tổng thống năm 1936 là gì? answer: kết quả của cuộc bầu cử tổng thống năm 1936 là gì? answer: kết quả của cuộc bầu cử tổng thống năm 1936 là gì? answer: kết quả của cuộc bầu cử tổng thống năm 1936 là gì? answer: kết quả của cuộc bầu cử tổng thống năm 1936 là gì? answer: kết quả,"question: Kết quả của cuộc bầu cử tổng thống năm 1936 là gì? answer: Roosevelt vận động tranh cử dựa vào các chương trình New Deal của ông chống lại đối thủ Alf Landon, Thống đốc tiểu bang Kansas, là người chấp nhận phần lớn chương trình New Deal nhưng phản bác rằng nó không có lợi cho doanh nghiệp và quá nhiều lãng phí",0.8799
52,Chunking_Only,2,"question: Liên minh cử tri gồm những ai? answer: các đảng viên Dân chủ truyền thống trên toàn quốc, các nông gia nhỏ, cư dân miền Nam Hoa Kỳ, người công giáo La Mã, các cỗ máy thành phố lớn","question: Liên minh cử tri gồm những ai? answer: các đảng viên Dân chủ truyền thống trên toàn quốc, các nông gia nhỏ, cư dân miền Nam Hoa Kỳ, người công giáo La Mã, các cỗ máy thành phố lớn",0.6638
52,Chunking_Only,3,"question: Các nông gia nhỏ, cư dân miền Nam Hoa Kỳ, người công giáo La Mã, các cỗ máy thành phố lớn, các liên đoàn lao động, người Mỹ gốc châu Phi ở miền bắc, người Do Thái, giới trí thức và người theo chủ nghĩa tự do chính trị là những ai? answer: cư dân miền Nam Hoa Kỳ, người công giáo La Mã, các cỗ máy thành phố lớn, các liên đoàn lao động, người Mỹ gốc châu Phi ở miền bắc, người Do Thái, giới trí thức và người theo chủ nghĩa tự do chính trị","question: Các nông gia nhỏ, cư dân miền Nam Hoa Kỳ, người công giáo La Mã, các cỗ máy thành phố lớn, các liên đoàn lao động, người Mỹ gốc châu Phi ở miền bắc, người Do Thái, giới trí thức và người theo chủ nghĩa tự do chính trị là những ai? answer: cư dân miền Nam Hoa Kỳ, người công giáo La Mã, các cỗ máy thành phố lớn, các liên đoàn lao động, người Mỹ gốc châu Phi ở miền bắc, người Do Thái, giới trí thức và người theo chủ nghĩa tự do chính trị",0.6591
52,RAG_Chunking,1,question: Nguyên nhân dẫn tới thắng lợi của Cách mạng Tháng Tám năm 1945 là gì? answer: Sự lãnh đạo đúng đắn của Đảng Cộng sản Đông Dương đứng Dưới sự lãnh đạo đúng đắn của Đảng Cộng sản Đông Dương đứng Dưới sự lãnh đạo đúng đắn của Đảng Cộng sản Đông Dương đứng Dưới sự lãnh đạo đúng đắn của Đảng Cộng sản Đông Dương đứng Dưới sự lãnh đạo đúng đắn của Đảng Cộng sản Đông Dương đứng Dưới sự lãnh đạo đúng đắn của Đảng Cộng sản Đông Dương đứng Dưới sự lãnh đạo đúng đắn của Đảng Cộng sản Đông Dương đứng Dưới sự lãnh đạo đúng đắn của Đảng Cộng sản,question: Nguyên nhân dẫn tới thắng lợi của Cách mạng Tháng Tám năm 1945 là gì? answer: Sự lãnh đạo đúng đắn của Đảng Cộng sản Đông Dương đứng  dưới sự lãnh đạo đúng đắn của Đảng Cộng sản Đông Dương đứng  Dưới sự lãnh đạo đúng đắn của Đảng Cộng sản Đông Dương đứng  Dưới sự lãnh đạo đúng đắn của Đảng Cộng sản Đông Dương đứng  Dưới sự lãnh đạo đúng đắn của Đảng Cộng sản Đông Dương đứng  Dưới sự lãnh đạo đúng đắn của Đảng Cộng sản Đông Dương đứng  Dưới,0.7014
52,RAG_Chunking,2,question: Ai là người lãnh đạo Đảng Cộng sản Đông Dương? answer: Chủ tịch Hồ Chí Minh,question: Ai là người lãnh đạo Đảng Cộng sản Đông Dương? answer: Chủ tịch Hồ Chí Minh,0.6803
52,RAG_Chunking,3,"question: Nguyên nhân thắng lợi của sự lãnh đạo đúng đắn của Đảng, Chủ tịch Hồ Chí Minh là gì? answer: - Sự lãnh đạo đúng đắn của Đảng, Chủ tịch Hồ Chí Minh. - Truyền thống yêu nước, đoàn kết, ý chí kiên cường của nhân dân. - Hệ thống chính quyền, mặt trận dân tộc thống nhất, lực lượng vũ trang lớn mạnh","question: Nguyên nhân thắng lợi của sự lãnh đạo đúng đắn của Đảng, Chủ tịch Hồ Chí Minh là gì? answer: Sự lãnh đạo đúng đắn của Đảng, Chủ tịch Hồ Chí Minh. - Truyền thống yêu nước, đoàn kết, ý chí kiên cường của nhân dân. - Hệ thống chính quyền, mặt trận dân tộc thống nhất, lực lượng vũ trang lớn mạnh",0.8615
52,RAG_Chunking,4,"question: Trong cuộc bầu cử tổng thống năm 1936, Roosevelt đã có những động thái gì? answer: Roosevelt đã có những động thái gì? answer: Roosevelt đã có những động thái gì? answer: Roosevelt đã có những động thái gì? answer: Roosevelt đã có những động thái gì? answer: Roosevelt đã có những động thái gì? answer: Roosevelt đã có những động thái gì? answer: Roosevelt đã có những động thái gì? answer: Roosevelt đã có những động thái gì? answer: Roosevelt đã có","question: Trong cuộc bầu cử tổng thống năm 1936, Roosevelt đã có những động thái gì? answer: Roosevelt vận động tranh cử dựa vào các chương trình New Deal của ông chống lại đối thủ Alf Landon, Thống đốc tiểu bang Kansas, là người chấp nhận phần lớn chương trình New Dealer của ông chống lại đối thủ Alf Landon, Thống đốc tiểu bang Kansas, là người chấp nhận phần lớn chương trình New Dealer của ông chống lại đối thủ Alf Landon, Thống đốc tiểu bang Kansas, là người chấp nhận phần lớn chương trình New Dealer",0.8878
52,RAG_Chunking,5,question: Ai là người chấp nhận phần lớn chương trình New Deal? answer: Alf Landon,question: Ai là người chấp nhận phần lớn chương trình New Deal? answer: Alf Landon,0.6183
52,RAG_Chunking,6,"question: Liên minh cử tri gồm những ai? answer: các đảng viên Dân chủ truyền thống trên toàn quốc, các nông gia nhỏ, cư dân miền Nam Hoa Kỳ, người công giáo La Mã, các cỗ máy thành phố lớn, các liên đoàn lao động, người Mỹ gốc châu Phi ở miền bắc, người Do Thái, giới trí thức và người theo chủ nghĩa tự do","question: Liên minh cử tri gồm những ai? answer: các đảng viên Dân chủ truyền thống trên toàn quốc, các nông gia nhỏ, cư dân miền Nam Hoa Kỳ, người công giáo La Mã, các cỗ máy thành phố lớn, các liên đoàn lao động, người Mỹ gốc châu Phi ở miền bắc, người Do Thái, giới trí thức và người theo chủ nghĩa tự do",0.7114
53,Chunking_Only,1,"question: Richchard Hooker cho rằng thần học là khoa học về những điều gì? answer: những tranh luận, lập luận liên quan đến Thiên Chúa","question: Richchard Hooker cho rằng thần học là khoa học về những điều gì? answer: những tranh luận, lập luận liên quan đến Thiên Chúa",0.7304
53,Chunking_Only,2,"question: Answer: đó là những sự hiển nhiên xảy ra trong cuộc sống khi con người trải nghiệm về tôn giáo, tâm linh hay trong các ghi chép lịch sử về các trải nghiệm như thế trong suốt dòng lịch sử con người","question: Vật lý, siêu nhiên, tâm lý hay các thực thể xã hội là gì? answer: đó là những sự hiển nhiên xảy ra trong cuộc sống khi con người trải nghiệm về tôn giáo, tâm linh hay trong các ghi chép lịch sử về các trải nghiệm như thế trong suốt dòng lịch sử con người",0.853
53,Chunking_Only,3,"question: Answer: thiết lập và đào sâu những kinh nghiệm và khái niệm, sử dụng những điều đó để đi tìm bằng chứng cho việc các hữu thể tồn tại và phát triển như thế nào, cuối cùng là đi đến việc khám phá những điều huyền bí","question: Với tư cách là 1 khoa học, thần học nhắm tới điều gì? answer: thiết lập và đào sâu những kinh nghiệm và khái niệm, sử dụng những điều đó để đi tìm bằng chứng cho việc các hữu thể tồn tại và phát triển như thế nào, cuối cùng là đi đến việc khám phá những điều huyền bí",0.7869
53,RAG_Chunking,1,"question: Ngoài văn hoá vật chất, con người còn làm gì? answer: sáng tạo ra những giá trị tinh thần","question: Ngoài văn hoá vật chất, con người còn làm gì? answer: sáng tạo ra những giá trị tinh thần",0.7895
53,RAG_Chunking,2,"question: Tư tưởng nào được xem là tiêu chuẩn đạo đức cao nhất để đánh giá con người và các hoạt động xã hội? answer: yêu nước, thương dân","question: Tư tưởng nào được xem là tiêu chuẩn đạo đức cao nhất để đánh giá con người và các hoạt động xã hội? answer: yêu nước, thương dân",0.7984
53,RAG_Chunking,3,"question: Richchard Hooker cho rằng thần học là khoa học về những điều gì? answer: những tranh luận, lập luận liên quan đến Thiên Chúa","question: Richchard Hooker cho rằng thần học là khoa học về những điều gì? answer: những tranh luận, lập luận liên quan đến Thiên Chúa",0.7454
53,RAG_Chunking,4,"question: Answer: khi con người trải nghiệm về tôn giáo, tâm linh hay trong các ghi chép lịch sử về các trải nghiệm như thế trong suốt dòng lịch sử con người","question: Những sự hiển nhiên xảy ra trong cuộc sống con người là gì? answer: khi con người trải nghiệm về tôn giáo, tâm linh hay trong các ghi chép lịch sử về các trải nghiệm như thế trong suốt dòng lịch sử con người",0.7493
53,RAG_Chunking,5,"question: Mục đích của thần học là gì? answer: thiết lập và đào sâu những kinh nghiệm và khái niệm, sử dụng những điều đó để đi tìm bằng chứng cho việc các hữu thể tồn tại và phát triển như thế nào, cuối cùng là đi đến việc khám phá những điều huyền bí","question: Mục đích của thần học là gì? answer: thiết lập và đào sâu những kinh nghiệm và khái niệm, sử dụng những điều đó để đi tìm bằng chứng cho việc các hữu thể tồn tại và phát triển như thế nào, cuối cùng là đi đến việc khám phá những điều huyền bí",0.6093
54,Chunking_Only,1,"question: Nhiệm vụ của đơn vị chống khủng bố là gì? answer: thuộc Cảnh sát Quốc gia và Gendarmerie, hoạt động dưới quyền Thủ tướng, và dưới sự giám sát của tư pháp","question: Nhiệm vụ của đơn vị chống khủng bố là gì? answer: thuộc Cảnh sát Quốc gia và Gendarmerie, hoạt động dưới quyền Thủ tướng, và dưới sự giám sát của tư pháp",0.6348
54,RAG_Chunking,1,question: Hệ thống cơ quan phụ trách đạo thừa tuyên gồm những ai? answer: Đô ty (do Đô tổng bi answer: Đô ty (do Đô tổng bi answer: Đô ty (do Đô tổng bi answer: Đô ty,"question: Hệ thống cơ quan phụ trách đạo thừa tuyên gồm những ai? answer: Đô ty (do Đô tổng biên triều Hậu Lê, Đại Việt sử ký toàn thư, Tập 2, NXB Khoa học xã hội, tr.192) [2. Nội dung cải cách] Chia cả nước từ 5 đạo trước đây thành 12 đạo thừa tuyên",0.6828
54,RAG_Chunking,2,"question: Hệ thống cơ quan phụ trách đạo thừa tuyên gồm những gì? answer: Đô ty (do Đô tổng binh sứ đứng đầu, phụ trách quân sự), Thừa ty (do Thừa chính sứ đứng đầu, phụ trách hành chính, thuế khoá), Hiến ty (do Hiến sát sứ đứng đầu, phụ trách thanh tra, xét hỏi kiện tụng, tuân hành), còn gọi là tam ty","question: Hệ thống cơ quan phụ trách đạo thừa tuyên gồm những gì? answer: Đô ty (do Đô tổng binh sứ đứng đầu, phụ trách quân sự), Thừa ty (do Thừa chính sứ đứng đầu, phụ trách quân sự), Thừa ty (do Thừa chính sứ đứng đầu, phụ trách hành chính, thuế khoá), Hiến ty (do Hiến sát sứ đứng đầu, phụ trách thanh tra, xét hỏi kiện tụng, tuân hành), còn gọi là tam ty",0.8758
54,RAG_Chunking,3,"question: Nội dung của chính sách tứ đẳng là gì? answer: chỉ chọn những người giỏi võ nghệ làm tướng chỉ huy, không căn cứ vào nguồn gốc tôn thất như trước. - Thải hồi những binh sĩ già yếu, lấy người khoẻ mạnh bổ sung vào quân ngũ. - Tăng cường tuyển quân quy mô lớn; bổ sung lực lượng hương quân ở các địa phương. - Tăng cường tuyển quân quy mô lớn; bổ sung lực lượng hương quân ở các địa phương. - Tăng cường tuyển quân quy mô lớn; bổ sung lực lượng hương quân ở các địa phương","question: Nội dung của chính sách tứ đẳng là gì? answer: chỉ chọn những người giỏi võ nghệ làm tướng chỉ huy, không căn cứ vào nguồn gốc tôn thất như trước. - Thải hồi những binh sĩ già yếu, lấy người khoẻ mạnh bổ sung vào quân ngũ. - Tăng cường tuyển quân quy mô lớn; bổ sung lực lượng hương quân ở các địa phương. - Tăng cường tuyển quân quy mô lớn; bổ sung lực lượng hương quân ở các địa phương. - Tăng cường tuyển quân quy mô lớn; bổ sung lực lượng hương quân ở các địa phương",0.8742
54,RAG_Chunking,4,"question: Nhiệm vụ của đơn vị chống khủng bố là gì? answer: cải tiến vũ khí, tăng cường trang bị quốc phòng, xây dựng hệ thống phòng thủ quốc gia quy mô lớn","question: Nhiệm vụ của đơn vị chống khủng bố là gì? answer: cải tiến vũ khí, tăng cường trang bị quốc phòng, xây dựng hệ thống phòng thủ quốc gia quy mô lớn",0.6672
54,RAG_Chunking,5,"question: Nhiệm vụ của đơn vị chống khủng bố là gì? answer: thuộc Cảnh sát Quốc gia và Gendarmerie, hoạt động dưới quyền Thủ tướng, và dưới sự giám sát của tư pháp","question: Nhiệm vụ của đơn vị chống khủng bố là gì? answer: thuộc Cảnh sát Quốc gia và Gendarmerie, hoạt động dưới quyền Thủ tướng, và dưới sự giám sát của tư pháp",0.6365
55,Chunking_Only,1,question: Nguyên nhân gây ra khuyết tật ở trẻ em Irani nghèo là gì? answer: không gây ra khuyết tật ở trẻ sơ sinh,question: Nguyên nhân gây ra khuyết tật ở trẻ em Irani nghèo là gì? answer: Quân đội Iraq sử dụng các vũ khí hóa học và thần kinh trong thập kỷ 1980 và 1990 có thể là nguyên nhân gây ra cái gọi là khuyết tật ở trẻ em Irani nghèo không gây ra khuyết tật ở trẻ sơ sinh,0.628
55,Chunking_Only,2,question: Nguyên nhân gây ra cái gọi là khuyết tật ở trẻ em Iraq là gì? answer: thần kinh trong thập kỷ 1980 và 1990 có thể là nguyên nhân gây ra cái gọi là khuyết tật ở trẻ em Iraq,question: Nguyên nhân gây ra cái gọi là khuyết tật ở trẻ em Iraq là gì? answer: thần kinh trong thập kỷ 1980 và 1990 có thể là nguyên nhân gây ra cái gọi là khuyết tật ở trẻ em Iraq,0.6481
55,Chunking_Only,3,"question: Các nghiên cứu dịch tễ học khác về ung thư phổi tại các công nhân làm việc tại nhà máy urani và nhà máy gia công thép không cho thấy tỷ lệ ung thư như thế nào? answer: tỷ lệ ung thư trong số 19.000 công nhân công nghiệp tiếp xúc với urani nghèo ở mức độ cao tại các dự án ở Phòng thí nghiệm quốc gia Oak Ridge trong giai đoạn 1943 và 1947 đã được xem xét, và việc tăng tỷ lệ ung thư không hề được quan sát thấy cho tới tận năm 1974","question: Các nghiên cứu dịch tễ học khác về ung thư phổi tại các công nhân làm việc tại nhà máy urani và nhà máy gia công thép không cho thấy tỷ lệ ung thư như thế nào? answer: tỷ lệ ung thư trong số 19.000 công nhân công nghiệp tiếp xúc với urani nghèo ở mức độ cao tại các dự án ở Phòng thí nghiệm quốc gia Oak Ridge trong giai đoạn 1943 và 1947 đã được xem xét, và việc tăng tỷ lệ ung thư không hề được quan sát thấy cho tới tận năm 1974",0.9437
55,Chunking_Only,4,question: Các công nhân làm việc tại nhà máy urani và nhà máy gia công thép không cho thấy điều gì? answer: tỷ lệ tăng bất thường hay sự liên quan tới những chất sinh ung thư khác đã được biết ngoài urani,"question: Các công nhân làm việc tại nhà máy urani và nhà máy gia công thép không cho thấy điều gì? answer: tỷ lệ tăng bất thường hay sự liên quan tới những chất sinh ung thư khác đã được biết ngoài urani, như radon",0.8787
55,RAG_Chunking,1,"question: Mối nguy hại ngày nay có thể là gì? answer: do gây bè cánh, tiến cử không công bằng, có thể vì cậy thế công thân nơi tiềm để cho vợ con chạy chọt nhờ vả nơi quyền thế, có thể do để bạn gia nô làm hại dân lành, hay thậm thịt ở các nhà quyền thế để xin khỏi tội...","question: Mối nguy hại ngày nay có thể là gì? answer: do gây bè cánh, tiến cử không công bằng, có thể vì cậy thế công thân nơi tiềm để cho vợ con chạy chọt nhờ vả nơi quyền thế, có thể do để bạn gia nô làm hại dân lành, hay thậm thịt ở các nhà quyền thế để xin khỏi tội...",0.6956
55,RAG_Chunking,2,question: Hội đồng Tương trợ kinh tế gồm những tổ chức nào? answer: gồm những tổ chức nào? answer: Hội đồng Tương trợ kinh tế (SEV): Hợp tác kinh tế các nước XHCN (1949-1991),question: Hội đồng Tương trợ kinh tế gồm những tổ chức nào? answer: Hội đồng Tương trợ kinh tế (SEV): Hợp tác kinh tế các nước XHCN (1949-1991),0.7119
55,RAG_Chunking,3,question: Chính sách trọng nông ức thương của một số triều đại phong kiến đã tác động như thế nào đến kinh tế hàng hoá? answer: tác động như thế nào đến kinh tế hàng hoá,question: Chính sách trọng nông ức thương của một số triều đại phong kiến đã tác động như thế nào đến kinh tế hàng hoá? answer: kinh tế hàng hoá còn nhiều hạn chế,0.7691
55,RAG_Chunking,4,"question: Sự phát triển của kinh tế nông nghiệp, thiết chế làng xã và mô hình quân chủ chuyên chế đã tác động như thế nào đến đời sống tinh thần của cư dân? answer: tác động như thế nào đến đời sống tinh thần của cư dân? answer: tác động như thế nào đến đời sống tinh thần của cư dân? answer: tác động như thế nào đến đời sống tinh thần của cư dân? answer: tác động như thế nào đến đời sống tinh thần của cư dân? answer: tác động như thế nào đến đời sống tinh thần của cư","question: Sự phát triển của kinh tế nông nghiệp, thiết chế làng xã và mô hình quân chủ chuyên chế đã tác động như thế nào đến đời sống tinh thần của cư dân? answer: góp phần làm nảy sinh tính thụ động, tư tưởng quân bình, thiếu năng động, sáng tạo của cá nhân và xã hội",0.779
55,RAG_Chunking,5,"question: Nguyên nhân gây ra cái gọi là khuyết tật ở trẻ em Iraq là gì? answer: những chuyên gia về sức khỏe môi trường, về mặt y tế không thể coi việc nhiễm bệnh bạch cầu như là kết quả của việc chịu tác động của urani hay urani nghèo","question: Nguyên nhân gây ra cái gọi là khuyết tật ở trẻ em Iraq là gì? answer: những chuyên gia về sức khỏe môi trường, về mặt y tế không thể coi việc nhiễm bệnh bạch cầu như là kết quả của việc chịu tác động của urani hay urani nghèo",0.7894
55,RAG_Chunking,6,question: Tỷ lệ ung thư trong số 19.000 công nhân công nghiệp tiếp xúc với urani nghèo ở mức độ cao tại các dự án ở Phòng thí nghiệm quốc gia Oak Ridge là bao nhiêu? answer: 19.000 công nhân công nghiệp tiếp xúc với urani nghèo ở mức độ cao tại các dự án ở Phòng thí nghiệm quốc gia Oak Ridge trong giai đoạn 1943 và 1947,question: Tỷ lệ ung thư trong số 19.000 công nhân công nghiệp tiếp xúc với urani nghèo ở mức độ cao tại các dự án ở Phòng thí nghiệm quốc gia Oak Ridge là bao nhiêu? answer: 19.000 công nhân công nghiệp tiếp xúc với urani nghèo ở mức độ cao tại các dự án ở Phòng thí nghiệm quốc gia Oak Ridge trong giai đoạn 1943 và 1947,0.8286
55,RAG_Chunking,7,question: Tại các công nhân làm việc tại nhà máy urani và nhà máy gia công thép không cho thấy điều gì? answer: tỷ lệ tăng bất thường hay sự liên quan tới những chất sinh ung thư khác đã được biết ngoài urani,"question: Tại các công nhân làm việc tại nhà máy urani và nhà máy gia công thép không cho thấy điều gì? answer: tỷ lệ tăng bất thường hay sự liên quan tới những chất sinh ung thư khác đã được biết ngoài urani, như radon",0.9112
56,Chunking_Only,1,question: Ai là người duy trì mối quan hệ thân thiết với cả Roosevelt và Mercer? answer: Shoumatoff,question: Ai là người duy trì mối quan hệ thân thiết với Roosevelt và Mercer? answer: Shoumatoff,0.6922
56,Chunking_Only,2,"question: Để tránh tai tiếng, Eleanor đã làm gì? answer: vội vã đưa Mercer đi khỏi","question: Để tránh tai tiếng, Eleanor đã làm gì? answer: vội vã đưa Mercer đi khỏi",0.6341
56,RAG_Chunking,1,question: Hệ thống xã hội chủ nghĩa ra đời vào thời gian nào? answer: Sau Chiến tranh thế giới thứ hai,question: Hệ thống xã hội chủ nghĩa ra đời vào thời gian nào? answer: Sau Chiến tranh thế giới thứ hai,0.7778
56,RAG_Chunking,2,"question: Chiến lược đối ngoại chủ yếu của Việt Nam là gì? answer: đấu tranh yêu cầu thực hiện Hiệp định Genève. - Củng cố quan hệ với các nước xã hội chủ nghĩa. - Tăng cường đoàn kết ba nước Đông Dương. - Đàm phán, ký Hiệp định Paris (1973). - Tăng cường đoàn kết ba nước Đông Dương. - Đàm phán, ký Hiệp định Paris (1973). - Tăng cường đoàn kết ba nước Đông Dương. - Đàm phán, ký Hiệp định Paris (1973). - Tăng cường đoàn kết ba nước Đông Dương","question: Chiến lược đối ngoại chủ yếu của Việt Nam là gì? answer: đấu tranh yêu cầu thực hiện Hiệp định Genève. - Củng cố quan hệ với các nước xã hội chủ nghĩa. - Tăng cường đoàn kết ba nước Đông Dương. - Đàm phán, ký Hiệp định Paris (1973). - Tăng cường đoàn kết ba nước Đông Dương. - Đàm phán, ký Hiệp định Paris (1973). - Tăng cường đoàn kết ba nước Đông Dương. - Đàm phán, ký Hiệp định Paris (1973). - Tăng cường đoàn kết ba nước Đông Dương",0.7651
56,RAG_Chunking,3,"question: Trong những năm cuối cùng của ông tại Nhà Trắng, Roosevelt đã làm những gì? answer: Roosevelt đã làm gì? answer: Roosevelt đã làm gì? answer: Roosevelt đã làm gì? answer: Roosevelt đã làm gì? answer: Roosevelt đã làm gì? answer: Roosevelt đã làm gì? answer: Roosevelt đã làm gì? answer: Roosevelt đã làm gì? answer: Roosevelt đã làm gì? answer: Roosevelt đã làm gì? answer: Roosevelt đã làm gì? answer: Roosevelt đã làm","question: Trong những năm cuối cùng của ông tại Nhà Trắng, Roosevelt đã làm gì? answer: Roosevelt ngày càng làm việc quá sức và con gái ông, Anna Roosevelt Boettiger phải dọn vào ở gần bên ông để hỗ trợ",0.6915
56,RAG_Chunking,4,question: Shoumatoff là ai? answer: người duy trì mối quan hệ thân với cả Roosevelt và Mercer,question: Shoumatoff là ai? answer: người duy trì mối quan hệ thân với cả Roosevelt và Mercer,0.6739
57,Chunking_Only,1,question: Ai là người đứng đầu đảng Quốc dân Đại hội? answer: Chitta Ranjan Das và Motilal Nehru,question: Ai là người đứng đầu đảng Quốc dân Đại hội? answer: Chitta Ranjan Das và Motilal Nehru,0.7503
57,RAG_Chunking,1,question: Vào khoảng thời gian nào thì Phùng Hưng cùng em trai khởi nghĩa? answer: khoảng những năm 766 - 780,question: Vào khoảng thời gian nào thì Phùng Hưng cùng em trai khởi nghĩa? answer: khoảng những năm 766 - 780,0.6802
57,RAG_Chunking,2,question: Cuộc khởi nghĩa Hai Bà Trưng bùng nổ vào thời gian nào? answer: năm 40,question: Cuộc khởi nghĩa Hai Bà Trưng bùng nổ vào thời gian nào? answer: năm 40,0.671
57,RAG_Chunking,3,question: Sau khi nhà Hồ thất bại trong cuộc kháng chiến chống quân Minh năm 1407 thì những cuộc đấu tranh nào tiếp tục nổ ra? answer: nhiều cuộc đấu tranh tiếp tục nổ ra trên cả nước,question: Sau khi nhà Hồ thất bại trong cuộc kháng chiến chống quân Minh năm 1407 thì những cuộc đấu tranh nào tiếp tục nổ ra? answer: nhiều cuộc đấu tranh tiếp tục nổ ra trên cả nước,0.8032
57,RAG_Chunking,4,question: Phái thứ hai được dẫn đầu bởi ai? answer: Chitta Ranjan Das và Motilal Nehru,question: Phái thứ hai được dẫn đầu bởi ai? answer: Chitta Ranjan Das và Motilal Nehru,0.6863
58,Chunking_Only,1,"question: Gà được nuôi chủ yếu để làm gì? answer: lấy thịt gà và trứng gà, là phương tiện báo thức ở nông thông ngoài ra còn các sản phẩm khác như lông gà, phục vụ cho đá gà, và làm cảnh","question: Gà được nuôi chủ yếu để làm gì? answer: lấy thịt gà và trứng gà, là phương tiện báo thức ở nông thông ngoài ra còn các sản phẩm khác như lông gà, phục vụ cho đá gà, và làm cảnh",0.7881
58,Chunking_Only,2,"question: Gà được nuôi hàng năm để làm gì? answer: thực phẩm, trứng và thịt","question: Gà được nuôi hàng năm để làm gì? answer: thực phẩm, trứng và thịt",0.6249
58,RAG_Chunking,1,"question: Nguồn lương thực chính của cư dân Phù Nam là gì? answer: lúa gạo và các loại rau, củ, quả","question: Nguồn lương thực chính của cư dân Phù Nam là gì? answer: lúa gạo và các loại rau, củ, quả",0.7417
58,RAG_Chunking,2,"question: Công nghiệp len, dạ bùng nổ đã làm cho nghề nuôi cừu trở nên có lợi cho giai cấp tư sản và tầng lớp quý tộc như thế nào? answer: làm cho nghề nuôi cừu trở nên có lợi cho giai cấp tư sản và tầng lớp quý tộc","question: Công nghiệp len, dạ bùng nổ đã làm cho nghề nuôi cừu trở nên có lợi cho giai cấp tư sản và tầng lớp quý tộc như thế nào? answer: làm cho nghề nuôi cừu trở nên có lợi cho giai cấp tư sản và tầng lớp quý tộc",0.735
58,RAG_Chunking,3,"question: Gà được nuôi chủ yếu để làm gì? answer: lấy thịt gà và trứng gà, là phương tiện báo thức ở nông thông ngoài ra còn các sản phẩm khác như lông gà, phục vụ cho đá gà, và làm cảnh","question: Gà được nuôi chủ yếu để làm gì? answer: lấy thịt gà và trứng gà, là phương tiện báo thức ở nông thông ngoài ra còn các sản phẩm khác như lông gà, phục vụ cho đá gà, và làm cảnh",0.768
58,RAG_Chunking,4,question: Kỷ lục nào dẫn ra kỷ lục gà đẻ 371 trứng trong 364 ngày? answer: Kỷ lục Guinness 2011,question: Kỷ lục nào dẫn ra kỷ lục gà đẻ 371 trứng trong 364 ngày? answer: Kỷ lục Guinness 2011,0.8739
59,Chunking_Only,1,"question: Trong cuộc bầu cử tháng 11 năm 1938, đảng Dân chủ đã mất bao nhiêu ghế trong cuộc bầu cử tháng 11 năm 1938? answer: 6 ghế thượng viện và 71 ghế hạ viện",question: Đảng Dân chủ đã mất bao nhiêu ghế trong cuộc bầu cử tháng 11 năm 1938? answer: 6 ghế thượng viện và 71 ghế hạ viện,0.7316
59,RAG_Chunking,1,question: Kết quả của chiến dịch Điện Biên Phủ là gì? answer: toàn thắng ngày 7-5-1954,question: Kết quả của chiến dịch Điện Biên Phủ là gì? answer: toàn thắng ngày 7-5-1954,0.7664
59,RAG_Chunking,2,question: Hệ thống xã hội chủ nghĩa ra đời vào thời gian nào? answer: 1951 - 1953,question: Hệ thống xã hội chủ nghĩa ra đời vào thời gian nào? answer: 1951 - 1953,0.6499
59,RAG_Chunking,3,question: Ai là người lãnh đạo liên minh Bảo thủ cùng với các đảng viên Dân chủ miền Nam Hoa Kỳ? answer: Thượng nghị sĩ Robert Taft,question: Ai là người lãnh đạo liên minh Bảo thủ cùng với các đảng viên Dân chủ miền Nam Hoa Kỳ? answer: Thượng nghị sĩ Robert Taft,0.6246
59,RAG_Chunking,4,question: Answer: là một đạo luật cải cách New Deal đáng kể cuối cùng được quốc hội thông qua,question: Luật lương tối thiểu năm 1938 đã cải cách New Deal như thế nào? answer: là một đạo luật cải cách New Deal đáng kể cuối cùng được quốc hội thông qua,0.7632
60,Chunking_Only,1,question: Các nhà truyền giáo Paul de Chomedey de Maisonneuve và Jeanne Mance lập ra một làng nằm trong phạm vi của Montréal ngày nay là ai? answer: Paul de Chomedey de Maisonneuve và Jeanne Mance,question: Các nhà truyền giáo Paul de Chomedey de Maisonneuve và Jeanne Mance lập ra một làng nằm trong phạm vi của Montréal ngày nay là ai? answer: Paul de Chomedey de Maisonneuve và Jeanne Mance,0.7091
60,Chunking_Only,2,"question: Sau khi Hầu tước Vaudreuil trao thành Ville-Marie cho Đế quốc Anh vào năm 1760, các dân di cư từ Anh, Ireland, Scotland và những nơi khác ở Âu Châu cũng đến lập nghiệp tại đây? answer: các dân di cư từ Anh, Ireland, Scotland và những nơi khác ở Âu Châu cũng đến lập nghiệp tại đây","question: Sau khi Hầu tước Vaudreuil trao thành Ville-Marie cho Đế quốc Anh vào năm 1760, các dân di cư từ Anh, Ireland, Scotland và những nơi khác ở Âu Châu cũng đến lập nghiệp tại đây? answer: các dân di cư từ Anh, Ireland, Scotland và những nơi khác ở Âu Châu cũng đến lập nghiệp tại đây",0.7081
60,Chunking_Only,3,question: Thời kỳ huy hoàng nhất của Montréal là khi nào? answer: từ thập niên 1860 đến thập niên 1930,question: Thời kỳ huy hoàng nhất của Montréal là khi nào? answer: từ thập niên 1860 đến thập niên 1930,0.8135
60,RAG_Chunking,1,"question: Các hiện tượng nào xảy ra ở các làng xã? answer: tình trạng che giấu, gian dối về ruộng đất và dân đinh","question: Các hiện tượng nào xảy ra ở các làng xã? answer: tình trạng che giấu, gian dối về ruộng đất và dân đinh",0.6676
60,RAG_Chunking,2,"question: Những điều kiện tự nhiên thuận lợi cho sự hình thành và phát triển của nền văn minh Ấn Độ là gì? answer: Sông Ấn và sông Hằng tạo ra những điều kiện tự nhiên thuận lợi cho sự phát triển của kinh tế, chính trị, xã hội và dân cư","question: Những điều kiện tự nhiên thuận lợi cho sự hình thành và phát triển của nền văn minh Ấn Độ là gì? answer: Sông Ấn và sông Hằng tạo ra những điều kiện tự nhiên thuận lợi cho sự phát triển của kinh tế, chính trị, xã hội và dân cư",0.7919
60,RAG_Chunking,3,"question: Những cơ sở quan trọng đối với sự hình thành và phát triển của văn minh Ấn Độ là gì? answer: nh tế, chính trị, xã hội và dân cư","question: Những cơ sở quan trọng đối với sự hình thành và phát triển của văn minh Ấn Độ là gì? answer: nh tế, chính trị, xã hội và dân cư",0.6798
60,RAG_Chunking,4,question: Làng Ville-Marie được đặt tên là gì? answer: Ville-Marie và càng ngày càng mở rộng nhờ vào sự trao đổi giữa người Pháp định cư và dân bản xứ,question: Làng Ville-Marie được đặt tên là gì? answer: Ville-Marie và càng ngày càng mở rộng nhờ vào sự trao đổi giữa người Pháp định cư và dân bản xứ,0.7558
60,RAG_Chunking,5,"question: Sau khi các kỹ nghệ, thương mại và dân nói tiếng Anh dọn đi Toronto thì các kỹ nghệ, thương mại và dân nói tiếng Anh đã dọn đi đâu? answer: Toronto","question: Sau khi các kỹ nghệ, thương mại và dân nói tiếng Anh dọn đi Toronto thì các kỹ nghệ, thương mại và dân nói tiếng Anh đã dọn đi đâu? answer: Toronto",0.719
61,Chunking_Only,1,question: Những khu vực nào ở Paris được xem là bình dân? answer: Quận 10 hay một số khu vực gần ngoại ô như Montreuil thuộc Seine-Saint-Denis,question: Những khu vực nào ở Paris được xem là bình dân? answer: Quận 10 hay một số khu vực gần ngoại ô như Montreuil thuộc Seine-Saint-Denis,0.6571
61,Chunking_Only,2,"question: Những tỉnh nào thuộc le-de-France? answer: Hauts-de-Seine, Yvelines, Essonne và Val-de-Marne","question: Những tỉnh nào thuộc le-de-France? answer: Hauts-de-Seine, Yvelines, Essonne và Val-de-Marne",0.7947
61,RAG_Chunking,1,"question: Những người cực khổ nhất trong xã hội là những người như thế nào? answer: không có ruộng đất, bị nhiều tầng lớp áp bức bóc lột","question: Những người cực khổ nhất trong xã hội là những người như thế nào? answer: không có ruộng đất, bị nhiều tầng lớp áp bức bóc lột",0.7254
61,RAG_Chunking,2,"question: Các hiện tượng nào xảy ra ở các làng xã? answer: tình trạng che giấu, gian dối về ruộng đất và dân đinh trở nên phổ biến","question: Các hiện tượng nào xảy ra ở các làng xã? answer: tình trạng che giấu, gian dối về ruộng đất và dân đinh trở nên phổ biến",0.6579
61,RAG_Chunking,3,"question: Vào thời hậu kì trung đại, đặc biệt là với sự phát triển của các thành thị và tác động của các cuộc phát kiến địa lí, kinh tế Tây Âu có những thay đổi gì? answer: Quan hệ sản xuất tư bản chủ nghĩa hình thành cùng với sự phát triển kinh tế công thương nghiệp, sự t answer: sự phát triển kinh tế công thương nghiệp, sự t answer: sự phát triển kinh tế công thương nghiệp, sự t answer: sự phát triển kinh tế công thương nghiệp","question: Vào thời hậu kì trung đại, đặc biệt là với sự phát triển của các thành thị và tác động của các cuộc phát kiến địa lí là gì? answer: sự phát triển của các thành thị và tác động của các cuộc phát kiến địa lí",0.6933
61,RAG_Chunking,4,"question: Sự tăng giá liên tục của bất động sản đã cho thấy điều gì? answer: những dân cư nghèo và trung bình dần được thay thế bằng một tầng lớp mới khá giả hơn. Ở Paris, sự vận động này phổ biến ngay cả ở những khu phố được xem là bình dân, như Quận answer: question: Sự tăng giá liên tục của bất động sản cho thấy những dân cư nghèo và trung bình dần được thay thế bằng một tầng lớp mới khá giả hơn",question: Sự tăng giá liên tục của bất động sản đã cho thấy điều gì? answer: những dân cư nghèo và trung bình dần được thay thế bằng một tầng lớp mới khá giả hơn,0.7288
61,RAG_Chunking,5,question: Những khu phố bình dân nào ở Paris? answer: Quận 10 hay một số khu vực gần ngoại ô như Montreuil thuộc Seine-Saint-Denis,question: Những khu phố bình dân nào ở Paris? answer: Quận 10 hay một số khu vực gần ngoại ô như Montreuil thuộc Seine-Saint-Denis,0.6709
61,RAG_Chunking,6,question: Bao nhiêu gia đình Paris ở mức sung túc nhất nước Pháp? answer: Trên 1.961.667 euro,question: Bao nhiêu gia đình Paris ở mức sung túc nhất nước Pháp? answer: Trên 1.961.667 euro,0.8083
62,Chunking_Only,1,"question: Những người thổ dân Taino hoặc bị giết trong những trận chiếm đẫm máu mà ưu thế thuộc về ai? answer: người Tây Ban Nha hay những bệnh dịch chết người từ châu Âu mà họ chưa tiếp xúc bao giờ, hoặc bị người Tây Ban Nha bắt làm nô lệ","question: Những người thổ dân Taino hoặc bị giết trong những trận chiếm đẫm máu mà ưu thế thuộc về ai? answer: người Tây Ban Nha hay những bệnh dịch chết người từ châu Âu mà họ chưa tiếp xúc bao giờ, hoặc bị người Tây Ban Nha bắt làm nô lệ",0.7048
62,Chunking_Only,2,question: Vì sao người Tây Ban Nha phải buôn nô lệ da đen từ châu Phi sang làm việc? answer: Puerto Rico do vị trí địa lý chiến lược của mình trở thành một pháo đài phòng thủ quan trọng cho hệ thống thuộc địa to lớn của Tây Ban Nha tại Mỹ Latinh,question: Vì sao người Tây Ban Nha phải buôn nô lệ da đen từ châu Phi sang làm việc? answer: Puerto Rico do vị trí địa lý chiến lược của mình trở thành một pháo đài phòng thủ quan trọng cho hệ thống thuộc địa to lớn của Tây Ban Nha tại Mỹ Latinh,0.8791
62,Chunking_Only,3,"question: Mục đích của San Felipe del Morro hay El Castillo de San Cristobal là gì? answer: bảo vệ Puerto Rico khỏi sự dòm ngó của các cường quốc thù địch như Pháp, Hà Lan và Anh","question: Mục đích của San Felipe del Morro hay El Castillo de San Cristobal là gì? answer: bảo vệ Puerto Rico khỏi sự dòm ngó của các cường quốc thù địch như Pháp, Hà Lan và Anh",0.7962
62,RAG_Chunking,1,"question: Chủ nô là những người như thế nào trong xã hội Hy Lạp và La Mã? answer: tầng lớp chiếm số đông trong xã hội, làm việc nặng nhọc ở các trang trại, trong các xưởng thủ công, khuân vác hàng hoá và ch answer: Nô lệ là tầng lớp chiếm số đông trong xã hội, làm việc nặng nhọc ở các trang trại, trong các xưởng thủ công, khuân vác hàng hoá và ch","question: Chủ nô là những người như thế nào trong xã hội Hy Lạp và La Mã? answer: những người tự do, gồm nông dân nghèo, thợ thủ công, nô lệ được giải phóng... Nô lệ là tầng lớp chiếm số đông trong xã hội, làm việc nặng nhọc ở các trang trại, trong các xưởng thủ công, khuân vác hàng hoá và ch... Nô lệ là tầng lớp chiếm số đông trong xã hội, làm việc nặng nhọc ở các trang trại, trong các xưởng thủ công, khuân vác hàng hoá và ch... Nô lệ là tầng lớp chiếm số đông trong xã hội, làm việc",0.9124
62,RAG_Chunking,2,"question: Tình trạng gì xảy ra ở các làng xã? answer: tình trạng che giấu, gian dối về ruộng đất và dân đinh trở nên phổ biến","question: Tình trạng gì xảy ra ở các làng xã? answer: tình trạng che giấu, gian dối về ruộng đất và dân đinh trở nên phổ biến",0.768
62,RAG_Chunking,3,"question: La Fortaleza, El Castillo, San Felipe del Morro hay El Castillo de San Cristobal được xây dựng nhằm mục đích gì? answer: bảo vệ Puerto Rico khỏi sự dòm ngó của các cường quốc thù địch như Pháp, Hà Lan và Anh","question: La Fortaleza, El Castillo, San Felipe del Morro hay El Castillo de San Cristobal được xây dựng nhằm mục đích gì? answer: bảo vệ Puerto Rico khỏi sự dòm ngó của các cường quốc thù địch như Pháp, Hà Lan và Anh",0.8274
62,RAG_Chunking,4,question: Sự giàu có tài nguyên của Puerto Rico chủ yếu mang lại điều gì? answer: mang lại sự thịnh vượng cho chính quốc chứ cư dân hòn đảo thì sống trong tình trạng nghèo khó,question: Sự giàu có tài nguyên của Puerto Rico chủ yếu mang lại điều gì? answer: mang lại sự thịnh vượng cho chính quốc chứ cư dân hòn đảo thì sống trong tình trạng nghèo khó,0.8067
63,Chunking_Only,1,"question: Tại Bộ Hải quân, Roosevelt đã thể hiện tài năng như thế nào? answer: ông đã thể hiện tài năng lớn trong kỹ năng quản trị cũng như mau chóng học biết cách đàm phán với giới lãnh đạo Quốc hội và các bộ ngành khác trong chính phủ để vận động thông qua ngân sách","question: Tại Bộ Hải quân, Roosevelt đã thể hiện tài năng như thế nào? answer: ông đã thể hiện tài năng lớn trong kỹ năng quản trị cũng như mau chóng học biết cách đàm phán với giới lãnh đạo Quốc hội và các bộ ngành khác trong chính phủ để vận động thông qua ngân sách",0.8856
63,Chunking_Only,2,question: Roosevelt đến thăm hai nước Anh và Pháp để làm gì? answer: thị sát các căn cứ hải quân của Mỹ tại đây,question: Roosevelt đến thăm hai nước Anh và Pháp để làm gì? answer: thị sát các căn cứ hải quân của Mỹ tại đây,0.6874
63,Chunking_Only,3,question: Sự kiện gì đã xảy ra vào tháng 7 năm 1920? answer: vụ tai tiếng tình dục ở Newport xảy ra giữa các thủy thủ Hải quân và dân đồng tình luyến ái địa phương được đăng tải trên Thời bá,question: Sự kiện gì đã xảy ra vào tháng 7 năm 1920? answer: vụ tai tiếng tình dục ở Newport xảy ra giữa các thủy thủ Hải quân và dân đồng tình luyến ái địa phương được đăng tải trên Thời bá,0.6258
63,Chunking_Only,4,question: Roosevelt từ chức trợ tá Bộ trưởng Hải quân để làm gì? answer: ra tranh cử chức vụ Phó Tổng thống Hoa Kỳ,question: Roosevelt từ chức trợ tá Bộ trưởng Hải quân để làm gì? answer: ra tranh cử chức vụ Phó Tổng thống Hoa Kỳ,0.8128
63,RAG_Chunking,1,"question: Nội dung của chính sách tứ đẳng là gì? answer: chỉ chọn những người giỏi võ nghệ làm tướng chỉ huy, không căn cứ vào nguồn gốc tôn thất như trước. - Thải hồi những binh sĩ già yếu, lấy người khoẻ mạnh bổ sung vào quân ngũ. - Tăng cường tuyển quân quy mô lớn; bổ sung lực lượng hương quân ở các địa phương. - Tăng cường tuyển quân quy mô lớn; bổ sung lực lượng hương quân ở các địa phương. - Tăng cường tuyển quân quy mô lớn; bổ sung lực lượng hương quân ở các địa phương","question: Nội dung của chính sách tứ đẳng là gì? answer: chỉ chọn những người giỏi võ nghệ làm tướng chỉ huy, không căn cứ vào nguồn gốc tôn thất như trước. - Thải hồi những binh sĩ già yếu, lấy người khoẻ mạnh bổ sung vào quân ngũ. - Tăng cường tuyển quân quy mô lớn; bổ sung lực lượng hương quân ở các địa phương. - Tăng cường tuyển quân quy mô lớn; bổ sung lực lượng hương quân ở các địa phương. - Tăng cường tuyển quân quy mô lớn; bổ sung lực lượng hương quân ở các địa phương",0.8738
63,RAG_Chunking,2,"question: Nhiệm vụ của quân đội trong kháng chiến chống ngoại xâm là gì? answer: xây dựng lại binh chế, chia đặt lại tổ chức quân đội theo hướng quy củ, chặt chẽ, đặt dưới sự chỉ huy thống nhất của triều đình","question: Nhiệm vụ của quân đội trong kháng chiến chống ngoại xâm là gì? answer: xây dựng lại binh chế, chia đặt lại tổ chức quân đội theo hướng quy củ, chặt chẽ, đặt dưới sự chỉ huy thống nhất của triều đình",0.8129
63,RAG_Chunking,3,question: Tác dụng của kháng chiến chống ngoại xâm đối với sự hình thành của dân tộc Việt Nam do ai lãnh đạo? answer: Chủ tịch Hồ Chí Minh,question: Tác dụng của kháng chiến chống ngoại xâm đối với sự hình thành của dân tộc Việt Nam do ai lãnh đạo? answer: Chủ tịch Hồ Chí Minh,0.8549
63,RAG_Chunking,4,"question: Sự ủng hộ, giúp đỡ của phong trào cách mạng thế giới và sức mạnh thời đại đã ảnh hưởng như thế nào đối với Roosevelt? answer: Sự ủng hộ, giúp đỡ của phong trào cách mạng thế giới và sức mạnh thời đại","question: Sự ủng hộ, giúp đỡ của phong trào cách mạng thế giới và sức mạnh thời đại đã ảnh hưởng như thế nào đối với Roosevelt? answer: Tình cảm đặc biệt của Roosevelt đối với Hải quân dần dần phát triển và kéo dài suốt cuộc đời ông",0.7665
63,RAG_Chunking,5,question: Roosevelt đến thăm hai nước Anh và Pháp để làm gì? answer: thị sát các căn cứ hải quân của Mỹ tại đây; answer: thị sát các căn cứ hải quân của Mỹ tại đây; answer: thị sát các căn cứ hải quân của Mỹ tại đây; answer: thị sát các căn cứ hải quân của Mỹ tại đây; answer: thị sát các căn cứ hải quân của Mỹ tại đây; answer: thị sát các căn cứ hải quân của Mỹ tại đây; answer: thị sát các căn cứ hải quân của Mỹ tại đây,"question: Năm 1918, Roosevelt đến thăm hai nước Anh và Pháp để làm gì? answer: thị sát các căn cứ hải quân của Mỹ tại đây",0.7207
63,RAG_Chunking,6,question: Vì sao Roosevelt từ chức trợ tá Bộ trưởng Hải quân? answer: vì vụ tai tiếng tình dục ở Newport xảy ra giữa các thủy thủ Hải quân và dân đồng tình luyến ái địa phương được đăng tải trên Thời báo New York và Nhật báo Providence,question: Vì sao Roosevelt từ chức trợ tá Bộ trưởng Hải quân? answer: vì vụ tai tiếng tình dục ở Newport xảy ra giữa các thủy thủ Hải quân và dân đồng tình luyến ái địa phương được đăng tải trên Thời báo New York và Nhật báo Providence,0.8815
64,Chunking_Only,1,question: Loài kiến tách ra từ Kỷ Creta-giữa cách đây bao lâu? answer: khoảng 110 đến 130 triệu năm,question: Loài kiến tách ra từ Kỷ Creta-giữa cách đây bao lâu? answer: khoảng 110 đến 130 triệu năm,0.678
64,Chunking_Only,2,"question: Năm 1966, E. O. Wilson và đồng sự của ông đã xác định hóa thạch gì? answer: hóa thạch kiến (loài Sphecomyrma freyi) sống trong kỷ Creta","question: Năm 1966, E. O. Wilson và đồng sự của ông đã xác định hóa thạch gì? answer: hóa thạch kiến (loài Sphecomyrma freyi) sống trong kỷ Creta. Tiêu bản này nằm trong hổ phách được định tuổi là hơn 80 triệu năm và mang các đặc điểm của kiến và wasp. Sphecomyrma có thể kiếm ăn trên mặt đất nhưng một số tác giả dựa trên các nhóm nguyên thủy Leptanillinae và Martialinae nên các loài kiến nguyên thủy cùa Sphecomyrma freyi) sống trong kỷ Creta",0.9442
64,Chunking_Only,3,question: Vì sao tác giả dựa trên các nhóm nguyên thủy Leptanillinae và Martialininae nên các loài kiến nguyên thủy có thể là các loài săn mồi dưới mặt đất? answer: Vì sao tác giả dựa trên các nhóm nguyên thủy Leptanillinae và Martialininae nên các loài kiến nguyên thủy có thể là các loài săn mồi dưới mặt đất,question: Vì sao tác giả dựa trên các nhóm nguyên thủy Leptanillinae và Martialininae nên các loài kiến nguyên thủy có thể là các loài săn mồi dưới mặt đất? answer: các loài săn mồi dưới mặt đất,0.8908
64,RAG_Chunking,1,question: Cuộc viễn chinh về Cuộc Cách mạng công nghiệp lần thứ tư có ý nghĩa như thế nào? answer: đã giúp giảm đáng kể về chi phí và những khó khăn so với trước,"question: Cuộc viễn chinh về Cuộc Cách mạng công nghiệp lần thứ tư có ý nghĩa như thế nào? answer: đã giúp giảm đáng kể về chi phí và những khó khăn so với trước. Trước đây, phải mất hơn 10 năm và 2,7 tỉ USD để hoàn thành Dự án bản đồ gen người. Ngày nay, một gen có thể được giải mã trình tự trong vài tiếng với chi phí dưới 1 000 USD Mỹ. Ngày nay, một gen có thể được giải mã trình tự trong vài tiếng với chi phí dưới 1 000 USD Mỹ",0.924
64,RAG_Chunking,2,question: Cuộc viễn chinh về phía đông của A-lếch-xăng-đờ-rốt Đại đế có ý nghĩa như thế nào? answer: thúc đẩy mạnh mẽ sự giao lưu văn hoá giữa Hy Lạp và phương Đông,question: Cuộc viễn chinh về phía đông của A-lếch-xăng-đờ-rốt Đại đế có ý nghĩa như thế nào? answer: thúc đẩy mạnh mẽ sự giao lưu văn hoá giữa Hy Lạp và phương Đông,0.7776
64,RAG_Chunking,3,"question: Vào năm 45 TCN, Xê-da đã mời các nhà toán học và thiên văn học Ai Cập đến để cải cách lịch sử? answer: Xê-da đã mời các nhà toán học và thiên văn học Ai Cập đến Rô-ma để cải cách lịch sử? answer: Xê-da đã mời các nhà toán học và thiên văn học Ai Cập đến Rô-ma để cải cách lịch sử? answer: Xê-da đã mời các nhà toán học và thiên văn học Ai Cập đến Rô-ma để cải cách lịch sử? answer: Xê-da đã","question: Vào năm 45 TCN, Xê-da đã mời các nhà toán học và thiên văn học Ai Cập đến để cải cách lịch sử? answer: Xê-da đã mời các nhà toán học và thiên văn học Ai Cập đến Rô-ma để cải cách lịch",0.8582
64,RAG_Chunking,4,"question: Năm 1966, E. O. Wilson và đồng sự của ông đã làm gì? answer: xác định các hóa thạch kiến (loài Sphecomyrma freyi) sống trong kỷ Creta","question: Năm 1966, E. O. Wilson và đồng sự của ông đã làm gì? answer: xác định các hóa thạch kiến (loài Sphecomyrma freyi) sống trong kỷ Creta",0.7344
64,RAG_Chunking,5,question: Loài kiến nguyên thủy có thể kiếm ăn trên mặt đất nhưng một số tác giả dựa trên các nhóm nguyên thủy Leptanillinae và Martialinae nên các loài kiến nguyên thủy có thể là các loài săn mồi dưới mặt đất? answer: Sphecomyrma freyi,question: Loài kiến nguyên thủy có thể kiếm ăn trên mặt đất nhưng một số tác giả dựa trên các nhóm nguyên thủy Leptanillinae và Martialinae nên các loài kiến nguyên thủy có thể là các loài săn mồi dưới mặt đất? answer: Sphecomyrma có thể kiếm ăn trên mặt đất nhưng một số tác giả dựa trên các nhóm nguyên thủy Leptanillinae và Martialinae nên các loài kiến nguyên thủy có thể là các loài săn mồi dưới mặt đất,0.7076
65,Chunking_Only,1,"question: Iraq được phép sử dụng loại máy bay trực thăng vũ trang nào? answer: các máy bay trực thăng vũ trang trong phía biên giới lãnh thổ nước mình, bề ngoài là để vận chuyển các quan chức chính phủ do những thiệt hại đã phải hứng chịu của hệ thống vận chuyển công cộng","question: Iraq được phép sử dụng loại máy bay trực thăng vũ trang nào? answer: các máy bay trực thăng vũ trang trong phía biên giới lãnh thổ nước mình, bề ngoài là để vận chuyển các quan chức chính phủ do những thiệt hại đã phải hứng chịu của hệ thống vận chuyển công cộng",0.7432
65,Chunking_Only,2,"question: Các lãnh đạo người Kurd tin vào điều gì? answer: những lời tuyên bố của Hoa Kỳ rằng họ sẽ ủng hộ một cuộc nổi dậy và bắt đầu chiến đấu, với hy vọng thực hiện được một cuộc đảo chính","question: Các lãnh đạo người Kurd tin tưởng vào điều gì? answer: những lời tuyên bố của Hoa Kỳ rằng họ sẽ ủng hộ một cuộc nổi dậy và bắt đầu chiến đấu, với hy vọng thực hiện được một cuộc đảo chính",0.6969
65,Chunking_Only,3,question: Vì sao hàng triệu người Kurd phải chạy qua các vùng núi? answer: Những vụ xung đột đó sau này đã dẫn tới việc thành lập những vùng cấm bay ở cả phía bắc và phía nam Iraq,question: Vì sao hàng triệu người Kurd phải chạy qua các vùng núi? answer: Hàng triệu người Kurd đã phải chạy qua các vùng núi để đến những vùng người Kurd tại Thổ Nhĩ Kỳ và Iran,0.7017
65,Chunking_Only,4,question: Vì sao hơn 400.000 người đã bị trục xuất khỏi Kuwait? answer: vì sự ủng hộ và hợp tác của họ với Saddam Hussein,question: Vì sao hơn 400.000 người đã bị trục xuất khỏi Kuwait? answer: vì sự ủng hộ và hợp tác của họ với Saddam Hussein,0.8213
65,RAG_Chunking,1,question: Các cuộc kháng chiến không thành công? answer: - Thi hành chính sách tứ đẳng để tuyển chọn quan lại chủ yếu. - Thi hành chính sách tứ đẳng để tuyển chọn quan lại chủ yếu. - Thi hành chính sách tứ đẳng để tuyển chọn quan lại chủ yếu. - Thi hành chính sách tứ đẳng để tuyển chọn quan lại chủ yếu. - Thi hành chính sách tứ đẳng để tuyển chọn quan lại chủ yếu. - Thi hành chính sách tứ đẳng để tuyển chọn quan lại chủ yếu. - Thi hành chính sách tứ đẳng để tuyển chọn quan lại chủ yếu. - Thi hành chính sách tứ,question: Các cuộc kháng chiến không thành công? answer: - Thi hành chính sách tứ đẳng để tuyển chọn quan lại chủ yếu. - Thi hành chính sách tứ đẳng để tuyển chọn quan lại chủ yếu. - Thi hành chính sách tứ đẳng để tuyển chọn quan lại chủ yếu. - Thi hành chính sách tứ đẳng để tuyển chọn quan lại chủ yếu. - Thi hành chính sách tứ đẳng để tuyển chọn quan lại chủ yếu. - Thi hành chính sách tứ đẳng để tuyển chọn quan lại,0.6709
65,RAG_Chunking,2,"question: Xây dựng lại binh chế, chia đặt lại tổ chức quân đội theo hướng như thế nào? answer: theo hướng quy củ, chặt chẽ, đặt dưới sự chỉ huy thống nhất của triều đình","question: Xây dựng lại binh chế, chia đặt lại tổ chức quân đội theo hướng như thế nào? answer: theo hướng quy củ, chặt chẽ, đặt dưới sự chỉ huy thống nhất của triều đình",0.7837
65,RAG_Chunking,3,question: Hoạt động đối ngoại chủ yếu trong kháng chiến chống Mỹ là gì? answer: Đấu tranh yêu cầu thực hiện Hiệp định Genève,question: Hoạt động đối ngoại chủ yếu trong kháng chiến chống Mỹ là gì? answer: Đấu tranh yêu cầu thực hiện Hiệp định Genève,0.8359
65,RAG_Chunking,4,question: Iraq được sử dụng các máy bay trực thăng vũ trang để làm gì? answer: để vận chuyển các quan chức chính phủ do những thiệt hại đã phải hứng chịu của hệ thống vận chuyển công answer: answer: vận chuyển các quan chức chính phủ do những thiệt hại đã phải hứng chịu của hệ thống vận chuyển công answer: answer: vận chuyển các quan chức chính phủ do những thiệt hại đã phải hứng chịu của hệ thống vận chuyển công answer: answer: vận chuyển công cộng,question: Iraq được phép sử dụng các máy bay trực thăng vũ trang để làm gì? answer: vận chuyển các quan chức chính phủ do những thiệt hại đã phải hứng chịu của hệ thống vận chuyển công cộng,0.6886
65,RAG_Chunking,5,question: Các lãnh đạo người Kurd tin vào điều gì? answer: những lời tuyên bố của Hoa Kỳ rằng họ sẽ ủng hộ một cuộc nổi dậy và bắt đầu c answer: answer: những lời tuyên bố của Hoa Kỳ rằng họ sẽ ủng hộ một cuộc nổi dậy và bắt đầu c answer: answer: những lời tuyên bố của Hoa Kỳ rằng họ sẽ ủng hộ một cuộc nổi dậy,question: Các lãnh đạo người Kurd tin tưởng vào điều gì? answer: những lời tuyên bố của Hoa Kỳ rằng họ sẽ ủng hộ một cuộc nổi dậy,0.6175
66,Chunking_Only,1,"question: Giáo hội nào lớn nhất ở Canada? answer: Giáo hội Hiệp nhất Canada (6,1%), tiếp theo là Anh giáo (5,0%), và Báp-tít (1,9%)","question: Giáo hội nào lớn nhất ở Canada? answer: Giáo hội Hiệp nhất Canada (6,1%), tiếp theo là Anh giáo (5,0%), và Báp-tít (1,9%)",0.8103
66,Chunking_Only,2,"question: Tôn giáo nào chiếm tỉ lệ cao nhất ở Canada? answer: Hồi giáo (3,2%) và Ấn Độ giáo (1,5%)","question: Tôn giáo nào chiếm tỉ lệ cao nhất ở Canada? answer: Hồi giáo (3,2%) và Ấn Độ giáo (1,5%)",0.8231
66,RAG_Chunking,1,"question: Hệ thống cơ quan phụ trách đạo thừa tuyên gồm những gì? answer: Đô ty (do Đô tổng binh sứ đứng đầu, phụ trách quân sự), Thừa ty (do Thừa chính sứ đứng đầu, phụ trách hành chính, thuế khoá), Hiến ty (do Hiến sát sứ đứng đầu, phụ trách thanh tra, xét hỏi kiện tụng, tuân hành), còn gọi là tam ty","question: Hệ thống cơ quan phụ trách đạo thừa tuyên gồm những gì? answer: Đô ty (do Đô tổng binh sứ đứng đầu, phụ trách quân sự), Thừa ty (do Thừa chính sứ đứng đầu, phụ trách quân sự), Thừa ty (do Thừa chính sứ đứng đầu, phụ trách hành chính, thuế khoá), Hiến ty (do Hiến sát sứ đứng đầu, phụ trách thanh tra, xét hỏi kiện tụng, tuân hành), còn gọi là tam ty",0.7611
66,RAG_Chunking,2,"question: Tư tưởng nào được xem là tiêu chuẩn đạo đức cao nhất để đánh giá con người và các hoạt động xã hội? answer: yêu nước, thương dân","question: Tư tưởng nào được xem là tiêu chuẩn đạo đức cao nhất để đánh giá con người và các hoạt động xã hội? answer: Tư tưởng yêu nước, thương dân",0.8527
66,RAG_Chunking,3,"question: Tín ngưỡng nào ngày càng phổ biến ở các làng xã? answer: Tín ngưỡng thờ Thành hoàng (người có công với làng, nước)","question: Tín ngưỡng nào ngày càng phổ biến ở các làng xã? answer: Tín ngưỡng thờ Thành hoàng (người có công với làng, nước)",0.6585
66,RAG_Chunking,4,question: Giáo hội nào lớn nhất ở Canada? answer: Giáo hội Hiệp nhất Canada,question: Giáo hội nào lớn nhất ở Canada? answer: Giáo hội Hiệp nhất Canada,0.7372
66,RAG_Chunking,5,"question: Tôn giáo nào chiếm 27% dân số Canada năm 2011? answer: Hồi giáo (3,2%) và Ấn Độ giáo (1,5%)","question: Tôn giáo nào chiếm 27% dân số Canada năm 2011? answer: Hồi giáo (3,2%) và Ấn Độ giáo (1,5%)",0.868
67,Chunking_Only,1,"question: Answer: người đứng đầu đế chế, ít nhất là về mặt tư tưởng và phải tuân theo các đạo luật đế chế, tòa án đế chế và các nghị quyết của quốc hội đế chế nhưng đồng thời cang nhận vị hoàng đế như là người đứng đầu đế chế, ít nhất là về mặt tư tưởng và phải tuân theo các đạo luật đế chế, tòa án đế chế và các nghị quyết của quốc hội đế chế nhưng đồng thời cang nhận vị hoàng đế như là người đứng đầu đế chế, ít nhất là về mặt tư tưởng và phải tuân theo các đạo luật đế chế, tòa án","question: Công nhận vị hoàng đế như là người đứng đầu đế chế như thế nào? answer: người đứng đầu đế chế, ít nhất là về mặt tư tưởng và phải tuân theo các đạo luật đế chế, tòa án đế chế và các nghị quyết của quốc hội đế chế nhưng đồng thời cang nhận vị hoàng đế như là người đứng đầu đế chế, ít nhất là về mặt tư tưởng và phải tuân theo các đạo luật đế chế, tòa án đế chế và các nghị quyết của quốc hội đế chế nhưng đồng thời cang nhận vị hoàng đế như là người đứng đầu đế chế, ít nhất là",0.7226
67,Chunking_Only,2,"question: Answer: tuân theo các đạo luật đế chế, tòa án đế chế và các nghị quyết của quốc hội đế chế nhưng đồng thời cũng thông qua việc lựa chọn hoàng đế, đại hội đế chế và các đại diện tầng lớp khác mà tham gia vào chính sách của đế chế và đã có thể tạo ảnh hưởng cho chính mình","question: Các đạo luật đế chế, tòa án đế chế và các nghị quyết của quốc hội đế chế được quy định như thế nào? answer: tuân theo các đạo luật đế chế, tòa án đế chế và các nghị quyết của quốc hội đế chế nhưng đồng thời cũng thông qua việc lựa chọn hoàng đế, đại hội đế chế và các đại diện tầng lớp khác mà tham gia vào chính sách của đế chế và đã có thể tạo ảnh hưởng cho chính mình",0.8574
67,RAG_Chunking,1,"question: Nhà vua là ai? answer: là người có quyền quyết định duy nhất về việc ban tặng ruộng đất cho các đền miếu, ban cấp cho quan lại","question: Nhà vua là ai? answer: là người có quyền quyết định duy nhất về việc ban tặng ruộng đất cho các đền miếu, ban cấp cho quan lại",0.7158
67,RAG_Chunking,2,"question: Những cơ quan nào có quyền lực cao nhất trong triều đình? answer: tôn quan, thuộc quan và ngoại quan","question: Những cơ quan nào có quyền lực cao nhất trong triều đình? answer: tôn quan, thuộc quan và ngoại quan",0.6616
67,RAG_Chunking,3,"question: Chức năng của Lục bộ là gì? answer: 6 cơ quan chức năng cao cấp chủ chốt trong bộ máy triều đình, do nhà vua trực tiếp điều hành, chịu trách nhiệm trước nhà vua","question: Chức năng của Lục bộ là gì? answer: 6 cơ quan chức năng cao cấp chủ chốt trong bộ máy triều đình, do nhà vua trực tiếp điều hành, chịu trách nhiệm trước nhà vua",0.793
67,RAG_Chunking,4,"question: Xã hội Hy Lạp và La Mã bao gồm những gì? answer: chủ nô, bình dân và nô lệ","question: Xã hội Hy Lạp và La Mã bao gồm những gì? answer: chủ nô, bình dân và nô lệ",0.8266
67,RAG_Chunking,5,"question: Các công tước và hầu tước trên thực tế là tự chủ nhưng không có quyền gì? answer: công nhận vị hoàng đế như là người đứng đầu đế chế, ít nhất là về mặt tư tưởng và phải tuân theo các đạo luật đế chế, tòa án đế chế và các nghị quyết của quốc hội đế chế nhưng đồ không có chủ quyền này","question: Các công tước và hầu tước trên thực tế là tự chủ nhưng không có quyền gì? answer: công nhận vị hoàng đế như là người đứng đầu đế chế, ít nhất là về mặt tư tưởng và phải tuân theo các đạo luật đế chế, tòa án đế chế và các nghị quyết của quốc hội đế chế nhưng đồ không có chủ quyền này, công nhận vị hoàng đế như là người đứng đầu đế chế, ít nhất là về mặt tư tưởng và phải tuân theo các đạo luật đế chế, tòa án đế chế và các nghị quyết của quốc hội đế chế nhưng đồ không có chủ quyền này",0.8503
67,RAG_Chunking,6,"question: Answer: phải tuân theo các đạo luật đế chế, tòa án đế chế và các nghị quyết của quốc hội đế chế nhưng đồng thời cũng thông qua việc lựa chọn hoàng đế, đại hội đế chế và các đại diện tầng lớp khác mà tham gia vào chính sách của đế chế và đã có thể tạo ảnh hưởng cho chính mình","question: Các đạo luật đế chế, tòa án đế chế và các nghị quyết của quốc hội đế chế được quy định như thế nào? answer: phải tuân theo các đạo luật đế chế, tòa án đế chế và các nghị quyết của quốc hội đế chế nhưng đồng thời cũng thông qua việc lựa chọn hoàng đế, đại hội đế chế và các đại diện tầng lớp khác mà tham gia vào chính sách của đế chế và đã có thể tạo ảnh hưởng cho chính mình",0.8581
68,Chunking_Only,1,"question: Văn hóa Québec rút ra từ đâu? answer: những ảnh hưởng của các dân tộc thành phần, và các chính sách nhằm thúc đẩy đa nguyên văn hóa được bảo vệ theo hiến pháp","question: Văn hóa Québec rút ra từ đâu? answer: những ảnh hưởng của các dân tộc thành phần, và các chính sách nhằm thúc đẩy đa nguyên văn hóa được bảo vệ theo hiến pháp",0.8868
68,Chunking_Only,2,"question: Những chính sách nào được chính phủ Canada tài trợ? answer: tài trợ công khai chăm sóc sức khỏe, áp thuế cao hơn để tái phân phối của cải, xóa bỏ tử hình, những nôc lự mạnh mẽ nhằm loại trừ nghèo khổ, kiểm soát súng nghiêm ngặt, và hợp pháp hóa hôn nhân đồng tính","question: Những chính sách nào được chính phủ Canada tài trợ? answer: tài trợ công khai chăm sóc sức khỏe, áp thuế cao hơn để tái phân phối của cải, xóa bỏ tử hình, những nôc lự mạnh mẽ nhằm loại trừ nghèo khổ, kiểm soát súng nghiêm ngặt, và hợp pháp hóa hôn nhân đồng tính",0.7938
68,RAG_Chunking,1,question: Khái niệm văn minh là gì? answer: tổng thể những giá trị vật chất và tinh thần do con người sáng tạo ra trong quá trình lịch sử,question: Khái niệm văn minh là gì? answer: tổng thể những giá trị vật chất và tinh thần do con người sáng tạo ra trong quá trình lịch sử,0.8287
68,RAG_Chunking,2,"question: Văn hóa Canada rút ra từ đâu? answer: những ảnh hưởng của các dân tộc thành phần, và các chính sách nhằ answer: answer: những ảnh hưởng của các dân tộc thành phần, và các chính sách nhằ answer: answer: những ảnh hưởng của các dân tộc thành phần, và các chính sách nhằ answer: answer: những ảnh hưởng của các dân tộc thành phần, và các chính sách nhằ answer: answer: những ảnh hưởng của các dân tộc thành phần, và các chính sách nh","question: Văn hóa Canada rút ra từ đâu? answer: những ảnh hưởng của các dân tộc thành phần, và các chính sách nhằ",0.8225
68,RAG_Chunking,3,"question: Answer: những ảnh hưởng của các dân tộc thành phần, và các chính sách nhằm thúc đẩy đa nguyên văn hóa được bảo vệ theo hiến pháp","question: Văn hóa Canada được rút ra từ đâu? answer: những ảnh hưởng của các dân tộc thành phần, và các chính sách nhằm thúc đẩy đa nguyên văn hóa được bảo vệ theo hiến pháp",0.8739
68,RAG_Chunking,4,"question: Các chính sách của chính phủ Canada như thế nào? answer: tài trợ công khai chăm sóc sức khỏe, áp thuế cao hơn để tái phân phối của cải, xóa bỏ tử hình, những nôc lự mạnh mẽ nhằm loại trừ nghèo khổ, kiểm soát súng nghiêm ngặt, và hợp pháp hóa hôn nhân đồng tính là những chỉ thị xã hội hơn nữa của các giá trị chính trị và văn hóa Canad answer: tài trợ công khai chăm sóc sức khỏe, áp thuế cao hơn để tái phân phối của cải, xóa bỏ tử hình, những nôc lự mạnh mẽ nhằm loại trừ","question: Các chính sách của chính phủ Canada như thế nào? answer: tài trợ công khai chăm sóc sức khỏe, áp thuế cao hơn để tái phân phối của cải, xóa bỏ tử hình, những nôc lự mạnh mẽ nhằm loại trừ nghèo khổ, kiểm soát súng nghiêm ngặt, và hợp pháp hóa hôn nhân đồng tính",0.8011
68,RAG_Chunking,5,question: áp hóa hôn nhân đồng tính là gì? answer: là những chỉ thị xã hội hơn nữa của các giá trị chính trị và văn hóa Canada,question: Áp hóa hôn nhân đồng tính là gì? answer: là những chỉ thị xã hội hơn nữa của các giá trị chính trị và văn hóa Canada,0.9097
69,Chunking_Only,1,question: Các chính sách trong nước của Chirac chủ yếu tập trung vào những lĩnh vực nào? answer: quan hệ nước ngoài và quốc phòng,question: Các chính sách trong nước của Chirac chủ yếu tập trung vào những lĩnh vực nào? answer: quan hệ nước ngoài và quốc phòng,0.644
69,Chunking_Only,2,question: Cuộc nổi loạn của sinh viên chống cuộc cải cách trường đại học do ai lãnh đạo? answer: Chirac,question: Cuộc nổi loạn của sinh viên chống cuộc cải cách trường đại học do ai lãnh đạo? answer: Chirac,0.7587
69,RAG_Chunking,1,question: Nguyên nhân dẫn tới thắng lợi của Cách mạng Tháng Tám năm 1945 là gì? answer: Sự chuẩn bị chu đáo về lực lượng vũ trang,question: Nguyên nhân dẫn tới thắng lợi của Cách mạng Tháng Tám năm 1945 là gì? answer: Sự chuẩn bị chu đáo về lực lượng vũ trang,0.6438
69,RAG_Chunking,2,"question: Nguyên nhân thắng lợi của sự lãnh đạo đúng đắn của Đảng, Chủ tịch Hồ Chí Minh là gì? answer: - Sự lãnh đạo đúng đắn của Đảng, Chủ tịch Hồ Chí Minh. - Truyền thống yêu nước, đoàn kết, ý chí kiên cường của nhân dân. - Hệ thống chính quyền, mặt trận dân tộc thống nhất, lực lượng vũ trang lớn mạnh. - Đoàn kết ba nước Đông Dương. - Sự ủng hộ của các nước xã hội","question: Nguyên nhân thắng lợi của sự lãnh đạo đúng đắn của Đảng, Chủ tịch Hồ Chí Minh là gì? answer: - Sự lãnh đạo đúng đắn của Đảng, Chủ tịch Hồ Chí Minh. - Truyền thống yêu nước, đoàn kết, ý chí kiên cường của nhân dân. - Hệ thống chính quyền, mặt trận dân tộc thống nhất, lực lượng vũ trang lớn mạnh. - Đoàn kết ba nước Đông Dương. - Sự ủng hộ của các nước xã hội",0.9189
69,RAG_Chunking,3,question: Các chính sách trong nước của Chirac chủ yếu tập trung vào những lĩnh vực nào? answer: quan hệ nước ngoài và quốc phòng,question: Các chính sách trong nước của Chirac chủ yếu tập trung vào những lĩnh vực nào? answer: quan hệ nước ngoài và quốc phòng,0.7216
70,Chunking_Only,1,"question: Lãnh thổ của Canada trải dài từ đâu đến đâu? answer: từ Đại Tây Dương ở phía đông sang Thái Bình Dương ở phía tây, và giáp Bắc Băng Dương ở phía bắc","question: Lãnh thổ của Canada trải dài từ đâu đến đâu? answer: từ Đại Tây Dương ở phía đông sang Thái Bình Dương ở phía tây, và giáp Bắc Băng Dương ở phía bắc",0.755
70,Chunking_Only,2,question: Biên giới chung của Canada với Hoa Kỳ về phía nam và phía tây bắc là gì? answer: Biên giới chung của Canada với Hoa Kỳ về phía nam và phía tây bắc là đường biên giới dài nhất thế,question: Biên giới chung của Canada với Hoa Kỳ về phía nam và phía tây bắc là gì? answer: Biên giới chung của Canada với Hoa Kỳ về phía nam và phía tây bắc,0.6493
70,RAG_Chunking,1,"question: Khu vực Đông Nam Á có vị trí địa lí như thế nào? answer: nằm ở phía đông nam của châu Á, gồm hai bộ phận là Đông Nam Á lục địa và Đông Nam Á hải đảo","question: Khu vực Đông Nam Á có vị trí địa lí như thế nào? answer: nằm ở phía đông nam của châu Á, gồm hai bộ phận là Đông Nam Á lục địa và Đông Nam Á hải đảo. Khu vực này được coi là cầu nối giữa Ấn Độ Dương với Thái Bình Dương, lục địa Á - Âu với châu Úc, là nơi giao thoa giữa các nền văn hoá lớn",0.9092
70,RAG_Chunking,2,"question: Vị trí địa lí của Văn Lang - Âu Lạc như thế nào? answer: Phía bắc tiếp giáp với Trung Hoa, phía đông giáp biển, đây là những yếu tố vị trí địa lí thúc đẩy sự giao lưu, tiếp xúc của cư dân Việt cổ với các nền văn minh khác","question: Vị trí địa lí của Văn Lang - Âu Lạc như thế nào? answer: Phía bắc tiếp giáp với Trung Hoa, phía đông giáp biển, đây là những yếu tố vị trí địa lí thúc đẩy sự giao lưu, tiếp xúc của cư dân Việt cổ với các nền văn minh khác",0.6897
70,RAG_Chunking,3,question: Phía đông bắc của Canada giáp với quốc gia nào? answer: Hoa Kỳ,question: Phía đông bắc của Canada giáp với quốc gia nào? answer: Hoa Kỳ,0.8067
70,RAG_Chunking,4,question: Biên giới chung của Canada với Hoa Kỳ về phía nam và tây bắc dài bao nhiêu? answer: dài nhất thế giới,question: Biên giới chung của Canada với Hoa Kỳ về phía nam và tây bắc là đường biên giới dài nhất thế giới? answer: biên giới chung của Canada với Hoa Kỳ về phía nam và phía tây bắc,0.7863
71,Chunking_Only,1,question: Cơ quan tư vấn Urba được thành lập năm 1971 bởi Đảng Xã hội nhằm mục đích gì? answer: cố vấn cho các xã đang dưới quyền lãnh đạo của phe xã hội về các dự án cơ sở hạ tầng và dự án công cộng,question: Cơ quan tư vấn Urba được thành lập năm 1971 bởi Đảng Xã hội nhằm mục đích gì? answer: cố vấn cho các xã đang dưới quyền lãnh đạo của phe xã hội về các dự án cơ sở hạ tầng và dự án công cộng,0.8637
71,Chunking_Only,2,question: Ai là người lãnh đạo chiến dịch tranh cử của Mitterrand năm 1988? answer: Henri Nallet,question: Ai là người lãnh đạo chiến dịch tranh cử của Mitterrand năm 1988? answer: Henri Nallet,0.7009
71,Chunking_Only,3,"question: Người phụ trách tài chính của Đảng Xã hội Henri Emmanuelli bị xử phạt như thế nào? answer: bị đem ra xét xử năm 1997 vì tham nhũng, và ông bị kết án hai năm tù treo","question: Người phụ trách tài chính của Đảng Xã hội Henri Emmanuelli bị xử phạt như thế nào? answer: bị đem ra xét xử năm 1997 vì tham nhũng, và ông bị kết án hai năm tù treo",0.6084
71,RAG_Chunking,1,question: Tiểu sử và tiến trình hoạt động của cách mạng Việt Nam là gì? answer: Tiểu sử và tiến trình hoạt động của cách mạng Việt Nam là gì? answer: Tiểu sử và tiến trình hoạt động của cách mạng Việt Nam là gì? answer: Tiểu sử và tiến trình hoạt động của cách mạng Việt Nam là gì? answer: Tiểu sử và tiến trình hoạt động của cách mạng Việt Nam là gì? answer: Tiểu sử và tiến trình hoạt động của cách mạng Việt Nam là gì? answer: Tiểu sử và tiến trình hoạt động của cách,"question: Tiểu sử và tiến trình hoạt động của cách mạng Việt Nam là gì? answer: Tiểu sử và tiến trình hoạt động cách mạng: - 1890-1911: Tuổi thơ ở Nghệ An, học ở Huế, dạy học Phan Thiết, Sài Gòn. - 1941-1919: Ra nước ngoài tìm đường cứu nước, hoạt động ở Pháp",0.8606
71,RAG_Chunking,2,question: Đảng Lao động Việt Nam ra hoạt động công khai với tên gì? answer: tên Đảng Lao động Việt Nam,question: Đảng Lao động Việt Nam ra hoạt động công khai với tên gì? answer: Đảng Lao động Việt Nam,0.6986
71,RAG_Chunking,3,"question: Sô-phi-a là gì? answer: là một rô-bốt được chế tạo và thiết kế năm 2015, mang hình dáng giống con người","question: Sô-phi-a là gì? answer: là một rô-bốt được chế tạo và thiết kế năm 2015, mang hình dáng giống con người",0.8208
71,RAG_Chunking,4,question: Cơ quan tư vấn Urba được thành lập năm nào? answer: năm 1971,question: Cơ quan tư vấn Urba được thành lập năm nào? answer: năm 1971,0.866
71,RAG_Chunking,5,question: Điều gì đã ngăn cản việc điều tra thêm nữa? answer: các biên bản chi tiết của các hợp đồng của tổ chức và việc phân chia số tiền thu được giữa đảng và các quan chức được bầu,question: Điều gì đã ngăn cản việc điều tra thêm nữa? answer: các biên bản chi tiết của các hợp đồng của tổ chức và việc phân chia số tiền thu được giữa đảng và các quan chức được bầu,0.6164
71,RAG_Chunking,6,question: Ai là người bị đưa ra xét xử năm 1997? answer: Người phụ trách tài chính của Đảng Xã hội Henri Emmanuelli,question: Ai là người bị đưa ra xét xử năm 1997? answer: Người phụ trách tài chính của Đảng Xã hội Henri Emmanuelli,0.6909
72,Chunking_Only,1,"question: Những tôn giáo nào ăn chay? answer: Ấn Độ giáo, Kì-na giáo và Phật giáo, và trong tiểu bang của Gandhi, Gujarat","question: Những tôn giáo nào ăn chay? answer: Ấn Độ giáo, Kì-na giáo và Phật giáo, và trong tiểu bang của Gandhi, Gujarat, phần lớn môn đồ Ấn giáo đều ăn chay",0.6845
72,Chunking_Only,2,question: Khi nào thì ông từ chối không ăn? answer: đến chết hoặc cho đến khi những yêu cầu của ông được thực hiện,question: Khi nào thì ông từ chối không ăn? answer: đến chết hoặc cho đến khi những yêu cầu của ông được thực hiện,0.6849
72,RAG_Chunking,1,question: Phật giáo ra đời vào khoảng thời gian nào? answer: khoảng thế kỉ VI TCN,question: Phật giáo ra đời vào khoảng thời gian nào? answer: khoảng thế kỉ VI TCN,0.6715
72,RAG_Chunking,2,"question: Tôn giáo nào của Ấn Độ có ảnh hưởng lớn đến cuộc sống của người dân Ấn Độ? answer: Các tôn giáo lớn của Ấn Độ có ảnh hưởng lớn đến cuộc sống của cư dân Ấn Độ và có ảnh hưởng mạnh mẽ ra bên ngoài, đặc biệt là Trung Hoa và khu vực Đông Nam Á","question: Tôn giáo nào của Ấn Độ có ảnh hưởng lớn đến cuộc sống của người dân Ấn Độ? answer: Các tôn giáo lớn của Ấn Độ có ảnh hưởng lớn đến cuộc sống của cư dân Ấn Độ và có ảnh hưởng mạnh mẽ ra bên ngoài, đặc biệt là Trung Hoa và khu vực Đông Nam Á",0.6961
72,RAG_Chunking,3,"question: Các tác phẩm tiêu biểu của ông là gì? answer: Luận Ngữ, Kinh Thi, Kinh Thư, Kinh Thư, Kinh Dịch, Kinh Xuân Thu...","question: Các tác phẩm tiêu biểu của ông là gì? answer: Luận Ngữ, Kinh Thi, Kinh Thư, Kinh Thư, Kinh Dịch, Kinh Xuân Thu... [Dân cư] 1.2. Những thành tựu tiêu biểu Đời sống vật chất Gạo nếp, gạo tẻ là nguồn lương thực chính của cư dân Chăm-pa, ngoài ra còn có các loại kê, đậu... Nguồn hải sản đa dạng với các loại cá, tôm, ốc... Nguồn hải sản đa dạng với các loại cá, tôm, ốc... Nguồn hải sản đa dạng với các loại cá, tôm, ốc... Nguồn hải sản",0.7814
72,RAG_Chunking,4,"question: Những tôn giáo nào ăn chay? answer: Ấn Độ giáo, Kì-na giáo và Phật giáo","question: Những tôn giáo nào ăn chay? answer: Ấn Độ giáo, Kì-na giáo và Phật giáo",0.6676
72,RAG_Chunking,5,question: Vì sao ông từ chối không ăn trứng? answer: ông từ chối không ăn cho đến chết hoặc cho đến khi những yêu cầu của ông được thực hiện,question: Vì sao ông từ chối không ăn trứng? answer: ông từ chối không ăn cho đến chết hoặc cho đến khi những yêu cầu của ông được thực hiện,0.7217
73,Chunking_Only,1,question: Gandhi đã tổ chức một nhóm tình nguyện cứu thương gồm bao nhiêu người? answer: 300 người Ấn Độ và 800 người làm mướn,question: Gandhi đã tổ chức một nhóm tình nguyện cứu thương gồm bao nhiêu người? answer: 300 người Ấn Độ và 800 người làm mướn,0.7177
73,Chunking_Only,2,"question: Tại một cuộc biểu tình lớn được tổ chức tại Johannesburg vào tháng 9 năm 1906, Gandhi đã làm gì? answer: Gandhi lần đầu áp dụng nguyên tắc Chấp trì chân lý và đấu tranh bất bạo lực, khuyên các người đồng hương phản bác luật mới và chịu đựng hình phạt để thực hiện việc này thay vì phản kháng bằng phương tiện answer: khuyên các người đồng hương phản bác luật mới và chịu đựng hình phạt để thực hiện việc này thay vì phản kháng bằng phương tiện answer: khuyên các người đồng hương phản bác luật mới và chịu đựng hình phạt để thực","question: Tại Johannesburg vào tháng 9 năm 1906, chính quyền Transvaal đã công bố điều gì? answer: một pháp án mới, bắt người Ấn Độ của thuộc địa phải ký chứng",0.7395
73,Chunking_Only,3,"question: Gandhi bị đánh đập như thế nào? answer: đánh đập, thậm chí bị bắn vì đình công, từ chối không ký chứng, đốt giấy ký chứng hoặc tham gia những cuộc kháng cự bất bạo động khác","question: Gandhi bị đánh đập như thế nào? answer: đánh đập, thậm chí bị bắn vì đình công, từ chối không ký chứng, đốt giấy ký chứng hoặc tham gia những cuộc kháng cự bất bạo động khác",0.6718
73,Chunking_Only,4,question: Những người phản đối yên lặng hòa bình đã làm gì trước những phương pháp tàn bạo được áp dụng bởi chính quyền Nam Phi? answer: đã làm gì trước những phương pháp tàn bạo được áp dụng bởi chính quyền Nam Phi cho những người phản đối yên lặng hòa bình này cuối cùng đã buộc tướng Jan Christian Smuts luận bàn một phương án thoả hiệp với Gandhi,question: Những người phản đối yên lặng hòa bình đã làm gì trước những phương pháp tàn bạo được áp dụng bởi chính quyền Nam Phi? answer: tiếng thét gào của công chúng trước những phương pháp tàn bạo được áp dụng bởi chính quyền Nam Phi cho những người phản đối yên lặng hòa bình này cuối cùng đã buộc tướng Jan Christian Smuts luận bàn một phương án thoả hiệp với Gandhi,0.8564
73,RAG_Chunking,1,question: Vào khoảng thời gian nào thì Phùng Hưng cùng em trai khởi nghĩa? answer: khoảng những năm 766 - 780,question: Vào khoảng thời gian nào thì Phùng Hưng cùng em trai khởi nghĩa? answer: khoảng những năm 766 - 780,0.6802
73,RAG_Chunking,2,question: Vì sao Phùng An phải ra hàng? answer: Vì sao Phùng An phải ra hàng? answer: Vì sao Phùng An phải ra hàng? answer: Vì sao Phùng An phải ra hàng? answer: Vì sao Phùng An phải ra hàng? answer: Vì sao Phùng An phải ra hàng? answer: Vì sao Phùng An phải ra hàng? answer: Vì sao Phùng An phải ra hàng? answer: Vì sao Phùng An phải ra hàng? answer: Vì sao Phùng An phải ra hàng? answer: Vì sao Phùng,"question: Vì sao Phùng An phải ra hàng? answer: Bại nhân nghĩa nát cả đất trời, Nặng thuế khoá sạch không đâm núi",0.6128
73,RAG_Chunking,3,question: Cuộc khởi nghĩa Hai Bà Trưng bùng nổ vào thời gian nào? answer: năm 40,question: Cuộc khởi nghĩa Hai Bà Trưng bùng nổ vào thời gian nào? answer: năm 40,0.767
73,RAG_Chunking,4,"question: Chính quyền Transvaal đã có quyết định gì vào năm 1906? answer: công bố một pháp án mới, bắt người Ấn Độ của thuộc địa phải ký chứng","question: Chính quyền Transvaal đã có quyết định gì vào năm 1906? answer: công bố một pháp án mới, bắt người Ấn Độ của thuộc địa phải ký chứng",0.6015
73,RAG_Chunking,5,question: Những người phản đối yên lặng hòa bình đã phản ứng như thế nào trước những phương pháp tàn bạo được áp dụng bởi chính quyền Nam Phi? answer: phản ứng như thế nào trước những phương pháp tàn bạo được áp dụng bởi chính quyền Nam Phi,"question: Những người phản đối yên lặng hòa bình đã có phản ứng như thế nào trước những phương pháp tàn bạo được áp dụng bởi chính quyền Nam Phi? answer: hản đối, tiếng thét gào của công chúng trước những phương pháp tàn bạo được áp dụng bởi chính quyền Nam Phi cho những người phản đối yên lặng hòa bình này cuối cùng đã buộc tướng Jan Christian Smuts luận bàn một phương án thoả hiệp với Gandhi",0.8808
74,Chunking_Only,1,question: Đế quốc được thành hình vào năm nào? answer: năm 962,question: Đế quốc được thành hình vào năm nào? answer: năm 962,0.6289
74,Chunking_Only,2,"question: Đế quốc La Mã Thần Thánh Dân tộc Đức tan vỡ khi nào? answer: Hoàng đế Franz II (1792-1806) thuộc dòng họ Nhà Habsburg từ bỏ Đế miện vào ngày 6 tháng 8 năm 1806, trở thành Hoàng đế đầu tiên của Đế quốc Áo",question: Đế quốc La Mã Thần Thánh Dân tộc Đức tan vỡ khi nào? answer: Hoàng đế Franz II (1792-1806) thuộc dòng họ Nhà Habsburg từ bỏ Đế miện vào ngày 6 tháng 8 năm 1806,0.799
74,Chunking_Only,3,question: Hoàng đế đầu tiên của Đế quốc Áo là ai? answer: Hoàng đế đầu tiên của Đế quốc Áo,question: Hoàng đế đầu tiên của Đế quốc Áo là ai? answer: Hoàng đế đầu tiên của Đế quốc Áo,0.6297
74,RAG_Chunking,1,"question: Nhà nước Phù Nam được tổ chức như thế nào? answer: theo thể chế quân chủ chuyên chế, vua là người đứng đầu có quyền lực tối cao","question: Nhà nước Phù Nam được tổ chức như thế nào? answer: theo thể chế quân chủ chuyên chế, vua là người đứng đầu có quyền lực tối cao",0.7453
74,RAG_Chunking,2,"question: Nhà vua là ai? answer: là chủ sở hữu tối cao về ruộng đất, là người có quyền quyết định duy nhất về việc ban tặng ruộng đất cho các đền miếu, ban cấp cho quan lại","question: Nhà vua là ai? answer: là chủ sở hữu tối cao về ruộng đất, là người có quyền quyết định duy nhất về việc ban tặng ruộng đất cho các đền miếu, ban cấp cho quan lại",0.8738
74,RAG_Chunking,3,"question: Đế quốc La Mã Thần Thánh Dân tộc Đức trở thành Đế quốc La Mã Thần Thánh Dân tộc Đức vào thời gian nào? answer: Từ năm 1157, đế quốc này có tên là Sacrum Imperium và vào năm 1254, lần đầu tiên tên Sacrum Romanum Imperium được chứng minh trong một văn kiện","question: Đế quốc La Mã Thần Thánh Dân tộc Đức trở thành Đế quốc La Mã Thần Thánh Dân tộc Đức vào thời gian nào? answer: Từ năm 1157, đế quốc này có tên là Sacrum Imperium và vào năm 1254, lần đầu tiên tên Sacrum Romanum Imperium được chứng minh trong một văn kiện",0.809
74,RAG_Chunking,4,"question: Đế quốc La Mã Thần Thánh Dân tộc Đức tan vỡ khi nào? answer: Hoàng đế Franz II (1792-1806) thuộc dòng họ Nhà Habsburg từ bỏ Đế miện vào ngày 6 tháng 8 năm 1806, trở thành Hoàng đế đầu tiên của Đế quốc Áo",question: Đế quốc La Mã Thần Thánh Dân tộc Đức tan vỡ khi nào? answer: Hoàng đế Franz II (1792-1806) thuộc dòng họ Nhà Habsburg từ bỏ Đế miện vào ngày 6 tháng 8 năm 1806,0.8204
75,Chunking_Only,1,question: Tại sao Gandhi bị bắn chết? answer: Mahuram Godse là một môn đồ Ấn giáo cực đoan được người đương thời cho là có mối quan hệ với cánh cực hữu của các tổ chức Ấn Độ giáo như Hindu Mahasabha,question: Tại sao Gandhi bị bắn chết? answer: Mahuram Godse là một môn đồ Ấn giáo cực đoan được người đương thời cho là có mối quan hệ với cánh cực hữu của các tổ chức Ấn Độ giáo như Hindu Mahasabha,0.8037
75,Chunking_Only,2,question: Godse và Narayan Apte đã bị xử tử vào ngày nào? answer: ngày 15 tháng 11 năm 1949,question: Godse và Narayan Apte đã bị xử tử vào ngày nào? answer: ngày 15 tháng 11 năm 1949,0.7236
75,RAG_Chunking,1,"question: Cuộc khởi nghĩa Hai Bà Trưng bùng nổ vào thời gian nào? answer: vào bối cảnh nhà Đông Hán đang đặt ách thống trị nặng nề lên vùng Giao Chỉ, đặc biệt là thời kì Tô Định làm Thái thú",question: Cuộc khởi nghĩa Hai Bà Trưng bùng nổ vào thời gian nào? answer: năm 40,0.7749
75,RAG_Chunking,2,question: Phật giáo ra đời vào khoảng thời gian nào? answer: khoảng thế kỉ VI TCN,question: Phật giáo ra đời vào khoảng thời gian nào? answer: khoảng thế kỉ VI TCN,0.6895
75,RAG_Chunking,3,question: Vào khoảng thời gian nào thì Phùng Hưng cùng em trai khởi nghĩa? answer: khoảng những năm 766 - 780,question: Vào khoảng thời gian nào thì Phùng Hưng cùng em trai khởi nghĩa? answer: khoảng những năm 766 - 780,0.6813
75,RAG_Chunking,4,question: Tại sao Gandhi bị bắn chết bởi Nathuram Godse? answer: Godse là một môn đồ Ấn giáo cực đoan được người đương thời cho là có mối quan hệ với cánh cực hữu của các tổ chức Ấn Độ giáo như Hindu M answer: Godse là một môn đồ Ấn giáo cực đoan được người đương thời cho là có mối quan hệ với cánh cực hữu của các tổ chức Ấn Độ giáo như Hindu M answer: Godse là một môn đồ Ấn giáo cực đoan được người đương thời cho là có mối quan hệ với cánh cực hữu của các tổ chức Ấn Độ,"question: Ngày 30 tháng 1 năm 1948, Gandhi bị bắn chết bởi ai? answer: Nathuram Godse",0.7339
75,RAG_Chunking,5,"question: Godse và Narayan Apte bị kết tội gì? answer: bị đưa ra tòa kết án, và bị xử tử ngày 15 tháng 11 năm 1949","question: Godse và Narayan Apte bị kết tội gì? answer: Godse và người cùng âm mưu là Narayan Apte sau bị đưa ra tòa kết án, và bị xử tử ngày 15 tháng 11 năm 1949",0.6853
75,RAG_Chunking,6,question: Ai là chủ tịch của Hindu Mahasabha? answer: Vinayak Damodar Savarkar,question: Ai là chủ tịch của Hindu Mahasabha? answer: Vinayak Damodar Savarkar,0.662
76,Chunking_Only,1,"question: Hệ thống bầu cử lập pháp đã có những thay đổi như thế nào? answer: hệ thống theo đó mọi ứng cử viên không vượt quá 10% phiếu ở vòng thứ nhất không được tham gia vào vòng hai tạo thuận lợi để phe ủng hộ de Gaulle đạt đa số, và chỉ phải đối mặt với một phe đối lập chia rẽ (PCF, FGDS và phái trung dung của Jacques Duhamel)","question: Trong cuộc bầu cử lập pháp tháng 3 năm 1967, hệ thống bầu cử lập pháp đã có những thay đổi như thế nào? answer: hệ thống theo đó mọi ứng cử viên không vượt quá 10% phiếu ở vòng thứ nhất không được tham gia vào vòng hai tạo thuận lợi để phe ủng hộ de Gaulle đạt đa số, và chỉ phải đối mặt với một phe đối lập chia rẽ (PCF, FGDS và phái trung dung của Jacques Duhamel)",0.8769
76,RAG_Chunking,1,"question: Những người đỗ đầu trong kì thi Đình là những ai? answer: Nguyễn Hiển, Lê Văn Hưu, Mạc Đĩnh Chi","question: Những người đỗ đầu trong kì thi Đình là những ai? answer: Nguyễn Hiển, Lê Văn Hưu, Mạc Đĩnh Chi",0.6092
76,RAG_Chunking,2,question: Vì sao nền kinh tế Đàng Trong rơi vào khủng hoảng? answer: Do chế độ thuế khoá nặng nề và ngoại thương suy tàn,question: Vì sao nền kinh tế Đàng Trong rơi vào khủng hoảng? answer: Do chế độ thuế khoá nặng nề và ngoại thương suy tàn,0.6503
76,RAG_Chunking,3,"question: Điều gì đã xảy ra sau khi Thượng hoàng Trần Minh Tông qua đời? answer: triều Trần nhanh chóng khủng hoảng, suy yếu","question: Điều gì đã xảy ra sau khi Thượng hoàng Trần Minh Tông qua đời? answer: triều Trần nhanh chóng khủng hoảng, suy yếu",0.8257
76,RAG_Chunking,4,question: Kết quả của cuộc bầu cử lập pháp tháng 3 năm 1967 là gì? answer: kết quả của cuộc bầu cử lập pháp tháng 3 năm 1967 là gì? answer: kết quả của cuộc bầu cử lập pháp tháng 3 năm 1967 là gì? answer: kết quả của cuộc bầu cử lập pháp tháng 3 năm 1967 là gì? answer: kết quả của cuộc bầu cử lập pháp tháng 3 năm 1967 là gì? answer: kết quả của cuộc bầu cử lập pháp tháng 3 năm 19,"question: Kết quả của cuộc bầu cử lập pháp tháng 3 năm 1967 là gì? answer: hệ thống theo đó mọi ứng cử viên không vượt quá 10% phiếu ở vòng thứ nhất không được tham gia vào vòng hai tạo thuận lợi để phe ủng hộ de Gaulle đạt đa số, và chỉ phải đối mặt với một phe đối lập chia rẽ (PCF, FGDS và phái trung dung của Jacques Duhamel)",0.9256
76,RAG_Chunking,5,question: Số ghế mà các đảng cánh tả giành được là bao nhiêu? answer: 63 ghế,question: Số ghế mà các đảng cánh tả giành được là bao nhiêu? answer: 63 ghế,0.6833
77,RAG_Chunking,1,question: Nguyên nhân dẫn tới thắng lợi của Cách mạng Tháng Tám năm 1945 là gì? answer: Sự lãnh đạo đúng đắn của Đảng Cộng sản Đông Dương đứng Dưới sự lãnh đạo đúng đắn của Đảng Cộng sản Đông Dương đứng Dưới sự lãnh đạo đúng đắn của Đảng Cộng sản Đông Dương đứng Dưới sự lãnh đạo đúng đắn của Đảng Cộng sản Đông Dương đứng Dưới sự lãnh đạo đúng đắn của Đảng Cộng sản Đông Dương đứng Dưới sự lãnh đạo đúng đắn của Đảng Cộng sản Đông Dương đứng Dưới sự lãnh đạo đúng đắn của Đảng Cộng sản Đông Dương đứng Dưới sự lãnh đạo đúng đắn của Đảng Cộng sản,question: Nguyên nhân dẫn tới thắng lợi của Cách mạng Tháng Tám năm 1945 là gì? answer: Sự lãnh đạo đúng đắn của Đảng Cộng sản Đông Dương đứng  dưới sự lãnh đạo đúng đắn của Đảng Cộng sản Đông Dương đứng  Dưới sự lãnh đạo đúng đắn của Đảng Cộng sản Đông Dương đứng  Dưới sự lãnh đạo đúng đắn của Đảng Cộng sản Đông Dương đứng  Dưới sự lãnh đạo đúng đắn của Đảng Cộng sản Đông Dương đứng  Dưới sự lãnh đạo đúng đắn của Đảng Cộng sản Đông Dương đứng  Dưới,0.7014
77,RAG_Chunking,2,question: Ai là người lãnh đạo Đảng Cộng sản Đông Dương? answer: Chủ tịch Hồ Chí Minh,question: Ai là người lãnh đạo Đảng Cộng sản Đông Dương? answer: Chủ tịch Hồ Chí Minh,0.6803
77,RAG_Chunking,3,question: Chủ tịch Hồ Chí Minh ra Lời kêu gọi toàn quốc kháng chiến vào thời gian nào? answer: Ngày 19-12-1946,question: Chủ tịch Hồ Chí Minh ra Lời kêu gọi toàn quốc kháng chiến vào thời gian nào? answer: Ngày 19-12-1946,0.8354
77,RAG_Chunking,4,"question: Trong cuộc bầu cử lập pháp tháng 11 năm 1946, ai đã giành được một ghế đại biểu tại Nièvre département? answer: ông giành được một ghế đại biểu tại Nièvre département","question: Trong cuộc bầu cử lập pháp tháng 11 năm 1946, ai đã giành được một ghế đại biểu tại Nièvre département? answer: ông giành được một ghế đại biểu tại Nièvre département",0.6876
77,RAG_Chunking,5,question: Binh chiến tranh. Ông giữ nhiều chức vụ trong Đệ tứ cộng hoà với tư cách nào? answer: Đại biểu và Bộ trưởng,question: Ông giữ nhiều chức vụ trong Đệ tứ cộng hoà với tư cách nào? answer: Đại biểu và Bộ trưởng,0.7336
78,Chunking_Only,1,"question: Vì sao New Deal lần thứ hai phải đối mặt với cộng đồng thương mại? answer: Các đảng viên Dân chủ bảo thủ, do Al Smith lãnh đạo, đánh trả bằng cách thành lập Liên đoàn Tự do Mỹ (American Liberty League)",question: Vì sao New Deal lần thứ hai phải đối mặt với cộng đồng thương mại? answer: New Deal lần thứ hai năm 1933 được đa số thành phần xã hội rộng rãi ủng hộ,0.7544
78,Chunking_Only,2,"question: Các công đoàn đã ký tên hàng triệu thành viên mới và trở thành lực lượng hậu thuẫn lớn cho các cuộc tái tranh cử của Roosevelt vào năm nào? answer: năm 1936, 1940 và 1944","question: Các công đoàn đã ký tên hàng triệu thành viên mới và trở thành lực lượng hậu thuẫn lớn cho các cuộc tái tranh cử của Roosevelt vào năm nào? answer: năm 1936, 1940 và 1944",0.7672
78,RAG_Chunking,1,"question: Nước Việt Nam Dân chủ Cộng hòa ra đời sau sự kiện nào? answer: Sau Cách mạng Tháng Tám, nước Việt Nam Dân chủ Cộng hòa ra đời nhưng bị thực dân Pháp và các thế lực thù địch trong và ngoài nước chống phá, xâm lược","question: Nước Việt Nam Dân chủ Cộng hòa ra đời sau sự kiện nào? answer: Sau Cách mạng Tháng Tám, nước Việt Nam Dân chủ Cộng hòa ra đời nhưng bị thực dân Pháp và các thế lực thù địch trong và ngoài nước chống phá, xâm lược",0.715
78,RAG_Chunking,2,"question: Những nước nào đã tiến hành cách mạng công nghiệp? answer: Anh và các thế lực thù địch trong và ngoài nước chống phá, xâm lược","question: Những nước nào đã tiến hành cách mạng công nghiệp? answer: Anh và các thế lực thù địch trong và ngoài nước chống phá, xâm lược",0.8238
78,RAG_Chunking,3,question: Trong khi New Deal lần thứ nhất năm 1933 được đa số thành phần xã hội rộng rãi ủng hộ thì New Deal lần thứ hai năm 1933 lại được ủng hộ như thế nào? answer: New Deal lần thứ hai năm 1933 lại được ủng hộ như thế nào? answer: New Deal lần thứ hai năm 1933 lại được ủng hộ như thế nào? answer: New Deal lần thứ hai năm 1933 lại được ủng hộ như thế nào? answer: được đa số thành phần xã hội rộng rãi ủng hộ,question: Trong khi New Deal lần thứ nhất năm 1933 được đa số thành phần xã hội rộng rãi ủng hộ thì New Deal lần thứ hai năm 1933 lại được ủng hộ như thế nào? answer: được đa số thành phần xã hội rộng rãi ủng hộ,0.6436
78,RAG_Chunking,4,"question: Answer: đã ký tên hàng triệu thành viên mới và trở thành lực lượng hậu thuẫn lớn cho các cuộc tái tranh cử của Roosevelt vào năm 1936, 1940 và 1944","question: Đạo luật Wagner có vai trò như thế nào đối với các cuộc tái tranh cử của Roosevelt? answer: đã ký tên hàng triệu thành viên mới và trở thành lực lượng hậu thuẫn lớn cho các cuộc tái tranh cử của Roosevelt vào năm 1936, 1940 và 1944",0.8134
79,Chunking_Only,1,question: Những trận chiến xe tăng nổ ra khi nào? answer: khi Vệ binh cộng hòa tìm cách rút lui,question: Những trận chiến xe tăng nổ ra khi nào? answer: Vệ binh cộng hòa tìm cách rút lui,0.6449
79,RAG_Chunking,1,question: Kết quả của cuộc kháng chiến chống thực dân Pháp lần thứ hai là gì? answer: mở đầu cuộc chiến tranh xâm lược lần thứ hai,question: Kết quả của cuộc kháng chiến chống thực dân Pháp lần thứ hai là gì? answer: mở đầu cuộc chiến tranh xâm lược lần thứ hai,0.7529
79,RAG_Chunking,2,"question: Từ đêm 30 Tết Nguyên đán Kỷ Dậu (1789), quân Tây Sơn lần lượt tiêu diệt các đồn luỹ của quân Thanh ở phía nam Thăng Long như thế nào? answer: quân Tây Sơn lần lượt tiêu diệt các đồn luỹ của quân Thanh đóng ở phía nam Thăng Long","question: Từ đêm 30 Tết Nguyên đán Kỷ Dậu (1789), quân Tây Sơn lần lượt tiêu diệt các đồn luỹ của quân Thanh ở phía nam Thăng Long như thế nào? answer: quân Tây Sơn lần lượt tiêu diệt các đồn luỹ của quân Thanh đóng ở phía nam Thăng Long",0.7812
79,RAG_Chunking,3,"question: Quân đoàn VII Hoa Kỳ tấn công Iraq vào thời gian nào? answer: Cùng thời gian này, đạo quân của Đô đốc Long tấn công và hạ đồn Đống Đa","question: Quân đoàn VII Hoa Kỳ tấn công Iraq vào thời gian nào? answer: Cùng thời gian này, đạo quân của Đô đốc Long tấn công và hạ đồn Đống Đa",0.6667
79,RAG_Chunking,4,"question: Sư đoàn bọc thép hạng nhẹ số 6 của Pháp được bảo vệ như thế nào? answer: được Sư đoàn bọc thép hạng nhẹ số 6 của Pháp bảo vệ (gồm cả các đơn vị của Tiểu đoàn Lê dương Pháp), và sườn phải bởi Sư đoàn thiết giáp số 1 Hoàng gia Anh","question: Sư đoàn bọc thép hạng nhẹ số 6 của Pháp được bảo vệ như thế nào? answer: được Sư đoàn bọc thép hạng nhẹ số 6 của Pháp bảo vệ (gồm cả các đơn vị của Tiểu đoàn Lê dương Pháp), và sườn phải bởi Sư đoàn thiết giáp số 1 Hoàng gia Anh",0.6934
79,RAG_Chunking,5,question: Những trận chiến xe tăng xảy ra khi nào? answer: khi Vệ binh cộng hòa tìm cách rút lui,question: Những trận chiến xe tăng xảy ra khi nào? answer: khi Vệ binh cộng hòa tìm cách rút lui,0.6998
80,Chunking_Only,1,"question: Iran đã mua vũ khí từ những nước nào? answer: Liên Xô, Pháp, Ai Cập, và bắt đầu từ năm đó là Trung Quốc","question: Iran đã mua vũ khí từ các nước nào? answer: Liên Xô, Pháp, Ai Cập, và bắt đầu từ năm đó là Trung Quốc",0.7001
80,Chunking_Only,2,"question: Khi nhóm Nidal bị trục xuất sang Syria vào tháng 11 năm 1983, chính quyền Reagan đã làm gì? answer: cử Donald Rumsfeld làm phái viên đặc biệt sang Iraq nhằm thiết lập các mối quan hệ","question: Khi nhóm Nidal bị trục xuất sang Syria vào tháng 11 năm 1983, chính quyền Reagan đã làm gì? answer: cử Donald Rumsfeld làm phái viên đặc biệt sang Iraq nhằm thiết lập các mối quan hệ",0.8467
80,RAG_Chunking,1,"question: Hoạt động đối ngoại chủ yếu trong kháng chiến chống Mỹ là gì? answer: Đấu tranh yêu cầu thực hiện Hiệp định Genève. - Củng cố quan hệ với các nước xã hội chủ nghĩa. - Tăng cường đoàn kết ba nước Đông Dương. - Đàm phán, ký Hiệp định Paris (1973). - Mở rộng quan hệ ngoại giao, đẩy mạnh đối ngoại nhân dân","question: Hoạt động đối ngoại chủ yếu trong kháng chiến chống Mỹ là gì? answer: Đấu tranh yêu cầu thực hiện Hiệp định Genève. - Củng cố quan hệ với các nước xã hội chủ nghĩa. - Tăng cường đoàn kết ba nước Đông Dương. - Đàm phán, ký Hiệp định Paris (1973). - Mở rộng quan hệ ngoại giao, đẩy mạnh đối ngoại nhân dân",0.9137
80,RAG_Chunking,2,"question: Cuộc kháng chiến chống quân Xiêm diễn ra vào thời gian nào? answer: Giữa năm 1784, 5 vạn quân Xiêm kéo vào Gia Định (Nam Bộ ngày nay) với danh nghĩa giúp Nguyễn Ánh","question: Cuộc kháng chiến chống quân Xiêm diễn ra vào thời gian nào? answer: Giữa năm 1784, 5 vạn quân Xiêm kéo vào Gia Định (Nam Bộ ngày nay) với danh nghĩa giúp Nguyễn Ánh",0.76
80,RAG_Chunking,3,"question: Trận đánh quyết định giữa quân Tây Sơn và quân Xiêm diễn ra vào thời gian nào? answer: Ngày 19-1-1785, trên sông Tiên (đoạn từ Rạch Gầm đến Xoài Mút) đã diễn ra trận đánh quyết định giữa quân Tây Sơn và quân Xiêm",question: Trận đánh quyết định giữa quân Tây Sơn và quân Xiêm diễn ra vào thời gian nào? answer: Ngày 19-1-1785,0.62
80,RAG_Chunking,4,question: Khi nhóm Nidal bị trục xuất sang Syria vào tháng 11 năm 1983 thì chính quyền Reagan đã cử ai làm phái vao? answer: Donald Rumsfeld,question: Khi nhóm Nidal bị trục xuất sang Syria vào tháng 11 năm 1983 thì chính quyền Reagan đã cử ai làm phái vao? answer: Donald Rumsfeld,0.7547
80,RAG_Chunking,5,question: Donald Rumsfeld bị trục xuất sang Syria vào thời gian nào? answer: tháng 11 năm 1983,question: Donald Rumsfeld bị trục xuất sang Syria vào thời gian nào? answer: tháng 11 năm 1983,0.7448
81,Chunking_Only,1,"question: Vào ngày 16 tháng 12 năm 1740, vua nước Phổ là ai? answer: Friedrich II (còn gọi là Friedrich Độc Đáo hay Friedrich Đại Đế) kéo 27 nghìn quân rời khỏi xứ Brandenburg đi đánh tỉnh Silesia của Vương triều Habsburg","question: Vào ngày 16 tháng 12 năm 1740, vua nước Phổ là ai? answer: Friedrich II (còn gọi là Friedrich Độc Đáo hay Friedrich Đại Đế) kéo 27 nghìn quân rời khỏi xứ Brandenburg đi đánh tỉnh Silesia của Vương triều Habsburg",0.8133
81,Chunking_Only,2,question: Cuộc chinh phạt tỉnh Silesia đã làm thay đổi hoàn toàn sự cân bằng quyền lực trong Đế quốc La Mã Thần Thánh và đưa nước Phổ lên hàng liệt cường là nhờ vào điều gì? answer: Cuộc chinh phạt tỉnh Silesia đã thay đổi hoàn toàn sự cân bằng quyền lực trong Đế quốc La Mã Thần Thánh và đưa nước Phổ lên hàng liệt cường,question: Cuộc chinh phạt tỉnh Silesia đã làm thay đổi hoàn toàn sự cân bằng quyền lực trong Đế quốc La Mã Thần Thánh và đưa nước Phổ lên hàng liệt cường là nhờ vào điều gì? answer: Cuộc chinh phạt tỉnh Silesia đã thay đổi hoàn toàn sự cân bằng quyền lực trong Đế quốc La Mã Thần Thánh và đưa nước Phổ lên hàng liệt cường,0.6933
81,Chunking_Only,3,question: Đế quốc La Mã Thần Thánh và đưa nước Phổ lên hàng liệt cường đã mở ra những năm tháng gì? answer: những năm tháng thù hằn kịch liệt giữa hai quốc gia hùng mạnh nhất của Đế quốc La Mã Thần Thánh là Phổ và Áo,question: Đế quốc La Mã Thần Thánh và đưa nước Phổ lên hàng liệt cường đã mở ra những năm tháng gì? answer: những năm tháng thù hằn kịch liệt giữa hai quốc gia hùng mạnh nhất của Đế quốc La Mã Thần Thánh là Phổ và Áo,0.7821
81,RAG_Chunking,1,question: Cuộc khởi nghĩa của Phùng Hưng diễn ra vào thời gian nào? answer: khoảng những năm 766 - 780,question: Cuộc khởi nghĩa của Phùng Hưng diễn ra vào thời gian nào? answer: khoảng những năm 766 - 780,0.6394
81,RAG_Chunking,2,"question: Các việc hộ tịch, tiền thóc, ngục t answer: answer: answer: answer: answer: answer: Các việc hộ tịch, tiền thóc, ngục t",question: Huyện đặt chức Lệnh uý và Chủ bạ để làm gì? answer: cai trị,0.6074
81,RAG_Chunking,3,"question: Các việc hộ tịch, tiền thóc, ngục tụng đều làm chung thành số sách của một lộ, đến cuối năm báo lên sảnh để làm bằng cứ mà khảo xét..... (Ngô Sĩ Liên và các sử thần triều Hậu Lê, Đại Việt sử ký toàn thư, Tập 2, NXB Khoa học xã hội, tr.192). (Ngô Sĩ Liên và các sử thần triều Hậu Lê, Đại Việt sử ký toàn thư, Tập 2, NXB Khoa học xã hội, tr.192). (Ngô Sĩ Liên và các sử thần triều Hậu Lê, Đại","question: Các việc hộ tịch, tiền thóc, ngục tụng đều làm chung thành số sách của một lộ, đến cuối năm báo lên sảnh để làm bằng cứ mà khảo xét..... (Ngô Sĩ Liên và các sử thần triều Hậu Lê, Đại Việt sử ký toàn thư, Tập 2, NXB Khoa học xã hội, tr.192). (Ngô Sĩ Liên và các sử thần triều Hậu Lê, Đại Việt sử ký toàn thư, Tập 2, NXB Khoa học xã hội, tr.192). (Ngô Sĩ Liên và các sử thần triều Hậu Lê, Đại",0.8691
81,RAG_Chunking,4,question: Vua nước Phổ là ai? answer: Friedrich II (còn gọi là Friedrich Độc Đáo hay Friedrich Đại Đế) kéo 27 nghìn quân rời khỏi xứ Brandenburg đi đánh tỉnh Silesia của Vương triều Habsburg,question: Vua nước Phổ là ai? answer: Friedrich II (còn gọi là Friedrich Độc Đáo hay Friedrich Đại Đế) kéo 27 nghìn quân rời khỏi xứ Brandenburg đi đánh tỉnh Silesia của Vương triều Habsburg,0.8038
81,RAG_Chunking,5,question: Cuộc chinh phạt tỉnh Silesia đã làm thay đổi hoàn toàn sự cân bằng quyền lực trong Đế quốc La Mã Thần Thánh và đưa nước Phổ lên hàng liệt cường là nhờ vào điều gì? answer: Cuộc chinh phạt tỉnh Silesia đã thay đổi hoàn toàn sự cân bằng quyền lực trong Đế quốc La Mã Thần Thánh và đưa nước Phổ lên hàng liệt cường,question: Cuộc chinh phạt tỉnh Silesia đã làm thay đổi hoàn toàn sự cân bằng quyền lực trong Đế quốc La Mã Thần Thánh và đưa nước Phổ lên hàng liệt cường là nhờ vào điều gì? answer: Cuộc chinh phạt tỉnh Silesia đã thay đổi hoàn toàn sự cân bằng quyền lực trong Đế quốc La Mã Thần Thánh và đưa nước Phổ lên hàng liệt cường - điều này đồng nghĩa với việc họ sẽ phải đối phó vớ vẩn với sự chống trả chẳng tới nơi tới chốn của Quân đội Áo,0.7559
81,RAG_Chunking,6,question: Hai quốc gia hùng mạnh nhất của Đế quốc La Mã là quốc gia nào? answer: Phổ và Áo,question: Hai quốc gia hùng mạnh nhất của Đế quốc La Mã là quốc gia nào? answer: Phổ và Áo,0.6315
82,Chunking_Only,1,question: Việc sáp nhập Kuwait được miêu tả như thế nào? answer: một bước trên con đường tiến tới một Liên hiệp Ả Rập rộng lớn hơn,question: Việc sáp nhập Kuwait được miêu tả như thế nào? answer: một bước trên con đường tiến tới một Liên hiệp Ả Rập rộng lớn hơn,0.7997
82,Chunking_Only,2,question: Hussein đã làm gì để khôi phục Đế chế Babylon? answer: Hussein coi đó là một cách để khôi phục Đế chế Babylon theo cách khoa trương của những người Ả Rập theo chủ nghĩa quốc gia,question: Hussein đã làm gì để khôi phục Đế chế Babylon? answer: Hussein coi đó là một cách để khôi phục Đế chế Babylon theo cách khoa trương của những người Ả Rập theo chủ nghĩa quốc gia,0.7529
82,Chunking_Only,3,question: Saddam xuất hiện với vai trò gì? answer: một chính khách Ả Rập đứng lên chống lại Israel và Hoa Kỳ,question: Saddam xuất hiện với vai trò gì? answer: một chính khách Ả Rập đứng lên chống lại Israel và Hoa Kỳ,0.8309
82,RAG_Chunking,1,question: Những mâu thuẫn và biến động trong nội bộ triều đình Lê sơ là gì? answer: tình trạng phe cánh trong triều và sự lộng quyền của một bộ phận công thần,question: Do đâu mà nội bộ triều đình Lê sơ có nhiều mâu thuẫn và biến động? answer: tình trạng phe cánh trong triều và sự lộng quyền của một bộ phận công thần,0.7011
82,RAG_Chunking,2,"question: Cách mạng tư sản Anh đã lật đổ chế độ quân chủ chuyên chế, thiết lập chế độ quân chủ lập hiến bằng cách nào? answer: lật đổ chế độ quân chủ chuyên chế, thiết lập chế độ quân chủ lập hiến",question: Chiến tranh giành độc lập của 13 thuộc địa Anh ở Bắc Mỹ đã lật đổ sự thống trị của ai? answer: thực dân Anh,0.6724
82,RAG_Chunking,3,"question: Cách mạng tư sản Pháp đã lật đổ chế độ nào? answer: phong kiến, thiết lập chế độ cộng hoà","question: Cách mạng tư sản Pháp đã lật đổ chế độ nào? answer: phong kiến, thiết lập chế độ cộng hoà",0.736
82,RAG_Chunking,4,question: Ai là chủ nhân của nền văn minh Ai Cập cổ đại? answer: chủ nghĩa quốc gia Ả Rập,question: Ai là chủ nhân của nền văn minh Ai Cập cổ đại? answer: chủ nghĩa quốc gia Ả Rập,0.7267
82,RAG_Chunking,5,question: Việc sáp nhập Kuwait được miêu tả như thế nào? answer: được miêu tả như là một bước trên con đường tiến tới một Liên hiệp Ả Rập rộng lớn hơn? answer: được miêu tả như là một bước trên con đường tiến tới một Liên hiệp Ả Rập rộng lớn hơn? answer: được miêu tả như là một bước trên con đường tiến tới một Liên hiệp Ả Rập rộng lớn hơn? answer: được miêu tả như là một bước trên con đường tiến tới một Liên hiệp Ả Rập rộng lớn hơn,question: Việc sáp nhập Kuwait được miêu tả như là một bước trên con đường tiến tới một Liên hiệp Ả Rập rộng lớn hơn? answer: được miêu tả như là một bước trên con đường tiến tới một Liên hiệp Ả Rập rộng lớn hơn,0.834
82,RAG_Chunking,6,question: Saddam xuất hiện với vai trò gì? answer: một chính khách Ả Rập đứng lên chống lại Iifada lần thứ nhất,question: Saddam xuất hiện với vai trò gì? answer: một chính khách Ả Rập đứng lên chống lại Iifada lần thứ nhất,0.7575
82,RAG_Chunking,7,question: Vì sao Saddam xuất hiện với vai trò là một chính khách Ả Rập đứng lên chống lại Israel và Hoa Kỳ? answer: Saddam xuất hiện với vai trò là một chính khách Ả Rập đứng lên chống lại Israel và Hoa Kỳ,question: Vì sao Saddam xuất hiện với vai trò là một chính khách Ả Rập đứng lên chống lại Israel và Hoa Kỳ? answer: Saddam xuất hiện với vai trò là một chính khách Ả Rập đứng lên chống lại Israel và Hoa Kỳ,0.8571
83,Chunking_Only,1,question: Ai là người đã thành lập vô số ủy ban vào thập kỉ 1690? answer: ông,question: Ai là người đã thành lập vô số ủy ban vào thập kỉ 1690? answer: ông,0.7464
83,RAG_Chunking,1,"question: Bộ máy chính quyền thời Gia Long và những năm đầu thời Minh Mạng như thế nào? answer: thiếu sự thống nhất, đồng bộ và tập trung","question: Bộ máy chính quyền thời Gia Long và những năm đầu thời Minh Mạng như thế nào? answer: thiếu sự thống nhất, đồng bộ và tập trung",0.7411
83,RAG_Chunking,2,"question: Các việc hộ tịch, tiền thóc, ngục tụng đều làm chung thành số sách của một lộ, đến cuối năm báo lên sảnh để làm bằng cứ mà khảo xét..... (Ngô Sĩ Liên và các sử thần triều Hậu Lê, ĐHSP). Châu đặt chức Thông phán và Thiêm phán để làm gì? answer: để cai trị","question: Các việc hộ tịch, tiền thóc, ngục tụng đều làm chung thành số sách của một lộ, đến cuối năm báo lên sảnh để làm bằng cứ mà khảo xét..... (Ngô Sĩ Liên và các sử thần triều Hậu Lê, ĐHSP). Châu đặt chức Thông phán và Thiêm phán. Huyện đặt chức Lệnh uý và Chủ bạ để làm gì? answer: để cai trị",0.8295
83,RAG_Chunking,3,"question: Hậu quả của các cuộc kháng chiến không thành công là gì? answer: triều Trần nhanh chóng khủng hoảng, suy yếu","question: Hậu quả của các cuộc kháng chiến không thành công là gì? answer: triều Trần nhanh chóng khủng hoảng, suy yếu",0.7315
83,RAG_Chunking,4,"question: Vì sao Leopold I là một ông vua thiếu quyết đoán? answer: Nhút nhát, thiếu nhiệt huyết, ông chỉ biết lắng nghe ý kiến của cận thần rồi suy đi nghĩ lại về các đề xuất trái ngược nhau mà không biết chắc chắn phải quyết định thế nào","question: Vì sao Leopold I là một ông vua thiếu quyết đoán? answer: Nhút nhát, thiếu nhiệt huyết, ông chỉ biết lắng nghe ý kiến của cận thần rồi suy đi nghĩ lại về các đề xuất trái ngược nhau mà không biết chắc chắn phải quyết định thế nào",0.7725
84,Chunking_Only,1,"question: Nouvel answer: Nouvel answer: có thể được thay đổi trong tương lai gần theo hiệp nghị, theo đó ""một danh xưng, một hiệu kỳ, một bài ca, một khẩu hiệu và một thiết kế tiền giấy sẽ do toàn thể các đảng phải cùng nhau tìm kiếm, nhằm thể hiện bản sắc Kanak và tương lai do toàn bộ các đảng phái chia sẻ.""","question: Tên chính thức của Nouvelle-Calédonie được thay đổi như thế nào? answer: có thể được thay đổi trong tương lai gần theo hiệp nghị, theo đó ""một danh xưng, một hiệu kỳ, một bài ca, một khẩu hiệu và một thiết kế tiền giấy sẽ do toàn thể các đảng phải cùng nhau tìm kiếm, nhằm thể hiện bản sắc Kanak và tương lai do toàn bộ các đảng phái chia sẻ.""",0.9033
84,Chunking_Only,2,question: Nouvelle-Calédonie thông qua hiệu kỳ Kanak vào thời gian nào? answer: tháng 7 năm 2010,question: Nouvelle-Calédonie thông qua hiệu kỳ Kanak vào thời gian nào? answer: tháng 7 năm 2010,0.6019
84,RAG_Chunking,1,"question: Answer: Viết một lá thư gửi các chiến sĩ đang làm nhiệm vụ bảo vệ chủ quyền biển, đảo Việt Nam nhân dịp năm mới. 4. Viết một lá thư gửi các chiến sĩ đang làm nhiệm vụ bảo vệ chủ quyền biển, đảo Việt Nam nhân dịp năm mới. 5. Nêu những việc làm mà một công dân có thể đóng góp cho cuộc đấu tranh bảo vệ chủ quyền biển, đảo Việt Nam nhân dịp năm mới. 5. Nêu những việc làm mà một công dân có thể đóng góp cho cuộc đấu tranh bảo vệ chủ quyền, các quyền và lợi ích hợp pháp","question: Nêu những việc làm mà một công dân có thể đóng góp cho cuộc đấu tranh bảo vệ chủ quyền biển, đảo Việt Nam nhân dịp năm mới? answer: Viết một lá thư gửi các chiến sĩ đang làm nhiệm vụ bảo vệ chủ quyền biển, đảo Việt Nam nhân dịp năm mới. 4. Viết một lá thư gửi các chiến sĩ đang làm nhiệm vụ bảo vệ chủ quyền biển, đảo Việt Nam nhân dịp năm mới. 5. Nêu những việc làm mà một công dân có thể đóng góp cho cuộc đấu tranh bảo vệ chủ quyền, các quyền và lợi ích hợp pháp",0.7304
84,RAG_Chunking,2,"question: Nhiệm vụ của Đảng Lao động Việt Nam là gì? answer: đóng góp cho cuộc đấu tranh bảo vệ chủ quyền, các quyền và lợi ích hợp pháp của Việt Nam ở Biển Đông","question: Nhiệm vụ của Đảng Lao động Việt Nam là gì? answer: đóng góp cho cuộc đấu tranh bảo vệ chủ quyền, các quyền và lợi ích hợp pháp của Việt Nam ở Biển Đông",0.8376
84,RAG_Chunking,3,"question: Vai trò của Mê-đi-xi là gì? answer: đóng vai trò quan trọng trong nền chính trị thành phố, đồng thời cũng chủ trương khuyến khích phát triển nghệ thuậ","question: Vai trò của Mê-đi-xi là gì? answer: đóng vai trò quan trọng trong nền chính trị thành phố, đồng thời cũng chủ trương khuyến khích phát triển nghệ thuậ",0.6427
84,RAG_Chunking,4,"question: ""Một danh xưng, một hiệu kỳ, một bài ca, một khẩu hiệu và một thiết kế tiền giấy sẽ do toàn thể các đảng phải cùng nhau tìm kiếm, nhằm thể hiện bản sắc Kanak và tương lai do toàn bộ các đảng phái chia sẻ"" là gì? answer: một danh xưng, một hiệu kỳ, một bài ca, một khẩu hiệu và một thiết kế tiền giấy sẽ do toàn thể các đảng phải cùng nhau tìm kiếm, nhằm thể hiện bản sắc Kanak và tương lai do toàn bộ các đảng phái chia sẻ","question: ""Một danh xưng, một hiệu kỳ, một bài ca, một khẩu hiệu và một thiết kế tiền giấy sẽ do toàn thể các đảng phải cùng nhau tìm kiếm, nhằm thể hiện bản sắc Kanak và tương lai do toàn bộ các đảng phái chia sẻ"" là gì? answer: một danh xưng, một hiệu kỳ, một bài ca, một khẩu hiệu và một thiết kế tiền giấy sẽ do toàn thể các đảng phải cùng nhau tìm kiếm, nhằm thể hiện bản sắc Kanak và tương lai do toàn bộ các đảng phái chia sẻ",0.7409
84,RAG_Chunking,5,question: Nouvelle-Calédonie thông qua hiệu kỳ Kanak vào thời gian nào? answer: tháng 7 năm 2010,question: Nouvelle-Calédonie thông qua hiệu kỳ Kanak vào thời gian nào? answer: tháng 7 năm 2010,0.6644
84,RAG_Chunking,6,question: quốc gia nào có hai hiệu kỳ chính thức? answer: answer: quốc gia nào có hai hiệu kỳ chính thức,question: quốc gia nào có hai hiệu kỳ chính thức? answer: Nouvelle-Calédonie,0.7684
85,Chunking_Only,1,question: Bao nhiêu thành viên của Tham nghị viện? answer: 105 thành viên,question: Bao nhiêu thành viên của Tham nghị viện? answer: 105 thành viên,0.6069
85,Chunking_Only,2,"question: Những chính đảng nào có đại biểu được bầu vào nghị viện liên bang trong cuộc bầu cử năm 2011? answer: Đảng Bảo thủ (đảng cầm quyèn), Đảng Tân Dân chủ (đối lập chính thức), Đảng Tự do, Khối Người Québec, và Đảng Xanh","question: Những chính đảng nào có đại biểu được bầu vào nghị viện liên bang trong cuộc bầu cử năm 2011? answer: Đảng Bảo thủ (đảng cầm quyèn), Đảng Tân Dân chủ (đối lập chính thức), Đảng Tự do, Khối Người Québec, và Đảng Xanh",0.7917
85,RAG_Chunking,1,"question: Những người đỗ đầu trong kì thi Đình là ai? answer: Nguyễn Hiển, Lê Văn Hưu, Mạc Đĩnh Chi","question: Những người đỗ đầu trong kì thi Đình là ai? answer: Nguyễn Hiển, Lê Văn Hưu, Mạc Đĩnh Chi",0.613
85,RAG_Chunking,2,"question: Lộ thống nhiếp phủ, phủ thống nhiếp châu, châu thống nhiếp huyện được đặt ở đâu? answer: Lộ đặt chức 1n phủ sứ và 1n phủ phó sứ. Phủ đặt chức Trấn phủ sứ và Trấn phủ phó sứ. Châu đặt chức Thông phán và Thiêm phán. Huyện đặt chức Lệnh uý và Chủ bạ để cai trị","question: Lộ thống nhiếp phủ, phủ thống nhiếp châu, châu thống nhiếp huyện được đặt ở đâu? answer: Lộ đặt chức 1n phủ sứ và 1n phủ phó sứ",0.6439
85,RAG_Chunking,3,"question: Đạo thừa tuyên thứ 13 do ai lập ra? answer: Ngô Sĩ Liên và các sử thần triều Hậu Lê, Đại Việt sử ký toàn thư, Tập 2, NXB Khoa học xã hội, tr.192","question: Đạo thừa tuyên thứ 13 do ai lập ra? answer: Ngô Sĩ Liên và các sử thần triều Hậu Lê, Đại Việt sử ký toàn thư, Tập 2, NXB Khoa học xã hội, tr.192",0.7771
85,RAG_Chunking,4,"question: Hệ thống cơ quan phụ trách đạo thừa tuyên gồm những gì? answer: Đô ty (do Đô tổng binh sứ đứng đầu, phụ trách quân sự), Thừa ty (do Thừa chính sứ đứng đầu, phụ trách hành chính, thuế khoá), Hiến ty (do Hiến sát sứ đứng đầu, phụ trách thanh tra, xét hỏi kiện tụng, tuân hành), còn gọi là tam ty","question: Hệ thống cơ quan phụ trách đạo thừa tuyên gồm những gì? answer: Đô ty (do Đô tổng binh sứ đứng đầu, phụ trách quân sự), Thừa ty (do Thừa chính sứ đứng đầu, phụ trách quân sự), Thừa ty (do Thừa chính sứ đứng đầu, phụ trách hành chính, thuế khoá), Hiến ty (do Hiến sát sứ đứng đầu, phụ trách thanh tra, xét hỏi kiện tụng, tuân hành), còn gọi là tam ty",0.8501
85,RAG_Chunking,5,"question: Số lượng thành viên của Tham nghị viện là bao nhiêu? answer: 105 thành viên của Tham nghị viện, với số ghế được phân chia theo một cơ sở vùng miền, họ phục vụ cho đến tuổ","question: Số lượng thành viên của Tham nghị viện là bao nhiêu? answer: 105 thành viên của Tham nghị viện, với số ghế được phân chia theo một cơ sở vùng miền, họ phục vụ cho đến tuổiổi",0.6321
85,RAG_Chunking,6,"question: Những chính đảng nào có đại biểu được bầu vào nghị viện liên bang trong cuộc bầu cử năm 2011? answer: Đảng Bảo thủ (đảng cầm quyèn), Đảng Tân Dân chủ (đối lập chính thức), Đảng Tự do, Khối Người Québec, và Đảng Xanh","question: Những chính đảng nào có đại biểu được bầu vào nghị viện liên bang trong cuộc bầu cử năm 2011? answer: Đảng Bảo thủ (đảng cầm quyèn), Đảng Tân Dân chủ (đối lập chính thức), Đảng Tự do, Khối Người Québec, và Đảng Xanh",0.7969
86,Chunking_Only,1,"question: Bù đắp Thu nhập Tối thiểu là gì? answer: đảm bảo một mức độ thu nhập tối thiểu cho những người bị tước đoạt bất kỳ hình thức thu nhập nào, việc tái lập thuế đoàn kết vào tài sản, đã từng bị xoá bỏ dưới thời chính phủ Chirac, việc thể chế thuế xã hội chung, cải cách Chính sách Nông nghiệp Chung, Đạo luật Gayssot năm 1990 về tuyên bố answer: đảm bảo một mức độ thu nhập tối thiểu cho những người bị tước đoạt bất kỳ hình thức thu nhập nào, việc tái lập thuế đoàn kết vào tài sản","question: Bù đắp Thu nhập Tối thiểu là gì? answer: đảm bảo một mức độ thu nhập tối thiểu cho những người bị tước đoạt bất kỳ hình thức thu nhập nào, việc tái lập thuế đoàn kết vào tài sản, đã từng bị xoá bỏ dưới thời chính phủ Chirac, việc thể chế thuế xã hội chung, cải cách Chính sách Nông nghiệp Chung, Đạo luật Gayssot năm 1990 về tuyên bố về việc tái lập thuế đoàn kết vào tài sản, đã từng bị xoá bỏ dưới thời chính phủ Chirac, việc thể chế thuế xã hội chung, cải cách Chính sách Nông nghiệp",0.6279
86,Chunking_Only,2,"question: Đạo luật Gayssot năm 1990 về tuyên bố hận thù và bác bỏ Holocaust, Đạo luật Arpaillange về cung cấp tài chính cho các đảng chính trị, cải cách luật hình sự và Đạo luật Evin về những địa điểm hút thuốc nơi công cộng là gì? answer: cung cấp tài chính cho các đảng chính trị, cải cách luật hình sự và Đạo luật Evin về những địa điểm hút thuốc nơi công cộng","question: Đạo luật Gayssot năm 1990 về tuyên bố hận thù và bác bỏ Holocaust, Đạo luật Arpaillange về cung cấp tài chính cho các đảng chính trị, cải cách luật hình sự và Đạo luật Evin về những địa điểm hút thuốc nơi công cộng là gì? answer: cung cấp tài chính cho các đảng chính trị, cải cách luật hình sự và Đạo luật Evin về những địa điểm hút thuốc nơi công cộng",0.7094
86,Chunking_Only,3,question: Kim tự tháp Louvre đã được xây dựng với mục đích gì? answer: xây dựng với mục đích gì? answer: xây dựng với mục đích gì? answer: xây dựng với mục đích gì? answer: xây dựng với mục đích gì? answer: xây dựng với mục đích gì? answer: xây dựng với mục đích gì? answer: xây dựng với mục đích gì? answer: xây dựng với mục đích gì? answer: xây dựng với mục đích gì? answer: xây dựng với mục đích gì?,"question: Kim tự tháp Louvre được xây dựng với mục đích gì? answer: Đường hầm eo biển Manche, Grande Arche tại La Défense, Bastille Opera, Bộ Tài chính tại Bercy, Thư viện Quốc gia Pháp",0.7882
86,RAG_Chunking,1,question: Đảng Lao động Việt Nam ra hoạt động công khai với tên gì? answer: tên Đảng Lao động Việt Nam,question: Đảng Lao động Việt Nam ra hoạt động công khai với tên gì? answer: Đảng Lao động Việt Nam,0.6709
86,RAG_Chunking,2,"question: Đạo luật Gayssot năm 1990 về tuyên bố hận thù và bác bỏ Holocaust có nội dung như thế nào? answer: cung cấp tài chính cho các đảng chính trị, cải cách luật hình sự và Đạo luậậậ về cung cấp tài chính cho các đảng chính trị, cải cách luật hình sự và Đạo luậậậ về cung cấp tài chính cho các đảng chính trị, cải cách luật hình sự và Đạo luậậậ về cung cấp tài chính cho các đảng chính trị, cải cách luật hình sự và Đạo luậậậ về cung cấp tài chính","question: Đạo luật Gayssot năm 1990 về tuyên bố hận thù và bác bỏ Holocaust, Đạo luật Arpaillange về cung cấp tài chính cho các đảng chính trị, cải cách luật hình sự và Đạo luậậ về cung cấp tài chính cho các đảng chính trị, cải cách luật hình sự và Đạo luậậ về cung cấp tài chính cho các đảng chính trị, cải cách luật hình sự và Đạo luậậ về cung cấp tài chính cho các đảng chính trị, cải cách luật hình sự và Đạo luậậ về cung cấp tài chính cho các đảng chính trị, cải cách",0.703
86,RAG_Chunking,3,"question: Đạo luật Arpaillange về cung cấp tài chính cho các đảng chính trị, cải cách luật hình sự và Đạo luật Evin về những địa điểm hút thuốc nơi công cộng là gì? answer: cung cấp tài chính cho các đảng chính trị, cải cách luật hình sự và Đạo luật Evin về những địa điểm hút thuốc nơi công cộng","question: Đạo luật Arpaillange về cung cấp tài chính cho các đảng chính trị, cải cách luật hình sự và Đạo luật Evin về những địa điểm hút thuốc nơi công cộng là gì? answer: Đạo luật Arpaillange về cung cấp tài chính cho các đảng chính trị, cải cách luật hình sự và Đạo luật Evin về những địa điểm hút thuốc nơi công cộng",0.6005
87,Chunking_Only,1,"question: Tỷ lệ sống bình quân của gà sao là bao nhiêu? answer: 95,6%","question: Tỷ lệ sống bình quân của gà sao là bao nhiêu? answer: 95,6%",0.675
87,Chunking_Only,2,"question: Vì sao gà sao vẫn bị một số bệnh? answer: tuy sức đề kháng mạnh, nhưng nếu không phòng và chăm sóc kỹ thì gà sao vẫn bị một số bệnh, trong đó đáng chú ý nhất là bệnh nấm mỏ két, dù có điều trị tốt thì tỉ lệ khỏi cũng không quá 10%","question: Vì sao gà sao vẫn bị một số bệnh? answer: nếu không phòng và chăm sóc kỹ thì gà sao vẫn bị một số bệnh, trong đó đáng chú ý nhất là bệnh nấm mỏ két, dù có điều trị tốt thì tỉ lệ khỏi cũng không quá 10%",0.8481
87,RAG_Chunking,1,"question: Nguồn lương thực chính của cư dân Phù Nam là gì? answer: lúa gạo và các loại rau, củ, quả","question: Nguồn lương thực chính của cư dân Phù Nam là gì? answer: lúa gạo và các loại rau, củ, quả",0.8281
87,RAG_Chunking,2,"question: Trang phục của người Chăm-pa như thế nào? answer: nam, nữ thường quấn ngang tấm vải từ lưng trở xuống, tai đeo trang sức","question: Trang phục của người Chăm-pa như thế nào? answer: nam, nữ thường quấn ngang tấm vải từ lưng trở xuống, tai đeo trang sức",0.6694
87,RAG_Chunking,3,"question: Những yếu tố nào thuận lợi để cư dân trồng trọt, chăn nuôi, bảo đảm nguồn thức ăn đa dạng? answer: Nguồn tài nguyên khoáng sản phong phú (sắt, đồng, chì, thiếc..) là cơ sở để cư dân c answer: Nguồn tài nguyên khoáng sản phong phú (sắt, đồng, chì, thiếc..) là cơ sở để cư dân c answer: Nguồn tài nguyên khoáng sản phong phú (sắt, đồng, chì, thiếc..)","question: Những yếu tố nào thuận lợi để cư dân trồng trọt, chăn nuôi, bảo đảm nguồn thức ăn đa dạng? answer: Lượng ánh sáng Mặt Trời lớn và lượng mưa nhiều",0.805
87,RAG_Chunking,4,"question: Nguồn tài nguyên khoáng sản phong phú (sắt, đồng, chì, thiếc...) là cơ sở để cư dân chế tác các loại hình công cụ lao động trong sản xuất và đồ dùng trong sinh hoạt hằng ngày là gì? answer: cơ sở để cư dân chế tác các loại hình công cụ lao động trong sản xuất và đồ dùng trong sinh hoạt hằng ngày","question: Nguồn tài nguyên khoáng sản phong phú (sắt, đồng, chì, thiếc...) là cơ sở để cư dân chế tác các loại hình công cụ lao động trong sản xuất và đồ dùng trong sinh hoạt hằng ngày. Nguồn tài nguyên khoáng sản phong phú (sắt, đồng, chì, thiếc...) là cơ sở để cư dân chế tác các loại hình công cụ lao động trong sản xuất và đồ dùng trong sinh hoạt hằng ngày là gì? answer: cơ sở để cư dân chế tác các loại hình công cụ lao động trong sản xuất và đồ dùng trong sinh hoạt hằng ngày",0.6984
87,RAG_Chunking,5,question: Tỷ lệ sống của gà sao cao hơn so với các giống gà thả vườn là bao nhiêu? answer: không quá 10%,question: Tỷ lệ sống của gà sao cao hơn so với các giống gà thả vườn là bao nhiêu? answer: không quá 10%,0.7294
88,Chunking_Only,1,question: Hiệp định Matignon được ký kết vào ngày nào? answer: ngày 26 tháng 6 năm 1988,question: Hiệp định Matignon được ký kết vào ngày nào? answer: ngày 26 tháng 6 năm 1988,0.7107
88,RAG_Chunking,1,question: Vào khoảng thời gian nào thì nước Âu Lạc ra đời? answer: khoảng năm 208 TCN,question: Vào khoảng thời gian nào thì nước Âu Lạc ra đời? answer: khoảng năm 208 TCN,0.6474
88,RAG_Chunking,2,"question: Những năm 30 của thế kỉ XVII, xã hội Đại Việt từng bước lâm vào khủng hoảng như thế nào? answer: xã hội Đại Việt từng bước lâm vào khủng hoảng như thế nào? answer: Những năm 30 của thế kỉ XVII, xã hội Đại Việt từng bước lâm vào khủng hoảng như thế nào? answer: xã hội Đại Việt từng bước lâm vào khủng hoảng như thế nào? answer: xã hội Đại Việt từng bước lâm vào khủng hoảng như thế nào? answer: xã hội Đại Việt từng bước lâm vào khủng hoảng như thế nào? an","question: Những năm 30 của thế kỉ XVII, xã hội Đại Việt từng bước lâm vào khủng hoảng như thế nào? answer: xã hội Đại Việt từng bước lâm vào khủng hoảng",0.8185
88,RAG_Chunking,3,"question: Điều kiện thuận lợi để xây dựng và phát triển nền văn hóa Đại Việt là gì? answer: nền độc lập, tự chủ quốc gia tiếp tục được củng cố vững chắc","question: Điều kiện thuận lợi để xây dựng và phát triển nền văn hóa Đại Việt là gì? answer: nền độc lập, tự chủ quốc gia tiếp tục được củng cố vững chắc",0.7355
88,RAG_Chunking,4,question: Hiệp định Matignon được ký kết vào ngày nào? answer: ngày 26 tháng 6 năm 1988,question: Hiệp định Matignon được ký kết vào ngày nào? answer: ngày 26 tháng 6 năm 1988,0.7023
89,Chunking_Only,1,question: Đế quốc La Mã Thần Thánh còn được gọi là gì? answer: Thánh chế La Mã,"question: Đế quốc La Mã Thần Thánh là gì? answer: là một phức hợp lãnh thổ rộng lớn đa sắc tộc, mà chủ yếu là người Đức",0.7901
89,Chunking_Only,2,"question: Tên của đế quốc bắt nguồn từ điều gì? answer: yêu sách của các Hoàng đế La Mã Đức vào thời Trung cổ, muốn tiếp tục truyền thống của đế chế La Mã cổ và hợp pháp hóa quyền cai trị như là thánh ý của Thiên Chúa","question: Tên của đế quốc bắt nguồn từ điều gì? answer: yêu sách của các Hoàng đế La Mã Đức vào thời Trung cổ, muốn tiếp tục truyền thống của đế chế La Mã cổ và hợp pháp hóa quyền cai trị như là thánh ý của Thiên Chúa",0.8502
89,RAG_Chunking,1,"question: Giai cấp tư sản muốn phục hồi lại một số nội dung của văn minh Hy Lạp và La Mã, tiếp tục phát triển lên một nền văn minh mới là điều gì? answer: phục hồi lại một số nội dung của văn minh Hy Lạp và La Mã, tiếp tục phát triển lên một nền văn minh mới","question: Giai cấp tư sản muốn phục hồi lại một số nội dung của văn minh Hy Lạp và La Mã, tiếp tục phát triển lên một nền văn minh mới là điều gì? answer: giai cấp tư sản muốn phục hồi lại một số nội dung của văn minh Hy Lạp và La Mã, tiếp tục phát triển lên một nền văn minh mới",0.7371
89,RAG_Chunking,2,"question: Chủ nô là những người như thế nào? answer: chủ nô là tầng lớp có thế lực về chính trị và kinh tế gồm các chủ xưởng, chủ trang trại, chủ thuyền buôn và sở hữu nhiều nô lệ","question: Chủ nô là những người như thế nào? answer: chủ nô là tầng lớp có thế lực về chính trị và kinh tế gồm các chủ xưởng, chủ trang trại, chủ thuyền buôn và sở hữu nhiều nô lệ",0.8876
89,RAG_Chunking,3,"question: Đế quốc La Mã Thần Thánh còn được gọi là gì? answer: Thánh chế La Mã, là một phức hợp lãnh thổ rộng lớn đa sắc tộc, mà chủ yếu là người Đức, tồn tại từ cuối thời sơ La Mã, là một phức hợp lãnh thổ rộng lớn đa sắc tộc, mà chủ nô là người Đức, tồn tại từ cuối thời sơ La Mã, là một phức hợp lãnh thổ rộng lớn đa sắc tộc, mà chủ nô là người Đức, tồn tại từ cuối thời sơ La Mã, là một phức hợp lãnh thổ rộng lớn đa sắc tộc, mà chủ nô là người Đức","question: Đế quốc La Mã Thần Thánh còn được gọi là gì? answer: Thánh chế La Mã, là một phức hợp lãnh thổ rộng lớn đa sắc tộc, mà chủ yếu là người Đức, tồn tại từ cuối thời sơ  La Mã, là một phức hợp lãnh thổ rộng lớn đa sắc tộc, mà chủ yếu là người Đức, tồn tại từ cuối thời sơ  La Mã, là một phức hợp lãnh thổ rộng lớn đa sắc tộc, mà chủ yếu là người Đức, tồn tại từ cuối thời sơ  La Mã, là một phức hợp lãnh thổ rộng lớn đa sắc tộc,",0.7444
89,RAG_Chunking,4,"question: Lãnh thổ chủ yếu của Đế quốc gồm những quốc gia nào? answer: Vương quốc Đức, Vương quốc Bohemia, Vương quốc Burgundy, Vương quốc Ý và nhiều lãnh thổ, công quốc, thành phố đế quốc tự do lớn nhỏ khác","question: Lãnh thổ chủ yếu của Đế quốc gồm những quốc gia nào? answer: Vương quốc Đức, Vương quốc Bohemia, Vương quốc Burgundy, Vương quốc Ý và nhiều lãnh thổ, công quốc, thành phố đế quốc tự do lớn nhỏ khác",0.8037
90,Chunking_Only,1,"question: Câu nói trước khi chết của Gandhi có ý nghĩa như thế nào? answer: nó được xem là câu tôn kính hướng đến thần Rama, là một dấu hiệu gợi cảm tâm linh Gandhi cũng như lý tưởng đạt sự thống nhất với hòa bình vĩnh hằng của ông","question: Câu nói trước khi chết của Gandhi có ý nghĩa như thế nào? answer: nó được xem là câu tôn kính hướng đến thần Rama, là một dấu hiệu gợi cảm tâm linh Gandhi cũng như lý tưởng đạt sự thống nhất với hòa bình vĩnh hằng của ông",0.8665
90,Chunking_Only,2,"question: Answer: ""He Ram, He Ram"" hoặc ""Rama, Rama"", và nó cũng tường thuật rằng ông lăn xuống đất, chắp hai tay trước ngực ở tư thế chào","question: Một vài nguồn ghi lại những lời cuối của ông là gì? answer: ""He Ram, He Ram"" hoặc ""Rama, Rama"", và nó cũng tường thuật rằng ông lăn xuống đất, chắp hai tay trước ngực ở tư thế chào",0.8656
90,RAG_Chunking,1,"question: Vua ngự ra cửa Bồ Hải cày ruộng Tịch điền vào thời gian nào? answer: mùa xuân, tháng 2 [năm 1038]","question: Vua ngự ra cửa Bồ Hải cày ruộng Tịch điền vào thời gian nào? answer: mùa xuân, tháng 2 [năm 1038]",0.6918
90,RAG_Chunking,2,question: Ai là người khởi xướng Nho giáo? answer: Khổng Tử,question: Ai là người khởi xướng Nho giáo? answer: Khổng Tử (551  479 TCN),0.7485
90,RAG_Chunking,3,"question: Sách có nội dung như thế nào? answer: nói về duyên do túc mệnh tương tự, như kinh Phật, trong đó bàn về việc thiện,..","question: Sách có nội dung như thế nào? answer: nói về duyên do túc mệnh tương tự, như kinh Phật, trong đó bàn về việc thiện,..",0.7528
90,RAG_Chunking,4,"question: Câu nói trước khi chết của Gandhi là gì? answer: ""Ô kìa Rama!"" (Hey Rama!) và nó được xem là câu tôn kính hướng đến thần Rama, là một dấu hiệu gợi cảm tâm linh Gandhi cũng như lý tưởng đạt sự thống nhất với hòa bình vĩnh hằng của ông","question: Câu nói trước khi chết của Gandhi là gì? answer: ""Ô kìa Rama!"" (Hey Rama!) và nó được xem là câu tôn kính hướng đến thần Rama, là một dấu hiệu gợi cảm tâm linh Gandhi cũng như lý tưởng đạt sự thống nhất với hòa bình vĩnh hằng của ông",0.9158
91,Chunking_Only,1,question: Những vùng cấm bay được Pháp thiết lập nhằm mục đích gì? answer: bảo vệ người Shi'ite ở miền Nam và người Kurd ở miền Bắc,question: Những vùng cấm bay được Pháp thiết lập nhằm mục đích gì? answer: bảo vệ người Shi'ite ở miền Nam và người Kurd ở miền Bắc,0.7761
91,Chunking_Only,2,"question: Lượng bom lớn nhất được sử dụng trong hai chiến dịch kéo dài là bao nhiêu? answer: 2 chiến dịch kéo dài: Chiến dịch Tấn công sa mạc, kéo dài trong nhiều tuần từ tháng 9 năm 1996, và Chiến dịch Con cáo sa m","question: Lượng bom lớn nhất được sử dụng trong hai chiến dịch kéo dài là bao nhiêu? answer: hai chiến dịch kéo dài: Chiến dịch Tấn công sa mạc, kéo dài trong nhiều tuần từ tháng 9 năm 1996, và Chiến dịch Con cáo sa mỗ",0.6709
91,Chunking_Only,3,question: Chiến dịch Con cáo sa mạc diễn ra trong khoảng thời gian nào? answer: tháng 12 năm 1998,question: Chiến dịch Con cáo sa mạc diễn ra trong khoảng thời gian nào? answer: tháng 12 năm 1998,0.6525
91,Chunking_Only,4,question: Iraq đã phát triển và ổn định như thế nào? answer: khu vực này đã phát triển và ổn định hơn (khi so sánh với các vùng khác của Iraq trong Chiến dịch Giải phóng Iraq),question: Iraq đã phát triển và ổn định như thế nào? answer: khu vực này đã phát triển và ổn định hơn (khi so sánh với các vùng khác của Iraq trong Chiến dịch Giải phóng Iraq),0.6044
91,RAG_Chunking,1,"question: Hoạt động đối ngoại chủ yếu trong kháng chiến chống Mỹ là gì? answer: Đấu tranh yêu cầu thực hiện Hiệp định Genève. - Củng cố quan hệ với các nước xã hội chủ nghĩa. - Tăng cường đoàn kết ba nước Đông Dương. - Đàm phán, ký Hiệp định Paris (1973). - Mở rộng quan hệ ngoại giao, đẩy mạnh đối ngoại nhân dân","question: Hoạt động đối ngoại chủ yếu trong kháng chiến chống Mỹ là gì? answer: Đấu tranh yêu cầu thực hiện Hiệp định Genève. - Củng cố quan hệ với các nước xã hội chủ nghĩa. - Tăng cường đoàn kết ba nước Đông Dương. - Đàm phán, ký Hiệp định Paris (1973). - Mở rộng quan hệ ngoại giao, đẩy mạnh đối ngoại nhân dân",0.9082
91,RAG_Chunking,2,question: Vào khoảng thời gian nào thì Phùng Hưng cùng em trai khởi nghĩa? answer: khoảng những năm 766 - 780,question: Vào khoảng thời gian nào thì Phùng Hưng cùng em trai khởi nghĩa? answer: khoảng những năm 766 - 780,0.671
91,RAG_Chunking,3,question: Kết quả của cuộc kháng chiến chống thực dân Pháp lần thứ hai là gì? answer: mở đầu cuộc chiến tranh xâm lược lần thứ hai,"question: Kết quả của cuộc kháng chiến chống thực dân Pháp lần thứ hai là gì? answer: mở đầu cuộc chiến tranh xâm lược lần thứ hai. 2. Kháng chiến chống thực dân Pháp trở lại xâm lược Nam Bộ (1945): 1. Kháng chiến chống thực dân Pháp trở lại xâm lược Nam Bộ (1945): - Ngày 23-9-1945, Pháp đánh úp Sài Gòn, mở đầu cuộc chiến tranh xâm lược lần thứ hai. - Quân dân Nam Bộ chiến đấu anh dũng, giáng đòn đầu tiên vào kế hoạch ""đánh n",0.7421
91,RAG_Chunking,4,"question: Lượng bom lớn nhất được sử dụng trong hai chiến dịch là gì? answer: Chiến dịch Tấn công sa mạc, kéo dài trong nhiều tuần từ tháng 9 năm 1996, và Chiến dịch Con cáo sa mạc, tháng 12 năm 1998","question: Lượng bom lớn nhất được sử dụng trong hai chiến dịch là gì? answer: Chiến dịch Tấn công sa mạc, kéo dài trong nhiều tuần từ tháng 9 năm 1996, và Chiến dịch Con cáo sa mạc, tháng 12 năm 1998",0.784
91,RAG_Chunking,5,question: Điều gì đã được phản ánh sau sự sụp đổ của chế độ Saddam Hussein năm 2003? answer: khu vực này đã phát triển và ổn định hơn (khi so sánh với các vùng khác của Iraq trong Chiến dịch Giải phóng Iraq),question: Điều gì đã được phản ánh sau sự sụp đổ của chế độ Saddam Hussein năm 2003? answer: khu vực này đã phát triển và ổn định hơn (khi so sánh với các vùng khác của Iraq trong Chiến dịch Giải phóng Iraq),0.6833
92,Chunking_Only,1,question: Cuộc khủng hoảng lớn nhất trong lịch sử diễn ra vào thời gian nào? answer: Roosevelt tuyên thệ nhậm chức vào ngày 4 tháng 3 năm 1933 (32 ngày sau khi Hitler được bổ nhiệm làm Thủ tướng Đức),question: Cuộc khủng hoảng lớn nhất trong lịch sử đã diễn ra vào thời gian nào? answer: Roosevelt tuyên thệ nhậm chức vào ngày 4 tháng 3 năm 1933 (32 ngày sau khi Hitler được bổ nhiệm làm Thủ tướng Đức),0.7241
92,Chunking_Only,2,question: Vì sao New York không thể mở cửa? answer: do khách hàng hốt hoảng rút một khối lượng lớn tiền mặt trong những ngày trước đó,question: Vì sao New York không thể mở cửa? answer: do khách hàng hốt hoảng rút một khối lượng lớn tiền mặt trong những ngày trước đó,0.8878
92,RAG_Chunking,1,"question: Nguyên nhân dẫn đến tình trạng thiếu ruộng đất canh tác là gì? answer: Một bộ phận nông dân thiếu ruộng đất canh tác, nguồn thu của nhà nước bị ảnh hưởng","question: Nguyên nhân dẫn đến tình trạng thiếu ruộng đất canh tác là gì? answer: Một bộ phận nông dân thiếu ruộng đất canh tác, nguồn thu của nhà nước bị ảnh hưởng. Trong xã hội, nạn cường hào lộng hành và quan lại tham ô, nhũng nhiễu ngày càng nhức nhối, tình trạng coi thường pháp luật trở nên phổ biến",0.8155
92,RAG_Chunking,2,"question: Những năm 30 của thế kỉ XVII, xã hội Đại Việt từng bước lâm vào khủng hoảng như thế nào? answer: xã hội Đại Việt từng bước lâm vào khủng hoảng như thế nào? answer: xã hội Đại Việt từng bước lâm vào khủng hoảng như thế nào? answer: xã hội Đại Việt từng bước lâm vào khủng hoảng như thế nào? answer: xã hội Đại Việt từng bước lâm vào khủng hoảng như thế nào? answer: xã hội Đại Việt từng bước lâm vào khủng hoảng như thế nào? answer: xã hội Đại Việt từng bước","question: Những năm 30 của thế kỉ XVII, xã hội Đại Việt từng bước lâm vào khủng hoảng như thế nào? answer: xã hội Đại Việt từng bước lâm vào khủng hoảng",0.7959
92,RAG_Chunking,3,question: Vào ngày nào thì Roosevelt tuyên thệ nhậm chức? answer: ngày 4 tháng 3 năm 1933,question: Vào ngày nào thì Roosevelt tuyên thệ nhậm chức? answer: ngày 4 tháng 3 năm 1933,0.6187
92,RAG_Chunking,4,question: Vì sao Ngân hàng Dự trữ Liên bang không thể mở cửa? answer: do khách hàng hốt hoảng rút một khối lượng lớn tiền mặt trong những ngày trước đó,question: Vì sao Ngân hàng Dự trữ Liên bang không thể mở cửa? answer: do khách hàng hốt hoảng rút một khối lượng lớn tiền mặt trong những ngày trước đó,0.691
93,Chunking_Only,1,question: Khi nào Roosevelt qua đời? answer: Khi hay tin Roosevelt qua đời,question: Khi nào Roosevelt qua đời? answer: Khi hay tin Roosevelt qua đời thì Bộ trưởng Bộ Tuyên truyền Đức Quốc xã là Paul Joseph Gbbels trở nên vui sướng,0.6099
93,Chunking_Only,2,question: Ông ta ra lệnh cho mang rượu sâm-banh đến và còn gọi điện đến Quốc trưởng Adolf Hitler để làm gì? answer: answer: Answer: Ông ta ra lệnh cho mang rượu sâm-banh đến và còn gọi điện đến Quốc trưởng Adolf Hitler,question: Ông ta ra lệnh cho mang rượu sâm-banh đến và còn gọi điện đến Quốc trưởng Adolf Hitler để làm gì? answer: Ông ta ra lệnh cho mang rượu sâm-banh đến và còn gọi điện đến Quốc trưởng Adolf Hitler,0.905
93,RAG_Chunking,1,"question: Ý nghĩa lịch sử của Cách mạng Tháng Tám năm 1945 là gì? answer: mở ra bước ngoặt lớn của dân tộc: đập tan ách cai trị hơn 80 năm của thực dân Pháp và 5 năm của phát xít Nhật, chấm dứt vĩnh viễn chế độ quân chủ ở Việt Nam","question: Ý nghĩa lịch sử của Cách mạng Tháng Tám năm 1945 là gì? answer: mở ra bước ngoặt lớn của dân tộc: đập tan ách cai trị hơn 80 năm của thực dân Pháp và 5 năm của phát xít Nhật, chấm dứt vĩnh viễn chế độ quân chủ ở Việt Nam",0.9059
93,RAG_Chunking,2,"question: Kỷ nguyên mới của Việt Nam là gì? answer: độc lập, tự do, nhân dân lao động nắm chính quyền, làm chủ đất nước; giải phóng dân tộc gắn liền với giải phóng xã hội","question: Kỷ nguyên mới của Việt Nam là gì? answer: độc lập, tự do, nhân dân lao động nắm chính quyền, làm chủ đất nước; giải phóng dân tộc gắn liền với giải phóng xã hội",0.816
93,RAG_Chunking,3,question: Nguyên nhân dẫn tới thắng lợi của Cách mạng Tháng Tám năm 1945 là gì? answer: Sự chuẩn bị chu đáo về lực lượng chính trị và lực lượng vũ trang,question: Nguyên nhân dẫn tới thắng lợi của Cách mạng Tháng Tám năm 1945 là gì? answer: Sự lãnh đạo đúng đắn của Đảng Cộng sản Đông Dương đứng đầu là Chủ tịch Hồ Chí Minh,0.922
93,RAG_Chunking,4,"question: Trong quá trình làm vua, Minh Mạng thể hiện điều gì? answer: thể hiện là người có năng l answer: Trong quá trình làm vua, Minh Mạng thể hiện là người có năng l answer: Trong quá trình làm vua, Minh Mạng thể hiện là người có năng l answer: Trong quá trình làm vua, Minh Mạng thể hiện là người có năng l answer: Trong quá trình làm vua, Minh Mạng thể hiện là người có năng l answer: Trong quá trình làm vua, Minh Mạng thể hiện là người có năng l answer:","question: Minh Mạng là ai? answer: là hoàng tử thứ tư của vua Gia Long, trị vì từ năm 1820 đến khi qua đời năm 1841",0.6017
93,RAG_Chunking,5,"question: Từ cuối những năm 20 của thế kỉ XIX, Minh Mạng đã có những chính sách cải cách quan trọng nào? answer: tiến hành nhiều chính sách cải cách quan trọng về mặt hành chính, đưa đến những thay đổi lớn đối với hệ thống chính quyền các cấp","question: Từ cuối những năm 20 của thế kỉ XIX, Minh Mạng đã có những chính sách cải cách quan trọng nào? answer: tiến hành nhiều chính sách cải cách quan trọng về mặt hành chính, đưa đến những thay đổi lớn đối với hệ thống chính quyền các cấp",0.7113
93,RAG_Chunking,6,question: Quốc trưởng Adolf Hitler đã làm gì khi ông ta ra lệnh cho mang rượu sâm-banh đến? answer: ông ta ra lệnh cho mang rượu sâm-banh đến và còn gọi điện đến Quốc trưởng Adolf Hitler,question: Quốc trưởng Adolf Hitler đã làm gì khi ông ta ra lệnh cho mang rượu sâm-banh đến? answer: Ông ta ra lệnh cho mang rượu sâm-banh đến và còn gọi điện đến Quốc trưởng Adolf Hitler,0.8274
94,Chunking_Only,1,"question: Vào thế kỷ 19, Paris là nơi hội tụ của những ai? answer: các nhà văn Honoré de Balzac, Victor Hugo, Alexandre Dumas... các nhà thơ Paul Verlaine, Arthur Rimbaud, Baudelaire... các nhà thơ Paul Verlaine, Arthur Rimbaud, Baudelaire... các nhà thơ Paul Verlaine, Arthur Rimbaud, Baudelaire... các nhà thơ Paul Verlaine, Arthur Rimbaud, Baudelaire... các nhà thơ Paul Verlaine, Arthur Rimbaud, Baudelaire..","question: Vào thế kỷ 19, Paris là nơi hội tụ của những ai? answer: các nhà văn Honoré de Balzac, Victor Hugo, Alexandre Dumas... các nhà thơ Paul Verlaine, Arthur Rimbaud, Baudelaire... các nhà thơ Paul Verlaine, Arthur Rimbaud, Baudelaire... các nhà thơ Paul Verlaine, Arthur Rimbaud, Baudelaire... các nhà thơ Paul Verlaine, Arthur Rimbaud, Baudelaire... các nhà thơ Paul Verlaine, Arthur Rimbaud, Baudelaire..",0.7788
94,Chunking_Only,2,"question: Bức tranh Ấn tượng mặt trời mọc được trưng bày ở đâu? answer: thành phố đã quy tụ các họa sĩ nổi tiếng nhất đương thời: Vincent van Gogh, Paul Cézanne, Auguste Rodin, Alfred Sisley, Paul Gauguin, Auguste Renoir, Camille Pissarro","question: Bức tranh Ấn tượng mặt trời mọc được trưng bày ở đâu? answer: thành phố đã quy tụ các họa sĩ nổi tiếng nhất đương thời: Vincent van Gogh, Paul Cézanne, Auguste Rodin, Alfred Sisley, Paul Gauguin, Auguste Renoir, Camille Pissarro",0.7246
94,Chunking_Only,3,question: Buổi chiếu phim đầu tiên của anh em Auguste và Louis Lumière diễn ra ở đâu? answer: Salon Indien nằm dưới tầng hầm quán cà phê Grand Café ở Paris,question: Buổi chiếu phim đầu tiên của anh em Auguste và Louis Lumière diễn ra ở đâu? answer: Salon Indien nằm dưới tầng hầm quán cà phê Grand Café ở Paris,0.764
94,RAG_Chunking,1,"question: Văn học Hy Lạp cổ đại phong phú, nhiều thể loại nào? answer: sử thi I-li-át và Ô-đi-xê của Hô-me, kịch Ô-đíp làm vua của Xô-phô-clơ","question: Văn học Hy Lạp cổ đại phong phú, nhiều thể loại nào? answer: sử thi I-li-át và Ô-đi-xê của Hô-me, kịch Ô-đíp làm vua của Xô-phô-clơ",0.8458
94,RAG_Chunking,2,"question: Answer: là tinh thần nhân văn và tiến bộ trong tư tưởng và văn học, là sự sáng tạo và phát minh trong khoa học với những ý tưởng đi trước thời đại, là chủ nghĩa hiện thực trong nghệ thuật","question: Tinh thần nhân văn và tiến bộ trong tư tưởng và văn học là gì? answer: là tinh thần nhân văn và tiến bộ trong tư tưởng và văn học, là sự sáng tạo và phát minh trong khoa học với những ý tưởng đi trước thời đại, là chủ nghĩa hiện thực trong nghệ thuật",0.6415
94,RAG_Chunking,3,"question: Vai trò của dòng họ Mê-đi-xi là gì? answer: đóng vai trò quan trọng trong nền chính trị thành phố, đồng thời cũng chủ trương khuyến khích phát triển nghệ thuật","question: Vai trò của dòng họ Mê-đi-xi là gì? answer: đóng vai trò quan trọng trong nền chính trị thành phố, đồng thời cũng chủ trương khuyến khích phát triển nghệ thuật",0.6299
94,RAG_Chunking,4,"question: Vào thế kỷ 19, Paris là điểm đến của những ai? answer: các nhà văn Honoré de Balzac, Victor Hugo, Alexandre Dumas... các nhà thơ Paul Verlaine, Arthur Rimbaud, Baudelaire... các nhà thơ Paul Verlaine, Arthur Rimbaud, Baudelaire... các nhà thơ Paul Verlaine, Arthur Rimbaud, Baudelaire... các nhà thơ Paul Verlaine, Arthur Rimbaud, Baudelaire... các nhà thơ Paul Verlaine, Arthur Rimbaud, Baudelaire..","question: Vào thế kỷ 19, Paris là điểm đến của những ai? answer: các nhà văn Honoré de Balzac, Victor Hugo, Alexandre Dumas... các nhà thơ Paul Verlaine, Arthur Rimbaud, Baudelaire... các nhà thơ Paul Verlaine, Arthur Rimbaud, Baudelaire... các nhà thơ Paul Verlaine, Arthur Rimbaud, Baudelaire... các nhà thơ Paul Verlaine, Arthur Rimbaud, Baudelaire..",0.8084
94,RAG_Chunking,5,question: Buổi chiếu phim đầu tiên của anh em Auguste và Louis Lumière diễn ra ở đâu? answer: Salon Indien nằm dưới tầng hầm quán cà phê Grand Café ở Paris,question: Buổi chiếu phim đầu tiên của anh em Auguste và Louis Lumière diễn ra ở đâu? answer: Salon Indien nằm dưới tầng hầm quán cà phê Grand Café ở Paris,0.757
95,Chunking_Only,1,"question: Vì sao Pétain trở thành lãnh đạo chế độ Vichy Pháp? answer: Pháp bị Đức đánh bại trong Thế chiến II, hợp tác với Phát xít Đức và đưa các biện pháp bài Do Thái vào thực hiện","question: Vì sao Pétain trở thành lãnh đạo chế độ Vichy Pháp? answer: Pháp bị Đức đánh bại trong Thế chiến II, hợp tác với Phát xít Đức và đưa các biện pháp bài Do Thái vào thực hiện",0.8106
95,RAG_Chunking,1,question: Những bài học lịch sử của các cuộc kháng chiến bảo vệ Tổ quốc từ năm 1945 đến nay là gì? answer: Những bài học lịch sử của các cuộc kháng chiến bảo vệ Tổ quốc từ năm 1945 đến nay là gì? answer: Những bài học lịch sử của các cuộc kháng chiến bảo vệ Tổ quốc từ năm 1945 đến nay là gì? answer: Những bài học lịch sử của các cuộc kháng chiến bảo vệ Tổ quốc từ năm 1945 đến nay là gì? answer: Những bài học lịch sử của các,question: Những bài học lịch sử của các cuộc kháng chiến bảo vệ Tổ quốc từ năm 1945 đến nay là gì? answer: 52 - Bài 10: Khái quát về công cuộc Đổi mới từ năm 1986 đến nay: 60 - Bài 11: Thành tựu cơ bản và bài ài 11: Thành tựu cơ bản và bài ài 11: Thành tựu cơ bản và bài ài 11: Thành tựu cơ bản và bài ài 11: Thành tựu cơ bản và bài ài 11: Thành tựu cơ bản và bài ài 1,0.7896
95,RAG_Chunking,2,question: Kết quả của cuộc kháng chiến 1953 - 1954 là gì? answer: Kết quả của cuộc kháng chiến (1953 - 1954): - Pháp thực hiện kế hoạch Na-va. - Chiến dịch Điện Biên Phủ (3-1954 - 7-5-1954): to answer: to answer: kết thúc cuộc kháng chiến (1953 - 1954): - Pháp thực hiện kế hoạch Na-va. - Chiến dịch Điện Biên Phủ (3-195,question: Kết quả của cuộc kháng chiến 1953 - 1954 là gì? answer: kết thúc cuộc kháng chiến (1953 - 1954): - Pháp thực hiện kế hoạch Na-va. - Chiến dịch Điện Biên Phủ (3-1954 - 7-5-1954): to,0.6765
95,RAG_Chunking,3,question: Kết quả của chiến dịch Điện Biên Phủ là gì? answer: toàn thắng ngày 7-5-1954,"question: Kết quả của chiến dịch Điện Biên Phủ là gì? answer: toàn thắng ngày 7-5-1954. - Làm phá sản kế hoạch Na-va, tạo điều kiện cho Hội nghị Genève. [2. Nội dung cải cách] Diễn biến chính: 2. Kháng chiến chống thực dân Pháp trở lại xâm lược Nam Bộ (1945): - Chiến dịch Điện Biên Phủ (3-1954 - 7-5-1954): toàn thắng ngày 7-5-1954. - Làm phá sản kế hoạch Na-va",0.9248
95,RAG_Chunking,4,question: Vì sao Mitterrand bị tấn công năm 1992? answer: mọi người phát hiện rằng ông đã sắp xếp việc đặt vòng hoa trên mộ Thống chế Philippe Pétain vào mỗi Ngày đình chiến từ năm 1987,question: Vì sao Mitterrand bị tấn công năm 1992? answer: mọi người phát hiện rằng ông đã sắp xếp việc đặt vòng hoa trên mộ Thống chế Philippe Pétain vào mỗi Ngày đình chiến từ năm 1987,0.822
95,RAG_Chunking,5,question: Ai là người đã đặt vòng hoa trên mộ Pétain? answer: các tổng thống Charles de Gaulle và Valéry Giscard d'Estaing,question: Ai là người đã đặt vòng hoa trên mộ Pétain? answer: các tổng thống Charles de Gaulle và Valéry Giscard d'Estaing,0.829
95,RAG_Chunking,6,question: Ai là người lãnh đạo chế độ Vichy Pháp sau khi Pháp bị Đức đánh bại trong Thế chiến II? answer: Pháp bị Đức đánh bại trong Thế chiến II,"question: Ai là người lãnh đạo chế độ Vichy Pháp sau khi Pháp bị Đức đánh bại trong Thế chiến II? answer: Pháp bị Đức đánh bại trong Thế chiến II, hợp tác với Phát xít Đức và đưa các biện pháp bài Do Thái vào thực hiện",0.8049
96,Chunking_Only,1,question: Nội các liên bang có nhiệm vụ gì? answer: bổ nhiệm các thẩm phán cho các tòa cấp cao có quyền hạn cấp tỉnh và lãnh thổ,question: Nội các liên bang có nhiệm vụ gì? answer: bổ nhiệm các thẩm phán cho các tòa cấp cao có quyền hạn cấp tỉnh và lãnh thổ,0.809
96,RAG_Chunking,1,"question: Chức năng của Lục bộ là gì? answer: 6 cơ quan chức năng cao cấp chủ chốt trong bộ máy triều đình, do nhà vua trực tiếp điều hành, chịu trách nhiệm trưc tiêp điều hành, chịu trách nhiệm trưc tiêp điều hành, chịu trách nhiệm trưc tiêp điều hành, chịu trách nhiệm trưc tiêp điều hành, chịu trách nhiệm trưc tiêp điều hành, chịu trách nhiệm trưc tiêp điều hành, chịu trách nhiệm trưc tiêp điều hành, chịu trách nhiệm trưc tiêp điều hành, chịu trách nhiệm trưc tiêp điều","question: Chức năng của Lục bộ là gì? answer: 6 cơ quan chức năng cao cấp chủ chốt trong bộ máy triều đình, do nhà vua trực tiếp điều hành, chịu trách nhiệm trưc tiêp điều hành, chịu trách nhiệm trưc tiêp điều hành, chịu trách nhiệm trưc tiêp điều hành, chịu trách nhiệm trưc tiêp điều hành, chịu trách nhiệm trưc tiêp điều hành, chịu trách nhiệm trưc tiêp điều hành, chịu trách nhiệm trưc tiêp",0.6685
96,RAG_Chunking,2,"question: Tam pháp ty là gì? answer: cơ quan chuyên nhận đơn của những người kêu oan, tố cáo, đồng thời thẩm tra, xét xử những việc oan ức","question: Tam pháp ty là gì? answer: cơ quan chuyên nhận đơn của những người kêu oan, tố cáo, đồng thời thẩm tra, xét xử những việc oan ức",0.6104
96,RAG_Chunking,3,"question: Tam pháp ty họp vào thời gian nào? answer: Hàng tháng, vào các ngày 6, 16, 26 âm lịch, Tam pháp ty họp để xét xử","question: Tam pháp ty họp vào thời gian nào? answer: Hàng tháng, vào các ngày 6, 16, 26 âm lịch, Tam pháp ty họp để xét xử",0.6882
96,RAG_Chunking,4,question: Tòa án nào có quyền phủ định các đạo luật của nghị viện? answer: Tòa án nào có quyền phủ định các đạo luật của nghị viện nếu chúng vi hiến? answer: Tòa án nào có quyền phủ định các đạo luật của nghị viện nếu chúng vi hiến? answer: Tòa án nào có quyền phủ định các đạo luật của nghị viện nếu chúng vi hiến? answer: Tòa án nào có quyền phủ định các đạo luật của nghị viện nếu chúng vi hiến? answer: Tòa án nào có quyền phủ định các đạo luật của nghị viện nếu chúng vi hiến,question: Tòa án nào có quyền phủ định các đạo luật của nghị viện nếu chúng vi hiến? answer: Tối cao pháp viện Canada,0.7509
96,RAG_Chunking,5,question: Nội các liên bang có nhiệm vụ gì sau khi hội ý với các cơ cấu pháp luật phi chính phủ? answer: Nội các liên bang có nhiệm vụ gì sau khi hội ý với các cơ cấu pháp luật phi chính phủ,question: Nội các liên bang có nhiệm vụ gì sau khi hội ý với các cơ cấu pháp luật phi chính phủ? answer: Nội các liên bang cũng bổ nhiệm các thẩm phán cho các tòa cấp cao có quyền hạn cấp tỉnh và lãnh thổ,0.8701
97,Chunking_Only,1,question: Thành công của cuộc đua vào Thượng viện tiểu bang New York năm 1910 là gì? answer: đưa Roosevelt đến thủ phủ tiểu bang là chiến thắng vang dội của đảng Dân chủ năm ấy đã đưa Roosevelt đến thủ phủ tiểu bang là chiến thắng vang dội của đảng Dân chủ năm ấy đã đưa Roosevelt đến thủ phủ tiểu bang là chiến thắng vang dội của đảng Dân chủ năm ấy đã đưa Roosevelt đến thủ phủ tiểu bang là chiến thắng vang dội của đảng Dân chủ năm ấy đã đưa Roosevelt đến thủ phủ tiểu bang là chiến thắng vang dội của đảng Dân chủ năm ấy đã đưa Roosevelt đến thủ,question: Thành công của cuộc đua vào Thượng viện tiểu bang New York năm 1910 là gì? answer: đưa Roosevelt đến thủ phủ tiểu bang là  chiến thắng vang dội của đảng Dân chủ năm ấy đã đưa Roosevelt đến thủ phủ tiểu bang là  chiến thắng vang dội của đảng Dân chủ năm ấy đã đưa Roosevelt đến thủ phủ tiểu bang là  chiến thắng vang dội của đảng Dân chủ năm ấy đã đưa Roosevelt đến thủ phủ tiểu bang là  chiến thắng vang dội của đảng Dân chủ năm ấy đã đưa Roosevelt đến thủ phủ tiểu bang là,0.6918
97,Chunking_Only,2,"question: Ai là người lãnh đạo nhóm ""phản loạn"" chống đối bộ máy chính trị ""Tammany Hall""? answer: Roosevelt","question: Ai là người lãnh đạo nhóm ""phản loạn"" chống đối bộ máy chính trị ""Tammany Hall""? answer: Roosevelt",0.7137
97,Chunking_Only,3,question: Mục tiêu của Roosevelt trong cuộc bầu cử Thượng viện Hoa Kỳ là gì? answer: chọc giận bộ máy chính trị Tammany Hall bằng cách ngăn chặn người mà nhóm này chọn lây lây người mà nhóm này chọn lây lây người mà nhóm này chọn lây lây người mà nhóm này chọn lây lây người mà nhóm này chọn lây lây lây người mà nhóm này chọn lây lây lây người mà nhóm này chọn lây lây lây người mà nhóm này chọn lây lây lây người mà nhóm này chọn lây lây lây người mà nhóm này chọn lây lây lây người mà nhóm này chọn lây lây lây người mà nhóm này chọn lây,question: Mục tiêu của Roosevelt trong cuộc bầu cử Thượng viện Hoa Kỳ là gì? answer: chọc giận bộ máy chính trị Tammany Hall bằng cách ngăn chặn người mà nhóm này chọn lây lây người mà nhóm này chọn lây lây người mà nhóm này chọn lây lây người mà nhóm này chọn lây lây người mà nhóm này chọn lây lây người mà nhóm này chọn lây lây,0.6746
97,Chunking_Only,4,question: Vì sao Roosevelt trở nên quen thuộc đối với các đảng viên Dân chủ New York? answer: chọc giận bộ máy chính trị Tammany Hall bằng cách ngăn chặn người mà nhóm này chọn lựa làm ứng cử viên là William F. Sheehan,"question: Roosevelt trở nên quen thuộc đối với các đảng viên Dân chủ New York vào thời gian nào? answer: Chẳng bao lâu sau đó, Roosevelt trở nên một khuôn mặt quen thuộc đối với các đảng viên Dân chủ New York",0.6519
97,Chunking_Only,5,question: chức thượng nghị sĩ tiểu bang được bổ nhiệm chức vụ gì vào ngày 17 tháng 3 năm 1913? answer: Trợ tá Bộ trưởng Hải quân Hoa Kỳ,question: chức thượng nghị sĩ tiểu bang được bổ nhiệm chức vụ gì vào ngày 17 tháng 3 năm 1913? answer: Trợ tá Bộ trưởng Hải quân Hoa Kỳ,0.7981
97,RAG_Chunking,1,question: Nguyên nhân dẫn tới thắng lợi của Cách mạng Tháng Tám năm 1945 là gì? answer: Sự chuẩn bị chu đáo về lực lượng chính trị và lực lượng vũ trang,question: Nguyên nhân dẫn tới thắng lợi của Cách mạng Tháng Tám năm 1945 là gì? answer: Sự lãnh đạo đúng đắn của Đảng Cộng sản Đông Dương đứng đầu là Chủ tịch Hồ Chí Minh,0.922
97,RAG_Chunking,2,question: Những năm đầu kháng chiến toàn quốc (1946 - 1950) đã diễn ra sự kiện gì? answer: diễn ra sự kiện gì? answer: diễn ra sự kiện gì? answer: diễn ra sự kiện gì? answer: diễn ra sự kiện gì? answer: diễn ra sự kiện gì? answer: diễn ra sự kiện gì? answer: diễn ra sự kiện gì? answer: diễn ra sự kiện gì? answer: diễn ra sự kiện gì? answer: diễn ra sự kiện,"question: Những năm đầu kháng chiến toàn quốc (1946 - 1950) đã diễn ra sự kiện gì? answer: Ngày 19-12-1946, Chủ tịch Hồ Chí Minh ra Lời kêu gọi toàn quốc kháng chiến",0.7991
97,RAG_Chunking,3,question: Thành công của đảng Dân chủ năm 1911 là gì? answer: đưa Roosevelt đến thủ phủ tiểu bang là Albany,question: Thành công của đảng Dân chủ năm 1911 là gì? answer: đưa Roosevelt đến thủ phủ tiểu bang là Albany,0.7201
97,RAG_Chunking,4,"question: Ai là thủ lĩnh nhóm ""phản loạn"" chống đối bộ máy chính trị ""Tammany Hall""? answer: Roosevelt","question: Ai là thủ lĩnh nhóm ""phản loạn"" chống đối bộ máy chính trị ""Tammany Hall"" (nhóm chính trị thuộc đảng Dân chủ luôn đóng vai trò chính kiểm soát chính trường thành phố New York)? answer: Roosevelt",0.7668
97,RAG_Chunking,5,question: Mục tiêu của James A. O'Gorman là gì? answer: chọc giận bộ máy chính trị Tammany Hall bằng cách ngăn chặn người mà nhóm này chọn lựa làm ứng cử viên là William F. Sheehan,question: Mục tiêu của James A. O'Gorman là gì? answer: chọc giận bộ máy chính trị Tammany Hall bằng cách ngăn chặn người mà nhóm này chọn lựa làm ứng cử viên là William F. Sheehan,0.6043
98,Chunking_Only,1,question: Số lượng người Việt sinh sống tại Montréal là bao nhiêu? answer: 25.605 cư dân gốc Việt đông thứ nhì,question: Số lượng người Việt sinh sống tại Montréal là bao nhiêu? answer: 25.605 cư dân gốc Việt đông thứ nhì,0.817
98,RAG_Chunking,1,"question: Dân tộc nào chiếm khoảng 82,1 triệu người? answer: dân tộc Kinh","question: Dân tộc nào chiếm khoảng 82,1 triệu người? answer: dân tộc Kinh",0.6109
98,RAG_Chunking,2,"question: Cộng đồng người Việt ở Montréal gồm những ai? answer: gồm nhiều gia đình, dòng họ sinh sống trên cùng một khu vực","question: Cộng đồng người Việt ở Montréal gồm những ai? answer: gồm nhiều gia đình, dòng họ sinh sống trên cùng một khu vực",0.7648
98,RAG_Chunking,3,question: Số lượng người Việt sinh sống tại Montréal là bao nhiêu? answer: 25.605 cư dân gốc Việt đông thứ nhì,question: Số lượng người Việt sinh sống tại Montréal là bao nhiêu? answer: 25.605 cư dân gốc Việt đông thứ nhì,0.7978
99,Chunking_Only,1,question: Người Norse định cư ở đâu? answer: L'Anse aux Meadows thuộc Newfoundland vào khoảng năm 1000 CN,question: Người Norse định cư ở đâu? answer: L'Anse aux Meadows thuộc Newfoundland vào khoảng năm 1000 CN,0.7192
99,Chunking_Only,2,question: Tại sao các thủy thủ người Basque và người Bồ Đào Nha thiết lập các tiền đồn săn bắt cá voi và cá dọc theo vùng duyên hải Đại Tây Dương của Canada? answer: Các thủy thủ người Basque và người Bồ Đào Nha thiết lập các tiền đồn săn bắt cá voi và cá dọc theo vùng duyên hải Đại Tây Dương của Canada vào đầu thế kỷ XVI,question: Nhà thám hiểm người Pháp Jacques Cartier khám phá ra sông St. Lawrence vào thời gian nào? answer: ngày 24 tháng 7,0.7627
99,Chunking_Only,3,question: Thánh giá của Franois I được cắm ở đâu? answer: ở đâu? answer: thánh giá của Franois I được cắm ở đâu? answer: thánh giá của Franois I được cắm ở đâu? answer: thánh giá của Franois I được cắm ở đâu? answer: thánh giá của Franois I được cắm ở đâu? answer: thánh giá của Franois I được cắm ở đâu? answer: thánh giá của Franois I được cắm ở đâu? answer: thánh giá của Franois I được cắm ở đâu?,"question: Thánh giá của Franois I được cắm ở đâu? answer: 24 tháng 7 ông cắm một thánh giá cao 10 mét (33 ft) mang dòng chữ ""Pháp quốc quốc vương vạn tuế"", và đoạt quyền chiếm hữu lãnh thổ nhân danh Quốc vương Franois I",0.7219
99,RAG_Chunking,1,question: Nền văn minh nào ra đời sớm nhất? answer: Văn minh Ai Cập cổ đại,question: Nền văn minh nào ra đời sớm nhất? answer: Văn minh Ai Cập cổ đại,0.691
99,RAG_Chunking,2,"question: Những điều kiện tự nhiên thuận lợi cho sự phát triển của thủ công nghiệp, thương nghiệp và hàng hải là gì? answer: Phần lớn lãnh thổ là đồi núi, xen giữa là những cánh đồng nhỏ hẹp; đất đai khô cằn, trong lòng đất có nhiều khoáng sản, bờ biển khúc khuỷu có nhiều vũng, vịnh","question: Những điều kiện tự nhiên thuận lợi cho sự phát triển của thủ công nghiệp, thương nghiệp và hàng hải là gì? answer: Phần lớn lãnh thổ là đồi núi, xen giữa là những cánh đồng nhỏ hẹp; đất đai khô cằn, trong lòng đất có nhiều khoáng sản, bờ biển khúc khuỷu có nhiều vũng, vịnh",0.6285
99,RAG_Chunking,3,question: Người Norse định cư tại đâu? answer: L'Anse aux Meadows thuộc Newfoundland vào khoảng năm 1000 CN,question: Người Norse định cư tại đâu? answer: L'Anse aux Meadows thuộc Newfoundland vào khoảng năm 1000 CN,0.7413
99,RAG_Chunking,4,question: Thủy thủ người Ý John Cabot khám phá ra vùng duyên hải Đại Tây Dương của Canada cho Vương quốc Anh vào thời gian nào? answer: năm 1497,question: Thủy thủ người Ý John Cabot khám phá ra vùng duyên hải Đại Tây Dương của Canada cho Vương quốc Anh vào thời gian nào? answer: năm 1497,0.7884
99,RAG_Chunking,5,"question: Vào ngày 24 tháng 7, Jacques Cartier đã làm gì? answer: ông cắm một thánh giá cao 10 mét (33 ft) mang dòng chữ ""Pháp quốc quốc vương vạn tuế"", và đoạt quyền chiếm hữu lãnh thổ nhân danh Quốc vương Franois I","question: Vào ngày 24 tháng 7, Jacques Cartier đã làm gì? answer: ông cắm một thánh giá cao 10 mét (33 ft) mang dòng chữ ""Pháp quốc quốc vương vạn tuế"", và đoạt quyền chiếm hữu lãnh thổ nhân danh Quốc vương Franois I",0.7582
100,Chunking_Only,1,"question: Sau các chiến thắng mang tính quyết định, Hoa Kỳ đã xâm chiếm vào México vào thời gian nào? answer: sau các chiến thắng mang tính quyết định này, Hoa Kỳ xâm chiếm vào lãnh thổ México","question: Sau các chiến thắng mang tính quyết định, Hoa Kỳ đã xâm chiếm lãnh thổ México vào thời gian nào? answer: sau các chiến thắng mang tính quyết định này, Hoa Kỳ xâm chiếm vào lãnh thổ México",0.6465
100,RAG_Chunking,1,question: Nhà Hồ đã làm gì vào năm 1397? answer: đắp đê và sửa đường sá từ thành Tây Đô đến Hoá Châu (Thừa Thiên Huế và phía bắc Quảng Nam ngày nay),question: Nhà Hồ đã làm gì vào năm 1397? answer: đắp đê và sửa đường sá từ thành Tây Đô đến Hoá Châu (Thừa Thiên Huế và phía bắc Quảng Nam ngày nay),0.801
100,RAG_Chunking,2,"question: Từ đêm 30 Tết Nguyên đán Kỷ Dậu (1789), quân Tây Sơn đã làm gì? answer: cho quân đóng cọc gỗ lớn ở cửa biển và những nơi xung yếu trên sông để chống giặc, xây dựng hệ thống phòng thủ dài hàng trăm ki-lô-mét","question: Từ đêm 30 Tết Nguyên đán Kỷ Dậu (1789), quân Tây Sơn đã làm gì? answer: cho quân đóng cọc gỗ lớn ở cửa biển và những nơi xung yếu trên sông để chống giặc, xây dựng hệ thống phòng thủ dài hàng trăm ki-lô-mét",0.8007
100,RAG_Chunking,3,"question: Từ đêm 30 Tết Nguyên đán Kỷ Dậu (1789), quân Tây Sơn đã làm gì? answer: quân Tây Sơn lần lượt tiê answer: quân Tây Sơn lần lượt tiê answer: quân Tây Sơn lần lượt tiê answer: quân Tây Sơn lần lượt tiên đánh và hạ đồn Đống Đa","question: Từ đêm 30 Tết Nguyên đán Kỷ Dậu (1789), quân Tây Sơn đã làm gì? answer: quân Tây Sơn lần lượt tiên đánh và hạ đồn Đống Đa",0.624
100,RAG_Chunking,4,"question: Sau khi Hoa Kỳ thôn tính Thăng Long, quân Tây Sơn đã làm gì? answer: quân Tây Sơn đã làm gì? answer: quân Tây Sơn đã làm gì? answer: quân Tây Sơn đã làm gì? answer: quân Tây Sơn đã làm gì? answer: quân Tây Sơn đã làm gì? answer: quân Tây Sơn đã làm gì? answer: quân Tây Sơn đã làm gì? answer: quân Tây Sơn đã làm gì? answer: quân Tây Sơn đã làm gì? answer: quân Tây Sơn đã","question: Sau khi Hoa Kỳ thôn tính Thăng Long, quân Tây Sơn đã làm gì? answer: quân Tây Sơn lần lượt tiêu diệt các đồn luỹ của quân Thanh đóng ở phía nam Thăng Long",0.666
100,RAG_Chunking,5,"question: Hoa Kỳ tuyên bố biên giới của Texas kéo dài đến đâu? answer: Rio Grande, México tuyên bố rằng đó là sông Nueces","question: Hoa Kỳ tuyên bố biên giới của Texas kéo dài đến đâu? answer: Rio Grande, México tuyên bố rằng đó là sông Nueces",0.8568
100,RAG_Chunking,6,question: Quân México tiến công một đội kỵ binh tuần tra của Hoa Kỳ ở khu vực tranh chấp vào ngày nào? answer: ngày 13 tháng 1 năm 1846,question: Quân México tiến công một đội kỵ binh tuần tra của Hoa Kỳ ở khu vực tranh chấp vào ngày nào? answer: ngày 13 tháng 1 năm 1846,0.7326
100,RAG_Chunking,7,"question: Các trận đánh đầu tiên của cuộc chiến diễn ra trên đất Texas là gì? answer: bao vây Fort Texas, trận Palo Alto và trận Resaca de la Palma","question: Các trận đánh đầu tiên của cuộc chiến diễn ra trên đất Texas là gì? answer: bao vây Fort Texas, trận Palo Alto và trận Resaca de la Palma",0.8439
101,Chunking_Only,1,question: Mục đích của Roosevelt trong các cuộc bầu cử sơ bộ đảng Dân chủ năm 1938 là gì? answer: tìm cách thâu tóm đảng Dân chủ và dùng chiêu thức thuyết phục cử tri rằng họ độc lập để được tá túc,question: Mục đích của Roosevelt trong các cuộc bầu cử sơ bộ đảng Dân chủ năm 1938 là gì? answer: tìm cách thâu tóm đảng Dân chủ và dùng chiêu thức thuyết phục cử tri rằng họ độc lập để được tá túc,0.7721
101,RAG_Chunking,1,"question: Nguyên nhân dẫn tới thắng lợi của Cách mạng Tháng Tám là gì? answer: nước Việt Nam Dân chủ Cộng hòa ra đời nhưng bị thực dân Pháp và các thế lực thù địch trong và ngoài nước chống phá, xâm lược","question: Nguyên nhân dẫn tới thắng lợi của Cách mạng Tháng Tám là gì? answer: nước Việt Nam Dân chủ Cộng hòa ra đời nhưng bị thực dân Pháp và các thế lực thù địch trong và ngoài nước chống phá, xâm lược",0.7336
101,RAG_Chunking,2,question: Nguyên nhân dẫn tới thắng lợi của Cách mạng Tháng Tám năm 1945 là gì? answer: Sự lãnh đạo đúng đắn của Đảng Cộng sản Đông Dương đứng đầu là Chủ tịch Hồ Chí Minh,question: Nguyên nhân dẫn tới thắng lợi của Cách mạng Tháng Tám năm 1945 là gì? answer: Sự lãnh đạo đúng đắn của Đảng Cộng sản Đông Dương đứng đầu là Chủ tịch Hồ Chí Minh,0.941
101,RAG_Chunking,3,question: Vì sao Roosevelt tự dấn thân vào các cuộc bầu cử sơ bộ đảng Dân chủ năm 1938? answer: quyết tâm vượt qua sự chống đối của các đảng viên Dân chủ bảo thủ (đa số từ miền Nam Hoa Kỳ),question: Vì sao Roosevelt tự dấn thân vào các cuộc bầu cử sơ bộ đảng Dân chủ năm 1938? answer: quyết tâm vượt qua sự chống đối của các đảng viên Dân chủ bảo thủ (đa số từ miền Nam Hoa Kỳ),0.6871
101,RAG_Chunking,4,question: Những người mà ông nhắm mục tiêu triệt hạ đã tố cáo ông là gì? answer: tìm cách thâu tóm đảng Dân chủ và dùng chiêu thức thuyết phục cử tri rằng họ độc lập để được tái đắc cử,question: Những người mà ông nhắm mục tiêu triệt hạ đã tố cáo ông là gì? answer: tìm cách thâu tóm đảng Dân chủ và dùng chiêu thức thuyết phục cử tri rằng họ độc lập để được tái đắc cử,0.7416
101,RAG_Chunking,5,"question: Vì sao Roosevelt bị thất bại? answer: chỉ đánh gục được một mục tiêu, đó là một đảng viên Dân chủ bảo thủ từ Thành phố New York","question: Vì sao Roosevelt bị thất bại? answer: chỉ đánh gục được một mục tiêu, đó là một đảng viên Dân chủ bảo thủ từ Thành phố New York",0.9189
102,Chunking_Only,1,"question: Phong cách kiến trúc yurt được Chultem phân biệt như thế nào? answer: Chultem phân biệt ba kiểu kiến trúc truyền thống Mông Cổ: Mông Cổ, Tây Tạng và Trung Quốc và kiểu kết hợp","question: Phong cách kiến trúc yurt được Chultem phân biệt như thế nào? answer: Chultem phân biệt ba kiểu kiến trúc truyền thống Mông Cổ: Mông Cổ, Tây Tạng và Trung Quốc và kiểu kết hợp",0.7873
102,Chunking_Only,2,question: Đền bậc hai Tsogchin tại lama Gandan ở Ulan Bator là một ví dụ về điều gì? answer: là một sự tổng hợp truyền thống Mông Cổ và Trung Quốc,question: Đền bậc hai Tsogchin tại lama Gandan ở Ulan Bator là một ví dụ về điều gì? answer: là một sự tổng hợp truyền thống Mông Cổ và Trung Quốc,0.7781
102,Chunking_Only,3,question: Tu viện Dashi-Choiling đã làm gì? answer: bắt đầu motọ dự án xây dựng lại đền và 80 ft điêu khắc Maitreya,question: Tu viện Dashi-Choiling đã làm gì? answer: bắt đầu motọ dự án xây dựng lại đền và 80 ft điêu khắc Maitreya,0.8672
102,RAG_Chunking,1,"question: Những ngôi chùa nổi tiếng nào được xây dựng ở nhiều nơi? answer: chùa Một Cột, Sùng Thiện Diên Linh, chùa Trấn Quốc, chùa Phật Tích, chùa Thiên Mụ","question: Những ngôi chùa nổi tiếng nào được xây dựng ở nhiều nơi? answer: chùa Một Cột, Sùng Thiện Diên Linh, chùa Trấn Quốc, chùa Phật Tích, chùa Thiên Mụ",0.8088
102,RAG_Chunking,2,"question: Những công trình kiến trúc nổi tiếng của Ấn Độ là những công trình nào? answer: chùa Một Cột, Sùng Thiện Diên Linh, chùa Trấn Quốc, chùa Phật Tích, chùa Thiên Mụ","question: Những công trình kiến trúc nổi tiếng của Ấn Độ là những công trình nào? answer: chùa Một Cột, Sùng Thiện Diên Linh, chùa Trấn Quốc, chùa Phật Tích, chùa Thiên Mụ",0.7494
102,RAG_Chunking,3,"question: Những công trình kiến trúc nào tiêu biểu cho nghệ thuật thời trung đại? answer: lăng Ta-giơ Ma-han, Pháo đài Đỏ (La Ki-la), đền Kha-giu-ra-hô...","question: Những công trình kiến trúc nào tiêu biểu cho nghệ thuật thời trung đại? answer: lăng Ta-giơ Ma-han, Pháo đài Đỏ (La Ki-la), đền Kha-giu-ra-hô... [Dân cư] Cư dân Phù Nam có tư duy thẩm mĩ phát triển ở trình độ khá",0.7765
102,RAG_Chunking,4,"question: Ba vị thần được thờ phổ biến ở Phù Nam là? answer: Bra-ma, Vit-xnu, Si-va","question: Ba vị thần được thờ phổ biến ở Phù Nam là gì? answer: Bra-ma, Vit-xnu, Si-va",0.7158
102,RAG_Chunking,5,"question: Phong cách kiến trúc yurt được Chultem phân biệt như thế nào? answer: phân biệt ba kiểu kiến trúc truyền thống Mông Cổ: Mông Cổ, Tây Tạng và Trung Quốc và kiểu kết hợp","question: Phong cách kiến trúc yurt được Chultem phân biệt như thế nào? answer: phân biệt ba kiểu kiến trúc truyền thống Mông Cổ: Mông Cổ, Tây Tạng và Trung Quốc và kiểu kết hợp",0.7795
102,RAG_Chunking,6,question: Một ví dụ về kiến trúc Tây Tạng-Mô answer: Đền bậc hai Tsogchin tại lama Gandan ở Ulan Bator là một sự tổng hợp truyền thống Mông Cổ và Trung Quốc,question: Đền bậc hai Tsogchin tại lama Gandan ở Ulan Bator là một ví dụ về điều gì? answer: là một sự tổng hợp truyền thống Mông Cổ và Trung Quốc,0.7795
102,RAG_Chunking,7,question: Tu viện Dashi-Choiling đã làm gì vào năm 1938? answer: bắt đầu motọ dự án xây dựng lại đền và 80 ft điêu khắc Maitreya,question: Tu viện Dashi-Choiling đã làm gì vào năm 1938? answer: bắt đầu motọ dự án xây dựng lại đền và 80 ft điêu khắc Maitreya,0.7398
103,Chunking_Only,1,question: Vua Charles II được mời quay trở lại triều đình vào thời gian nào? answer: năm 1660,question: Vua Charles II được mời quay trở lại triều đình vào thời gian nào? answer: năm 1660,0.6559
103,Chunking_Only,2,"question: Vì sao Hiến pháp được đưa ra với quy định rằng Nhà vua và Nghị viện sẽ cùng cai trị? answer: Với việc thành lập Hội Hoàng gia, khoa học và nghệ thuật được khuyến khích phát triển","question: Vì sao Hiến pháp được đưa ra với quy định rằng Nhà vua và Nghị viện sẽ cùng cai trị? answer: Với việc thành lập Hội Hoàng gia, khoa học và nghệ thuật được khuyến khích phát triển",0.8431
103,RAG_Chunking,1,question: Vì sao các cuộc cách mạng tư sản lại khác nhau? answer: Do điều kiện lịch sử ở mỗi nước khác nhau nên mức độ thắng lợi của các cuộc cách mạng tư sản cũng khác nhau,question: Vì sao các cuộc cách mạng tư sản lại khác nhau? answer: Do điều kiện lịch sử ở mỗi nước khác nhau nên mức độ thắng lợi của các cuộc cách mạng tư sản cũng khác nhau,0.7415
103,RAG_Chunking,2,"question: Cách mạng tư sản Pháp đã lật đổ chế độ phong kiến, thiết lập chế độ cộng hòa vào năm nào? answer: năm 1625","question: Cách mạng tư sản Pháp đã lật đổ chế độ phong kiến, thiết lập chế độ cộng hòa vào năm nào? answer: năm 1625",0.8072
103,RAG_Chunking,3,"question: Nước Pháp duy trì chế độ quân chủ chuyên chế vào thời gian nào? answer: Đến cuối thế kỉ XVII, nước Pháp vẫn duy trì chế độ quân chủ chuyên chế, đứng đầu là vua Lu-i XVI","question: Nước Pháp duy trì chế độ quân chủ chuyên chế vào thời gian nào? answer: Đến cuối thế kỉ XVII, nước Pháp vẫn duy trì chế độ quân chủ chuyên chế, đứng đầu là vua Lu-i XVI",0.6204
103,RAG_Chunking,4,question: Chế độ quân chủ chuyên chế của nước Pháp được thể hiện qua sự kiện nào? answer: Cuộc cải cách của Lê Thánh Tông đã đưa tới sự xác lập của thể chế quân chủ chuyên chế trung ương tập quyền mang tính quan liêu theo đường lối pháp trị,question: Chế độ quân chủ chuyên chế của nước Pháp được thể hiện qua sự kiện nào? answer: Cuộc cải cách của Lê Thánh Tông đã đưa tới sự xác lập của thể chế quân chủ chuyên chế trung ương tập quyền mang tính quan liêu theo đường lối pháp trị,0.8383
103,RAG_Chunking,5,question: Vua Charles II được mời quay trở lại triều đình vào thời gian nào? answer: năm 1660,question: Vua Charles II được mời quay trở lại triều đình vào thời gian nào? answer: năm 1660,0.6412
103,RAG_Chunking,6,question: Chế độ quân chủ lập hiến được xác lập vào năm nào? answer: Năm 1688,question: Chế độ quân chủ lập hiến được xác lập vào năm nào? answer: Năm 1688,0.6485
104,Chunking_Only,1,question: Hệ quả của việc các hệ thống hóa học/kiến tạo làm cho muối bị trầm lắng là gì? answer: các hệ thống hóa học/kiến tạo làm cho muối bị trầm lắng,"question: Hệ quả của việc các hệ thống hóa học/kiến tạo làm cho muối bị trầm lắng là gì? answer: các hệ thống hóa học/kiến tạo làm cho muối bị trầm lắng, chẳng hạn các trầm lắng natri và clorua bao gồm các trầm tích evaporit và các phản ứng với bazan đáy biển",0.6509
104,Chunking_Only,2,question: Một giả thuyết khác cho rằng các mảng kiến tạo đã làm cho muối bị giam hãm phía dưới các khối đất của lục địa và ở đó nó một lần nữa lại được thấm lọc dần tới bề mặt. answer: một lần nữa lại được thấm lọc dần tới bề mặt,question: Một giả thuyết khác cho rằng các mảng kiến tạo đã làm cho muối bị giam hãm phía dưới các khối đất của lục địa và ở đó nó một lần nữa lại được thấm lọc dần tới bề mặt. Một giả thuyết khác cho rằng các mảng kiến tạo đã làm cho muối bị giam hãm phía dưới các khối đất của lục địa và ở đó nó một lần nữa lại được thấm lọc dần tới bề mặt. Một giả thuyết khác cho rằng các mảng kiến tạo đã làm cho muối bị giam hãm phía dưới các khối đất của lục địa và ở đó nó một lần nữa lại được thấm lọc dần tới bề mặt.,0.8684
104,RAG_Chunking,1,"question: Vì sao cư dân Phù Nam sớm có điều kiện giao thương? answer: Với vị trí địa lí tiếp giáp biển, có nhiều nơi thuận lợi cho việc tránh bão, neo đậu thuyền bè của các thương nhân","question: Vì sao cư dân Phù Nam sớm có điều kiện giao thương? answer: Với vị trí địa lí tiếp giáp biển, có nhiều nơi thuận lợi cho việc tránh bão, neo đậu thuyền bè của các thương nhân",0.6659
104,RAG_Chunking,2,"question: Vì sao cư dân Phù Nam sớm có điều kiện giao lưu và hội nhập với các nền văn hóa khác? answer: cho việc tránh bão, neo đậu thuyền bè của các thương nhân nên cư dân Phù Nam sớm có điều kiện giao lưu với nền văn minh của nhiều quốc gia khác, đặc biệt là nền văn minh Ấn Độ","question: Vì sao cư dân Phù Nam sớm có điều kiện giao lưu và hội nhập với các nền văn hóa khác? answer: cho việc tránh bão, neo đậu thuyền bè của các thương nhân nên cư dân Phù Nam sớm có điều kiện giao lưu với nền văn minh của nhiều quốc gia khác, đặc biệt là nền văn minh Ấn Độ",0.6727
104,RAG_Chunking,3,"question: Trong tiến trình lịch sử, Biển Đông có vai trò như thế nào đối với Việt Nam? answer: Biển Đông cũng là con đường giao thương giữa các khu vực trong bối cảnh nào? answer: Biển Đông cũng là con đường giao thương giữa các khu vực trong bối cảnh nào? answer: Biển Đông cũng là con đường giao thương giữa các khu vực trong bối cảnh nào? answer: Biển Đông cũng là con đường giao thương giữa các khu vực trong bối cảnh nào? answer: Biển Đông cũng là con đường giao thương giữa các khu vực trong bối cảnh nào","question: Trong tiến trình lịch sử, Biển Đông là con đường giao thương giữa các khu vực trong bối cảnh nào? answer: hội nhập và toàn cầu hoá",0.6922
104,RAG_Chunking,4,question: Biển Đông có vai trò như thế nào đối với Việt Nam? answer: Biển Đông cũng là con đường giao thương giữa các khu vực trong cả nước và giữa Việt Nam với thị trường khu vực và quốc tế,question: Biển Đông có vai trò như thế nào đối với Việt Nam? answer: Biển Đông cũng là con đường giao thương giữa các khu vực trong cả nước và giữa Việt Nam với thị trường khu vực và quốc tế,0.883
104,RAG_Chunking,5,question: Tại sao natri không còn được lọc ra từ đáy đại dương? answer: natri không còn được lọc ra từ đáy đại dương mà nó bị giữ lại trong các lớp trầm tích che phủ lên trên đáy đại dương,question: Tại sao muối không còn được lọc ra từ đáy đại dương? answer: natri không còn được lọc ra từ đáy đại dương mà nó bị giữ lại trong các lớp trầm tích che phủ lên trên đáy đại dương,0.8934
105,Chunking_Only,1,question: Đạo luật Tiêu chuẩn Lao động Công bằng được ra đời vào năm nào? answer: năm 1938,question: Đạo luật Tiêu chuẩn Lao động Công bằng được ra đời vào năm nào? answer: năm 1938,0.6476
105,Chunking_Only,2,question: Chương trình kích cầu cấp tiến được Roosevelt đưa ra với mục đích gì? answer: xin Quốc hội chi 5 tỷ đô la cho công chánh và giải cứu Cơ quan Quản trị Tiến trình Xây dựng Công chánh (WPA),question: Chương trình kích cầu cấp tiến được Roosevelt đưa ra với mục đích gì? answer: xin Quốc hội chi 5 tỷ đô la cho công chánh và giải cứu Cơ quan Quản trị Tiến trình Xây dựng Công chánh (WPA),0.7736
105,RAG_Chunking,1,"question: Nguyên nhân nào dẫn đến tình trạng một bộ phận nông dân thiếu ruộng đất canh tác? answer: nạn cường hào lộng hành và quan lại tham ô, nhũng nhiễu ngày càng nhức nhối, tình trạng coi thường pháp luật trở nên phổ biến","question: Nguyên nhân nào dẫn đến tình trạng một bộ phận nông dân thiếu ruộng đất canh tác? answer: Một bộ phận nông dân thiếu ruộng đất canh tác, nguồn thu của nhà nước bị ảnh hưởng. Trong xã hội, nạn cường hào lộng hành và quan lại tham ô, nhũng nhiễu ngày càng nhức nhối, tình trạng coi thường pháp luật trở nên phổ biến",0.774
105,RAG_Chunking,2,question: Chính sách trọng nông ức thương của một số triều đại phong kiến đã tác động như thế nào đến kinh tế hàng hoá? answer: tác động như thế nào đến kinh tế hàng hoá,"question: Chính sách trọng nông ức thương của một số triều đại phong kiến đã tác động như thế nào đến kinh tế hàng hoá? answer: góp phần làm nảy sinh tính thụ động, tư tưởng quân bình, thiếu năng động, sáng tạo",0.7878
105,RAG_Chunking,3,question: Nguyên nhân nào khiến đời sống tinh thần của cư dân vẫn còn nhiều yếu tố duy tâm? answer: những hạn chế về tri thức khoa học khiến đời sống tinh thần của cư dân vẫn còn nhiều yếu tố duy tâm,"question: Nguyên nhân nào khiến đời sống tinh thần của cư dân vẫn còn nhiều yếu tố duy tâm? answer: những hạn chế về tri thức khoa học khiến đời sống tinh thần của cư dân vẫn còn nhiều yếu tố duy tâm. Bên cạnh đó, những hạn chế về tri thức khoa học khiến đời sống tinh thần của cư dân vẫn còn nhiều yếu tố duy tâm. Bên cạnh đó, những hạn chế về tri thức khoa học khiến đời sống tinh thần của cư dân vẫn còn nhiều yếu tố duy tâm",0.6226
105,RAG_Chunking,4,question: Đạo luật Tiêu chuẩn Lao động Công bằng được ra đời vào năm nào? answer: năm 1938,question: Đạo luật Tiêu chuẩn Lao động Công bằng được ra đời vào năm nào? answer: năm 1938,0.6691
105,RAG_Chunking,5,"question: WPA đã làm gì vào năm 1938? answer: tạo ra đỉnh điểm 3,3 triệu việc làm do WPA quản lý","question: WPA đã làm gì vào năm 1938? answer: tạo ra đỉnh điểm 3,3 triệu việc làm do WPA quản lý",0.8506
106,Chunking_Only,1,"question: Điều kiện để trở thành tổng thống Mông Cổ là gì? answer: phải là một người sinh ra tại Mông Cổ, ít nhất 45 tuổi, và đã sống ở Mông Cổ trong năm năm trước khi nhậm chức","question: Điều kiện để trở thành tổng thống Mông Cổ là gì? answer: phải là một người sinh ra tại Mông Cổ, ít nhất 45 tuổi, và đã sống ở Mông Cổ trong năm năm trước khi nhậm chức",0.8124
106,Chunking_Only,2,question: Tsakhiagiin Elbegdorj là ai? answer: người từng hai lần làm thủ tướng và là một thành viên của Đảng Dân chủ được bầu lên làm tổng thống năm 2009 và tái cử vào năm 2013,question: Tsakhiagiin Elbegdorj là ai? answer: người từng hai lần làm thủ tướng và là một thành viên của Đảng Dân chủ được bầu lên làm tổng thống năm 2009 và tái cử vào năm 2013,0.7613
106,RAG_Chunking,1,"question: Trong quá trình làm vua, Minh Mạng thể hiện điều gì? answer: thể hiện là người có năng lực, đa tài, quyết đoán","question: Trong quá trình làm vua, Minh Mạng thể hiện điều gì? answer: thể hiện là người có năng lực, đa tài, quyết đoán",0.6808
106,RAG_Chunking,2,"question: Các việc hộ tịch, tiền thóc, ngục tụng đều làm chung thành số sách của một lộ, đến cuối năm báo lên sảnh để làm bằng cứ mà khảo xét..... (Ngô Sĩ Liên và các sử thần triều Hậu Lê, Đại Việt sử ký toàn thư, Tập 2, NXB Khoa học xã hội, tr.192). (Ngô Sĩ Liên và các sử thần triều Hậu Lê, Đại Việt sử ký toàn thư, Tập 2, NXB Khoa học xã hội, tr.192). (Ngô Sĩ Liên và các sử thần triều Hậu Lê, Đại","question: Các việc hộ tịch, tiền thóc, ngục tụng đều làm chung thành số sách của một lộ, đến cuối năm báo lên sảnh để làm bằng cứ mà khảo xét..... (Ngô Sĩ Liên và các sử thần triều Hậu Lê, Đại Việt sử ký toàn thư, Tập 2, NXB Khoa học xã hội, tr.192). (Ngô Sĩ Liên và các sử thần triều Hậu Lê, Đại Việt sử ký toàn thư, Tập 2, NXB Khoa học xã hội, tr.192). (Ngô Sĩ Liên và các sử thần triều Hậu Lê, Đại",0.8585
106,RAG_Chunking,3,"question: Điều gì đã xảy ra sau khi Thượng hoàng Trần Minh Tông qua đời? answer: triều Trần nhanh chóng khủng hoảng, suy yếu","question: Điều gì đã xảy ra sau khi Thượng hoàng Trần Minh Tông qua đời? answer: triều Trần nhanh chóng khủng hoảng, suy yếu",0.8351
106,RAG_Chunking,4,"question: Điều kiện để trở thành tổng thống Mông Cổ là gì? answer: phải là một người sinh ra tại Mông Cổ, ít nhất 45 tuổi, và đã sống ở Mông Cổ trong năm năm trước khi nà","question: Điều kiện để trở thành tổng thống Mông Cổ là gì? answer: phải là một người sinh ra tại Mông Cổ, ít nhất 45 tuổi, và đã sống ở Mông Cổ trong năm năm trước khi nà",0.7878
106,RAG_Chunking,5,question: Tsakhiagiin Elbegdorj là ai? answer: người từng hai lần làm thủ tướng và là một thành viên của Đảng Dân chủ được bầu lên làm tổng thống năm 2009 và tái cử vào năm 2013,question: Tsakhiagiin Elbegdorj là ai? answer: người từng hai lần làm thủ tướng và là một thành viên của Đảng Dân chủ được bầu lên làm tổng thống năm 2009 và tái cử vào năm 2013,0.7168
107,Chunking_Only,1,"question: Gandhi là một người như thế nào vào thời điểm này? answer: trầm tính, khiêm cung không chú tâm về chính trị","question: Gandhi là một người như thế nào vào thời điểm này? answer: trầm tính, khiêm cung không chú tâm về chính trị",0.7283
107,Chunking_Only,2,question: Gandhi đã làm gì sau khi từ chối chuyển từ toa xe hạng nhất đến toa hạng ba? answer: ông bị vất ra khỏi xe lửa tại Pietermaritzburg sau khi từ chối chuyển từ toa xe hạng nhất đến toa hạng ba,"question: Sau khi từ chối chuyển từ toa xe hạng nhất đến toa hạng ba, Gandhi đã làm gì? answer: ông bị vất ra khỏi xe lửa tại Pietermaritzburg sau khi từ chối chuyển từ toa xe hạng nhất đến toa hạng ba",0.7446
107,Chunking_Only,3,question: Vì sao Gandhi bị người lái xe đánh? answer: từ khước nhường chỗ cho một du khách châu Âu,question: Vì sao Gandhi bị người lái xe đánh? answer: từ khước nhường chỗ cho một du khách châu Âu,0.64
107,Chunking_Only,4,"question: Gandhi bắt đầu thám vấn địa vị trong xã hội của những người đồng hương và của chính mình thông qua điều gì? answer: qua sự chứng kiến tận mắt chế độ kì thị chủng tộc, thành kiến và bất công","question: Gandhi bắt đầu thám vấn địa vị trong xã hội của những người đồng hương và của chính mình thông qua điều gì? answer: qua sự chứng kiến tận mắt chế độ kì thị chủng tộc, thành kiến và bất công",0.7469
107,RAG_Chunking,1,"question: Nêu được nội dung chính của các cuộc khởi nghĩa tiêu biểu trong thời kì Bắc thuộc? answer: Nêu được bối cảnh lịch sử, trình bày được diễn biến chính và nêu được ý nghĩa của khởi nghĩa Lam Sơn","question: Nêu được nội dung chính của các cuộc khởi nghĩa tiêu biểu trong thời kì Bắc thuộc? answer: Nêu được bối cảnh lịch sử, trình bày được diễn biến chính và nêu được ý nghĩa của khởi nghĩa Lam Sơn",0.8931
107,RAG_Chunking,2,question: Những bài học lịch sử chính của các cuộc khởi nghĩa và chiến tranh giải phóng trong lịch sử Việt Nam là gì? answer: Answer: những bài học lịch sử chính của các cuộc khởi nghĩa và chiến tranh giải phóng trong lịch sử Việt Nam,question: Những bài học lịch sử chính của các cuộc khởi nghĩa và chiến tranh giải phóng trong lịch sử Việt Nam là gì? answer: những bài học lịch sử chính của các cuộc khởi nghĩa và chiến tranh giải phóng trong lịch sử Việt Nam,0.7667
107,RAG_Chunking,3,"question: Các cuộc kháng chiến không thành công của Trưng bùng nổ năm 40? answer: ... Nướng dân đen trên ngọn lửa hung tàn, Vùi con đỏ xuống dưới hầm tai vạ. Dối trời lừa dây","question: Các cuộc kháng chiến không thành công của Trưng bùng nổ năm 40? answer: ... Nướng dân đen trên ngọn lửa hung tàn, Vùi con đỏ xuống dưới hầm tai vạ. Dối trời lừa dây",0.7553
107,RAG_Chunking,4,"question: Gandhi là một người như thế nào? answer: trầm tính, khiêm cung không chú tâm về chính trị","question: Gandhi là một người như thế nào? answer: trầm tính, khiêm cung không chú tâm về chính trị",0.6006
107,RAG_Chunking,5,"question: Answer: bị vất ra khỏi xe lửa tại Pietermaritzburg sau khi từ chối chuyển từ toa xe hạng nhất đến toa hạng ba, vốn thường được những người da màu sử dụng dù đã mua vé hạng ba","question: Sau khi từ chối chuyển từ toa xe hạng nhất đến toa hạng ba, ông đã bị gì? answer: bị vất ra khỏi xe lửa tại Pietermaritzburg sau khi từ chối chuyển từ toa xe hạng nhất đến toa hạng ba, vốn thường được những người da màu sử dụng dù đã mua vé hạng  ba",0.7577
107,RAG_Chunking,6,question: Vì sao Gandhi bị người lái xe đánh? answer: từ khước nhường chỗ cho một du khách châu Âu,question: Vì sao Gandhi bị người lái xe đánh? answer: từ khước nhường chỗ cho một du khách châu Âu,0.7219
107,RAG_Chunking,7,question: Gandhi bắt đầu thám vấn điều gì? answer: địa vị trong xã hội của những người đồng hương và của chính mình,"question: Chính trong thời gian tại Nam Phi, qua sự chứng kiến tận mắt chế độ kì thị chủng tộc, thành kiến và bất công, Gandhi bắt đầu thám vấn điều gì? answer: địa vị trong xã hội của những người đồng hương và của chính mình",0.8578
108,Chunking_Only,1,question: Đạo luật Hiến pháp 1867 là gì? answer: khẳng định sự cai trị dựa trên tiền lệ nghị viện và phân chia quyền lực giữa các chính phủ liên bang và cấp tỉnh,question: Đạo luật Hiến pháp 1867 là gì? answer: khẳng định sự cai trị dựa trên tiền lệ nghị viện và phân chia quyền lực giữa các chính phủ liên bang và cấp tỉnh,0.7015
108,Chunking_Only,2,"question: Hiến chương đã kết thúc toàn bộ liên kết lập pháp giữa Canada với Anh Quốc như thế nào? answer: kết thúc toàn bộ liên kết lập pháp giữa Canada với Anh Quốc như thế nào? answer: kết thúc toàn bộ liên kết lập pháp giữa Canada với Anh Quốc như thế nào? answer: kết thúc toàn bộ liên kết lập pháp giữa Canada với Anh Quốc như thế nào? answer: kết thúc toàn bộ liên kết lập pháp giữa Canada với Anh Quốc, cũng như thêm một thể thức tu chính hiến pháp và Hiến chương Canada về Quyền lợi và Tự do","question: Hiến chương đã kết thúc toàn bộ liên kết lập pháp giữa Canada với Anh Quốc như thế nào? answer: kết thúc toàn bộ liên kết lập pháp giữa Canada với Anh Quốc, cũng như thêm một thể thức tu chính hiến pháp và Hiến chương Canada về Quyền lợi và Tự do",0.738
108,Chunking_Only,3,question: Answer: phủ nào-tuy thế một điều khoản nhưng cho phép nghị liên bang và các cơ quan lập pháp cấp tỉnh được phủ quyết một số điều khoản nhất định của Hiến chương trong một giai đoạn 5 năm,question: Nghị liên bang và các cơ quan lập pháp cấp tỉnh được quyền làm gì? answer: phủ quyết một số điều khoản nhất định của Hiến chương trong một giai đoạn 5 năm,0.8421
108,RAG_Chunking,1,"question: Ban sách Hình thư được làm như thế nào? answer: làm chung thành số sách của một lộ, đến cuối năm báo lên sảnh để làm bằng cứ mà khảo xét....","question: Ban sách Hình thư được làm như thế nào? answer: làm chung thành số sách của một lộ, đến cuối năm báo lên sảnh để làm bằng cứ mà khảo xét..... (Ngô Sĩ Liên và các sử thần triều Hậu Lê, Đại Việt sử ký toàn thư, Tập 2, NXB Khoa học xã hội, tr.192) [Dân cư] Nhâm Ngọ, năm thứ tư [1042]... Ban sách Hình thư",0.7949
108,RAG_Chunking,2,"question: Ngô Sĩ Liên và các sử thần triều Hậu Lê đã làm gì? answer: sai Trung thư sửa định luật lệ, châm chước cho thích dụng với thời bấy giờ, chia ra môn loại, biên ra điều khoản, làm sách Hình luật của mỗi triều đại, để cho người xem dễ hiểu","question: Ngô Sĩ Liên và các sử thần triều Hậu Lê đã làm gì? answer: sai Trung thư sửa định luật lệ, châm chước cho thích dụng với thời bấy giờ, chia ra môn loại, biên ra điều khoản, làm sách Hình luật của mỗi triều đại, để cho người xem dễ hiểu",0.712
108,RAG_Chunking,3,question: Hiến pháp Canada là gì? answer: pháp luật tối cao của quốc gia,question: Hiến pháp Canada là gì? answer: pháp luật tối cao của quốc gia,0.6073
108,RAG_Chunking,4,question: Đạo luật Hiến pháp 1867 là gì? answer: khẳng định sự cai trị dựa trên tiền lệ nghị viện và phân chia quyền lực giữa các chính phủ liên bang và cấp tỉnh,question: Đạo luật Hiến pháp 1867 là gì? answer: khẳng định sự cai trị dựa trên tiền lệ nghị viện và phân chia quyền lực giữa các chính phủ liên bang và cấp tỉnh,0.686
108,RAG_Chunking,5,question: Điều khoản nào cho phép nghị liên bang và các cơ quan lập pháp cấp tỉnh được phủ quyết một số điều khoản nhất định của Hiến chương trong một thời gian 5 năm? answer: cho phép nghị liên bang và các cơ quan lập pháp cấp tỉnh được phủ quyết một số điều khoản nhất định của Hiến chương trong một thời gian 5 năm? answer: cho phép nghị liên bang và các cơ quan lập pháp cấp tỉnh được phủ quyết một số điều khoản nhất định của Hiến chương trong một thời gian 5 năm? answer: cho phép nghị liên bang và các cơ quan lập pháp cấp,question: Điều khoản nào cho phép nghị liên bang và các cơ quan lập pháp cấp tỉnh được phủ quyết một số điều khoản nhất định của Hiến chương trong một thời gian 5 năm? answer: cho phép nghị liên bang và các cơ quan lập pháp cấp tỉnh được phủ quyết một số điều khoản nhất định của Hiến chương trong một giai đoạn 5 năm,0.8278
109,Chunking_Only,1,question: Việc sáp nhập Kuwait được miêu tả như thế nào? answer: một bước trên con đường tiến tới một Liên hiệp Ả Rập rộng lớn hơn,question: Việc sáp nhập Kuwait được miêu tả như thế nào? answer: một bước trên con đường tiến tới một Liên hiệp Ả Rập rộng lớn hơn,0.7997
109,Chunking_Only,2,question: Hussein đã làm gì để khôi phục Đế chế Babylon? answer: Hussein coi đó là một cách để khôi phục Đế chế Babylon theo cách khoa trương của những người Ả Rập theo chủ nghĩa quốc gia,question: Hussein đã làm gì để khôi phục Đế chế Babylon? answer: Hussein coi đó là một cách để khôi phục Đế chế Babylon theo cách khoa trương của những người Ả Rập theo chủ nghĩa quốc gia,0.7529
109,Chunking_Only,3,question: Saddam xuất hiện với vai trò gì? answer: một chính khách Ả Rập đứng lên chống lại Israel và Hoa Kỳ,question: Saddam xuất hiện với vai trò gì? answer: một chính khách Ả Rập đứng lên chống lại Israel và Hoa Kỳ,0.8309
109,RAG_Chunking,1,question: Những mâu thuẫn và biến động trong nội bộ triều đình Lê sơ là gì? answer: tình trạng phe cánh trong triều và sự lộng quyền của một bộ phận công thần,question: Do đâu mà nội bộ triều đình Lê sơ có nhiều mâu thuẫn và biến động? answer: tình trạng phe cánh trong triều và sự lộng quyền của một bộ phận công thần,0.7011
109,RAG_Chunking,2,"question: Cách mạng tư sản Anh đã lật đổ chế độ quân chủ chuyên chế, thiết lập chế độ quân chủ lập hiến bằng cách nào? answer: lật đổ chế độ quân chủ chuyên chế, thiết lập chế độ quân chủ lập hiến",question: Chiến tranh giành độc lập của 13 thuộc địa Anh ở Bắc Mỹ đã lật đổ sự thống trị của ai? answer: thực dân Anh,0.6724
109,RAG_Chunking,3,"question: Cách mạng tư sản Pháp đã lật đổ chế độ nào? answer: phong kiến, thiết lập chế độ cộng hoà","question: Cách mạng tư sản Pháp đã lật đổ chế độ nào? answer: phong kiến, thiết lập chế độ cộng hoà",0.736
109,RAG_Chunking,4,question: Ai là chủ nhân của nền văn minh Ai Cập cổ đại? answer: chủ nghĩa quốc gia Ả Rập,question: Ai là chủ nhân của nền văn minh Ai Cập cổ đại? answer: chủ nghĩa quốc gia Ả Rập,0.7267
109,RAG_Chunking,5,question: Việc sáp nhập Kuwait được miêu tả như thế nào? answer: được miêu tả như là một bước trên con đường tiến tới một Liên hiệp Ả Rập rộng lớn hơn? answer: được miêu tả như là một bước trên con đường tiến tới một Liên hiệp Ả Rập rộng lớn hơn? answer: được miêu tả như là một bước trên con đường tiến tới một Liên hiệp Ả Rập rộng lớn hơn? answer: được miêu tả như là một bước trên con đường tiến tới một Liên hiệp Ả Rập rộng lớn hơn,question: Việc sáp nhập Kuwait được miêu tả như là một bước trên con đường tiến tới một Liên hiệp Ả Rập rộng lớn hơn? answer: được miêu tả như là một bước trên con đường tiến tới một Liên hiệp Ả Rập rộng lớn hơn,0.834
109,RAG_Chunking,6,question: Saddam xuất hiện với vai trò gì? answer: một chính khách Ả Rập đứng lên chống lại Iifada lần thứ nhất,question: Saddam xuất hiện với vai trò gì? answer: một chính khách Ả Rập đứng lên chống lại Iifada lần thứ nhất,0.7575
109,RAG_Chunking,7,question: Vì sao Saddam xuất hiện với vai trò là một chính khách Ả Rập đứng lên chống lại Israel và Hoa Kỳ? answer: Saddam xuất hiện với vai trò là một chính khách Ả Rập đứng lên chống lại Israel và Hoa Kỳ,question: Vì sao Saddam xuất hiện với vai trò là một chính khách Ả Rập đứng lên chống lại Israel và Hoa Kỳ? answer: Saddam xuất hiện với vai trò là một chính khách Ả Rập đứng lên chống lại Israel và Hoa Kỳ,0.8571
110,Chunking_Only,1,question: Đế quốc La Mã Thần Thánh còn được gọi là gì? answer: Thánh chế La Mã,"question: Đế quốc La Mã Thần Thánh là gì? answer: là một phức hợp lãnh thổ rộng lớn đa sắc tộc, mà chủ yếu là người Đức",0.7901
110,Chunking_Only,2,"question: Tên của đế quốc bắt nguồn từ điều gì? answer: yêu sách của các Hoàng đế La Mã Đức vào thời Trung cổ, muốn tiếp tục truyền thống của đế chế La Mã cổ và hợp pháp hóa quyền cai trị như là thánh ý của Thiên Chúa","question: Tên của đế quốc bắt nguồn từ điều gì? answer: yêu sách của các Hoàng đế La Mã Đức vào thời Trung cổ, muốn tiếp tục truyền thống của đế chế La Mã cổ và hợp pháp hóa quyền cai trị như là thánh ý của Thiên Chúa",0.8502
110,RAG_Chunking,1,"question: Giai cấp tư sản muốn phục hồi lại một số nội dung của văn minh Hy Lạp và La Mã, tiếp tục phát triển lên một nền văn minh mới là điều gì? answer: phục hồi lại một số nội dung của văn minh Hy Lạp và La Mã, tiếp tục phát triển lên một nền văn minh mới","question: Giai cấp tư sản muốn phục hồi lại một số nội dung của văn minh Hy Lạp và La Mã, tiếp tục phát triển lên một nền văn minh mới là điều gì? answer: giai cấp tư sản muốn phục hồi lại một số nội dung của văn minh Hy Lạp và La Mã, tiếp tục phát triển lên một nền văn minh mới",0.7371
110,RAG_Chunking,2,"question: Chủ nô là những người như thế nào? answer: chủ nô là tầng lớp có thế lực về chính trị và kinh tế gồm các chủ xưởng, chủ trang trại, chủ thuyền buôn và sở hữu nhiều nô lệ","question: Chủ nô là những người như thế nào? answer: chủ nô là tầng lớp có thế lực về chính trị và kinh tế gồm các chủ xưởng, chủ trang trại, chủ thuyền buôn và sở hữu nhiều nô lệ",0.8876
110,RAG_Chunking,3,"question: Đế quốc La Mã Thần Thánh còn được gọi là gì? answer: Thánh chế La Mã, là một phức hợp lãnh thổ rộng lớn đa sắc tộc, mà chủ yếu là người Đức, tồn tại từ cuối thời sơ La Mã, là một phức hợp lãnh thổ rộng lớn đa sắc tộc, mà chủ nô là người Đức, tồn tại từ cuối thời sơ La Mã, là một phức hợp lãnh thổ rộng lớn đa sắc tộc, mà chủ nô là người Đức, tồn tại từ cuối thời sơ La Mã, là một phức hợp lãnh thổ rộng lớn đa sắc tộc, mà chủ nô là người Đức","question: Đế quốc La Mã Thần Thánh còn được gọi là gì? answer: Thánh chế La Mã, là một phức hợp lãnh thổ rộng lớn đa sắc tộc, mà chủ yếu là người Đức, tồn tại từ cuối thời sơ  La Mã, là một phức hợp lãnh thổ rộng lớn đa sắc tộc, mà chủ yếu là người Đức, tồn tại từ cuối thời sơ  La Mã, là một phức hợp lãnh thổ rộng lớn đa sắc tộc, mà chủ yếu là người Đức, tồn tại từ cuối thời sơ  La Mã, là một phức hợp lãnh thổ rộng lớn đa sắc tộc,",0.7444
110,RAG_Chunking,4,"question: Lãnh thổ chủ yếu của Đế quốc gồm những quốc gia nào? answer: Vương quốc Đức, Vương quốc Bohemia, Vương quốc Burgundy, Vương quốc Ý và nhiều lãnh thổ, công quốc, thành phố đế quốc tự do lớn nhỏ khác","question: Lãnh thổ chủ yếu của Đế quốc gồm những quốc gia nào? answer: Vương quốc Đức, Vương quốc Bohemia, Vương quốc Burgundy, Vương quốc Ý và nhiều lãnh thổ, công quốc, thành phố đế quốc tự do lớn nhỏ khác",0.8037
111,Chunking_Only,1,question: Tại sao sự thiếu nước ngọt đã trở thành vấn đề nghiêm trọng ở Hồng Kông? answer: do dân số của thuộc địa này của Anh (thời điểm đó) tăng lên,question: Vì sao sự thiếu nước ngọt đã trở thành vấn đề nghiêm trọng ở Hồng Kông? answer: dân số của thuộc địa này của Anh (thời điểm đó) tăng lên,0.7876
111,RAG_Chunking,1,"question: Năm 1405, nhà Hồ cho quân đóng cọc gỗ lớn ở đâu? answer: cửa biển và những nơi xung yếu trên sông","question: Năm 1405, nhà Hồ cho quân đóng cọc gỗ lớn ở đâu? answer: cửa biển và những nơi xung yếu trên sông",0.7809
111,RAG_Chunking,2,question: Từ khi nào thì việc sử dụng máy hơi nước đã trở nên phổ biến ở Anh? answer: Đến đầu thế kỉ XIX,question: Từ khi nào thì việc sử dụng máy hơi nước đã trở nên phổ biến ở Anh? answer: Đến đầu thế kỉ XIX,0.7527
112,Chunking_Only,1,question: Gandhi đã tổ chức một nhóm tình nguyện cứu thương gồm bao nhiêu người? answer: 300 người Ấn Độ và 800 người làm mướn,question: Gandhi đã tổ chức một nhóm tình nguyện cứu thương gồm bao nhiêu người? answer: 300 người Ấn Độ và 800 người làm mướn,0.7177
112,Chunking_Only,2,"question: Tại một cuộc biểu tình lớn được tổ chức tại Johannesburg vào tháng 9 năm 1906, Gandhi đã làm gì? answer: Gandhi lần đầu áp dụng nguyên tắc Chấp trì chân lý và đấu tranh bất bạo lực, khuyên các người đồng hương phản bác luật mới và chịu đựng hình phạt để thực hiện việc này thay vì phản kháng bằng phương tiện answer: khuyên các người đồng hương phản bác luật mới và chịu đựng hình phạt để thực hiện việc này thay vì phản kháng bằng phương tiện answer: khuyên các người đồng hương phản bác luật mới và chịu đựng hình phạt để thực","question: Tại Johannesburg vào tháng 9 năm 1906, chính quyền Transvaal đã công bố điều gì? answer: một pháp án mới, bắt người Ấn Độ của thuộc địa phải ký chứng",0.7395
112,Chunking_Only,3,"question: Gandhi bị đánh đập như thế nào? answer: đánh đập, thậm chí bị bắn vì đình công, từ chối không ký chứng, đốt giấy ký chứng hoặc tham gia những cuộc kháng cự bất bạo động khác","question: Gandhi bị đánh đập như thế nào? answer: đánh đập, thậm chí bị bắn vì đình công, từ chối không ký chứng, đốt giấy ký chứng hoặc tham gia những cuộc kháng cự bất bạo động khác",0.6718
112,Chunking_Only,4,question: Những người phản đối yên lặng hòa bình đã làm gì trước những phương pháp tàn bạo được áp dụng bởi chính quyền Nam Phi? answer: đã làm gì trước những phương pháp tàn bạo được áp dụng bởi chính quyền Nam Phi cho những người phản đối yên lặng hòa bình này cuối cùng đã buộc tướng Jan Christian Smuts luận bàn một phương án thoả hiệp với Gandhi,question: Những người phản đối yên lặng hòa bình đã làm gì trước những phương pháp tàn bạo được áp dụng bởi chính quyền Nam Phi? answer: tiếng thét gào của công chúng trước những phương pháp tàn bạo được áp dụng bởi chính quyền Nam Phi cho những người phản đối yên lặng hòa bình này cuối cùng đã buộc tướng Jan Christian Smuts luận bàn một phương án thoả hiệp với Gandhi,0.8564
112,RAG_Chunking,1,question: Vào khoảng thời gian nào thì Phùng Hưng cùng em trai khởi nghĩa? answer: khoảng những năm 766 - 780,question: Vào khoảng thời gian nào thì Phùng Hưng cùng em trai khởi nghĩa? answer: khoảng những năm 766 - 780,0.6802
112,RAG_Chunking,2,question: Vì sao Phùng An phải ra hàng? answer: Vì sao Phùng An phải ra hàng? answer: Vì sao Phùng An phải ra hàng? answer: Vì sao Phùng An phải ra hàng? answer: Vì sao Phùng An phải ra hàng? answer: Vì sao Phùng An phải ra hàng? answer: Vì sao Phùng An phải ra hàng? answer: Vì sao Phùng An phải ra hàng? answer: Vì sao Phùng An phải ra hàng? answer: Vì sao Phùng An phải ra hàng? answer: Vì sao Phùng,"question: Vì sao Phùng An phải ra hàng? answer: Bại nhân nghĩa nát cả đất trời, Nặng thuế khoá sạch không đâm núi",0.6128
112,RAG_Chunking,3,question: Cuộc khởi nghĩa Hai Bà Trưng bùng nổ vào thời gian nào? answer: năm 40,question: Cuộc khởi nghĩa Hai Bà Trưng bùng nổ vào thời gian nào? answer: năm 40,0.767
112,RAG_Chunking,4,"question: Chính quyền Transvaal đã có quyết định gì vào năm 1906? answer: công bố một pháp án mới, bắt người Ấn Độ của thuộc địa phải ký chứng","question: Chính quyền Transvaal đã có quyết định gì vào năm 1906? answer: công bố một pháp án mới, bắt người Ấn Độ của thuộc địa phải ký chứng",0.6015
112,RAG_Chunking,5,question: Những người phản đối yên lặng hòa bình đã phản ứng như thế nào trước những phương pháp tàn bạo được áp dụng bởi chính quyền Nam Phi? answer: phản ứng như thế nào trước những phương pháp tàn bạo được áp dụng bởi chính quyền Nam Phi,"question: Những người phản đối yên lặng hòa bình đã có phản ứng như thế nào trước những phương pháp tàn bạo được áp dụng bởi chính quyền Nam Phi? answer: hản đối, tiếng thét gào của công chúng trước những phương pháp tàn bạo được áp dụng bởi chính quyền Nam Phi cho những người phản đối yên lặng hòa bình này cuối cùng đã buộc tướng Jan Christian Smuts luận bàn một phương án thoả hiệp với Gandhi",0.8808
113,Chunking_Only,1,"question: Những khối núi từ thời Đại cổ sinh như khối núi nào? answer: khối núi Vosges, khối núi Massif centre, khối núi Massif centre, khối núi Massif centre, khối núi Massif centre, khối núi Massif centre, khối núi Massif centre, khối núi Massif centre, khối núi Massif centre, khối núi Massif centre, khối núi Massif centre, khối núi Massif centre, khối núi Massif centre, khối núi Massif centre, khối núi Massif centre, khối núi Massif","question: Bồn Paris là một bồn thềm lục địa trên những khối núi nào? answer: những khối núi từ thời Đại cổ sinh như khối núi Vosges, khối núi Massif centre, khối núi Massif centre, khối núi Massif centre, khối núi Massif centre, khối núi Massif centre, khối núi Massif centre, khối núi Massif centre, khối núi Massif centre, khối núi Massif centre, khối núi Massif centre, khối núi Massif centre, khối núi Massif centre, khối núi Massif centre, khối",0.6469
113,RAG_Chunking,1,question: Khu vực Nam Âu có những bán đảo nào? answer: bán đảo Ban-căng và bán đảo I-ta-li-a,question: Khu vực Nam Âu có những bán đảo nào? answer: bán đảo Ban-căng và bán đảo I-ta-li-a,0.7339
113,RAG_Chunking,2,"question: Đất đai ở những nơi này trở nên màu mỡ, nông nghiệp có điều kiện phát triển dẫn đến sự xuất hiện sớm của nhà nước là do đâu? answer: nhờ sự bồi đắp phù sa của những dòng sông đó nên đất đai ở những nơi này trở nên màu mỡ, nông nghiệp có điều kiện phát triển, dẫn đến sự xuất hiện sớm của nhà nước","question: Đất đai ở những nơi này trở nên màu mỡ, nông nghiệp có điều kiện phát triển dẫn đến sự xuất hiện sớm của nhà nước là do đâu? answer: nhờ sự bồi đắp phù sa của những dòng sông đó nên đất đai ở những nơi này trở nên màu mỡ, nông nghiệp có điều kiện phát triển, dẫn đến sự xuất hiện sớm của nhà nước",0.6903
113,RAG_Chunking,3,"question: Nền văn minh Ai Cập cổ đại được hình thành ở đâu? answer: bên dòng sông Nin với những điều kiện thuận lợi về tự nhiên, kinh tế, chính trị, xã hội và dân cư","question: Nền văn minh Ai Cập cổ đại được hình thành ở đâu? answer: bên dòng sông Nin với những điều kiện thuận lợi về tự nhiên, kinh tế, chính trị, xã hội và dân cư",0.8785
113,RAG_Chunking,4,"question: Một trong những nơi đầu tiên trở thành đối tượng của việc xây dựng bản đồ địa chất là gì? answer: một trong những nơi đầu tiên trở thành đối tượng của việc xây dựng bản đồ địa chất và cho phép tạo ra nhiều lý thuyết về địa chất, như cổ sinh vật học và giải phẫu so sánh của Georges Cuvier","question: Một trong những nơi đầu tiên trở thành đối tượng của việc xây dựng bản đồ địa chất là gì? answer: một trong những nơi đầu tiên trở thành đối tượng của việc xây dựng bản đồ địa chất và cho phép tạo ra nhiều lý thuyết về địa chất, như cổ sinh vật học và giải phẫu so sánh của Georges Cuvier",0.7174
113,RAG_Chunking,5,question: Khi nào thì bồn Paris trở thành lục địa? answer: Cuối thế Oligocen,question: Khi nào thì bồn Paris trở thành lục địa? answer: Cuối thế Oligocen,0.7044
114,Chunking_Only,1,question: Người Ossetia bị đẩy khỏi quê hương và phải di cư về đâu? answer: phía nam sông Đông tại vùng ngày nay thuộc nước Nga và một phần phải di cư về phía vùng đồi núi Kavkaz,question: Người Ossetia bị đẩy khỏi quê hương và phải di cư về đâu? answer: phía nam sông Đông tại vùng ngày nay thuộc nước Nga và một phần phải di cư về phía vùng đồi núi Kavkaz,0.7015
114,Chunking_Only,2,"question: Tuallg ngày nay trở thành gì? answer: Nam Ossetia, một phần của công quốc lịch sử Samachablo thuộc Gruzia nơi người Ossetia lánh lạn trước quân xâm lược Mông Cổ","question: Tuallg ngày nay trở thành gì? answer: Nam Ossetia, một phần của công quốc lịch sử Samachablo thuộc Gruzia nơi người Ossetia lánh lạn trước quân xâm lược Mông Cổ",0.7343
114,RAG_Chunking,1,question: Cuộc viễn chinh về phía đông của A-lếch-xăng-đờ-rốt Đại đế có ý nghĩa như thế nào? answer: thúc đẩy mạnh mẽ sự giao lưu văn hoá giữa Hy Lạp và phương Đông,question: Cuộc viễn chinh về phía đông của A-lếch-xăng-đờ-rốt Đại đế có ý nghĩa như thế nào? answer: thúc đẩy mạnh mẽ sự giao lưu văn hoá giữa Hy Lạp và phương Đông,0.8307
114,RAG_Chunking,2,"question: Vào năm 45 TCN, Xê-da đã mời các nhà toán học và thiên văn học Ai Cập đến để cải cách lịch? answer: Xê-da đã mời các nhà toán học và thiên văn học Ai Cập đến Rô-ma để cải cách lịch","question: Vào năm 45 TCN, Xê-da đã mời các nhà toán học và thiên văn học Ai Cập đến để cải cách lịch? answer: Xê-da đã mời các nhà toán học và thiên văn học Ai Cập đến Rô-ma để cải cách lịch",0.7255
114,RAG_Chunking,3,"question: Vì sao đất đai ở những nơi này trở nên màu mỡ? answer: Chính nhờ sự bồi đắp phù sa của những dòng sông đó nên đất đai ở những nơi này trở nên màu mỡ, nông nghiệp có điều kiện phát triển, dẫn đến sự xuất hiện sớm của nhà nước","question: Lịch sử Ai Cập gắn liền với dòng sông Nin là gì? answer: Hệ thống sông Nin tạo nên đồng bằng phù sa màu mỡ, kinh tế nông nghiệp có điều kiện phát triển, dẫn đến sự xuất hiện sớm của nhà nước",0.8098
114,RAG_Chunking,4,question: Người Ossetia sinh sống ở đâu? answer: phía nam sông Đông tại vùng ngày nay thuộc nước Nga và một phần phải di cư về phía vùng đồi núi Ka,question: Người Ossetia sinh sống ở đâu? answer: phía nam sông Đông tại vùng ngày nay thuộc nước Nga và một phần phải di cư về phía vùng đồi núi Ka,0.6001
114,RAG_Chunking,5,"question: Tuallg ở phía nam ngày nay trở thành gì? answer: Nam Ossetia, một phần của công quốc lịch sử Samachablo thuộc Gruzia nơi người Ossetia lánh lạn trước quân xâm lược Mông Cổ","question: Tuallg ở phía nam ngày nay trở thành gì? answer: Nam Ossetia, một phần của công quốc lịch sử Samachablo thuộc Gruzia nơi người Ossetia lánh lạn trước quân xâm lược Mông Cổ",0.7553
114,RAG_Chunking,6,question: Tại sao người Ossetia lánh lạn trước quân xâm lược Mông Cổ? answer: Đa số người dân Ossetia hiện là tín đồ Thiên chúa giáo (xấp xỉ 61%); cũng có một thiểu số khá đông người Hồi giáo,question: Tại sao người Ossetia lánh lạn trước quân xâm lược Mông Cổ? answer: Đa số người dân Ossetia hiện là tín đồ Thiên chúa giáo (xấp xỉ 61%); cũng có một thiểu số khá đông người Hồi giáo,0.6815
115,Chunking_Only,1,question: Cách thức chuẩn liên lạc thông tin với các đảo của Hawaii vào thời đó là gì? answer: khi điều kiện không gian không cho phép liên lạc thông tin trực tiếp như đã xảy ra vào ngày hôm đó,question: Cách thức chuẩn liên lạc thông tin với các đảo của Hawaii vào thời đó là gì? answer: cách thức chuẩn liên lạc thông tin với các đảo của Hawaii vào thời đó khi điều kiện không gian không cho phép liên lạc thông tin trực tiếp như đã xảy ra vào ngày hôm đó,0.7422
115,Chunking_Only,2,"question: Vì sao các vị tướng lãnh ở thủ đô Washington lại cho rằng nếu thông điệp được đánh dấu ""khẩn cấp"" và được gởi đến các vị tư lệnh tại Hawaii thì có thể gây sự chú ý của các điệp viên Nhật Bản ở Tây Duyên hải? answer: họ cho rằng nếu thông điệp được đánh dấu ""khẩn cấp"" và được gởi đến các vị tư lệnh tại Hawaii thì có thể gây sự chú ý của các điệp viên Nhật Bản ở Tây Duyên hải","question: Vì sao các vị tướng lãnh ở thủ đô Washington lại cho rằng nếu thông điệp được đánh dấu ""khẩn cấp"" và được gởi đến các vị tư lệnh tại Hawaii thì có thể gây sự chú ý của các điệp viên Nhật Bản ở Tây Duyên hải? answer: họ cho rằng nếu thông điệp được đánh dấu ""khẩn cấp"" và được gởi đến các vị tư lệnh tại Hawaii thì có thể gây sự chú ý của các điệp viên Nhật Bản ở Tây Duyên hải",0.912
115,Chunking_Only,3,question: Bộ tư lệnh Hải quân Hoa Kỳ tại Hawaii nhận được thông điệp gì? answer: thông điệp được Bộ tư lệnh Hải quân Hoa Kỳ tại Hawaii nhận được mấy tiếng đồng hồ sau khi cuộc tấn công đã kết thúc,question: Bộ tư lệnh Hải quân Hoa Kỳ tại Hawaii nhận được thông điệp gì? answer: thông điệp được Bộ tư lệnh Hải quân Hoa Kỳ tại Hawaii nhận được mấy tiếng đồng hồ sau khi cuộc tấn công đã kết thúc,0.8331
115,RAG_Chunking,1,"question: Answer: Viết một lá thư gửi các chiến sĩ đang làm nhiệm vụ bảo vệ chủ quyền biển, đảo Việt Nam nhân dịp năm mới. 4. Viết một lá thư gửi các chiến sĩ đang làm nhiệm vụ bảo vệ chủ quyền biển, đảo Việt Nam nhân dịp năm mới. 5. Nêu những việc làm mà một công dân có thể đóng góp cho cuộc đấu tranh bảo vệ chủ quyền biển, đảo Việt Nam nhân dịp năm mới. 5. Nêu những việc làm mà một công dân có thể đóng góp cho cuộc đấu tranh bảo vệ chủ quyền, các quyền và lợi ích hợp pháp","question: Nêu những việc làm mà một công dân có thể đóng góp cho cuộc đấu tranh bảo vệ chủ quyền biển, đảo Việt Nam nhân dịp năm mới? answer: Viết một lá thư gửi các chiến sĩ đang làm nhiệm vụ bảo vệ chủ quyền biển, đảo Việt Nam nhân dịp năm mới. 4. Viết một lá thư gửi các chiến sĩ đang làm nhiệm vụ bảo vệ chủ quyền biển, đảo Việt Nam nhân dịp năm mới. 5. Nêu những việc làm mà một công dân có thể đóng góp cho cuộc đấu tranh bảo vệ chủ quyền, các quyền và lợi ích hợp pháp",0.7304
115,RAG_Chunking,2,"question: Thanh sử cáo, Quyển 527 theo: Châu Hải Đường, Việt Nam truyện, ghi chép về Việt Nam trong chính sử Trung Quốc xưa, NXB Hội Nhà văn, tr.141) (Thanh sử cáo, Quyển 527 theo: Châu Hải Đường, Việt Nam truyện, ghi chép về Việt Nam trong chính sử Trung Quốc xưa, NXB Hội Nhà văn, tr.141) (Thanh sử cáo, Quyển 527 theo: Châu Hải Đường, Việt Nam truyện, ghi chép về Việt Nam trong chính sử Trung Quốc xưa, NXB Hội Nhà văn, tr.","question: Thanh sử cáo, Quyển 527, theo: Châu Hải Đường, Việt Nam truyện, ghi chép về Việt Nam trong chính sử Trung Quốc xưa, NXB Hội Nhà văn, tr.141) (Thanh sử cáo, Quyển 527, theo: Châu Hải Đường, Việt Nam truyện, ghi chép về Việt Nam trong chính sử Trung Quốc xưa, NXB Hội Nhà văn, tr.141) (Thanh sử cáo, Quyển 527, theo: Châu Hải Đường, Việt Nam truyện, ghi chép về Việt Nam trong chính sử Trung Quốc xưa, NXB Hội Nhà văn",0.7224
115,RAG_Chunking,3,"question: Tôn Sĩ Nghị đã làm gì để đoạn hậu? answer: Tôn Sĩ Nghị đoạt đường vượt sông Phú Lương, rồi lập tức chặt cầu phao để đoạn hậu, vì vậy những quân còn lại trên bờ, Đề đốc Hứa Thế Hanh, Tổng binh Trương Triều Long, cùng quan quân phu dịch hơn vạn người, đều chen nhau chết đuối","question: Tôn Sĩ Nghị đã làm gì để đoạn hậu? answer: Tôn Sĩ Nghị đoạt đường vượt sông Phú Lương, rồi liền chặt cầu phao để đoạn hậu, vì vậy những quân còn lại trên bờ, Đề đốc Hứa Thế Hanh, Tổng binh Trương Triều Long, cùng quan quân phu dịch hơn vạn người, đều chen nhau chết đuối",0.805
115,RAG_Chunking,4,question: Cách thức chuẩn liên lạc thông tin với các đảo của Hawaii là gì? answer: khi điều kiện không gian không cho phép liên lạc thông tin trực tiếp như đã xảy ra vào ngày hôm đó,question: Cách thức chuẩn liên lạc thông tin với các đảo của Hawaii là gì? answer: chuẩn liên lạc thông tin với các đảo của Hawaii vào thời đó khi điều kiện không gian không cho phép liên lạc thông tin trực tiếp như đã xảy ra vào ngày hôm đó,0.6381
115,RAG_Chunking,5,"question: Vì sao thông điệp của các vị tướng lãnh ở thủ đô Washington lại không được đánh dấu ""khẩn cấp""? answer: vì họ cho rằng nếu thông điệp được đánh dấu ""khẩn cấp"" và được gởi đến các vị tư lệnh tại Hawaii thì có thể gây sự chú ý của các điệp viên Nhậ","question: Vì sao thông điệp của các vị tướng lãnh ở thủ đô Washington lại không được đánh dấu ""khẩn cấp""? answer: vì họ cho rằng nếu thông điệp được đánh dấu ""khẩn cấp"" và được gởi đến các vị tư lệnh tại Hawaii thì có thể gây sự chú ý của các điệp viên Nhậậ",0.8486
115,RAG_Chunking,6,question: Bộ tư lệnh Hải quân Hoa Kỳ tại Hawaii nhận được thông điệp gì? answer: cảnh báo cho lục quân và hải quân tại Hawaii để họ giăng sẵn bẫy đối phó với một cuộc tấn công của người Nhật,question: Bộ tư lệnh Hải quân Hoa Kỳ tại Hawaii nhận được thông điệp gì? answer: cảnh báo cho lục quân và hải quân tại Hawaii để họ giăng sẵn bẫy đối phó với một cuộc tấn công của người Nhật,0.8819
116,Chunking_Only,1,question: Naadam được tổ chức vào ngày nào? answer: ngày 11 tháng 1 đến ngày 13 tháng 7,question: Naadam được tổ chức vào ngày nào? answer: ngày 11 tháng 1 đến ngày 13 tháng 7,0.7222
116,Chunking_Only,2,"question: Khoomei là gì? answer: kiểu âm nhạc phổ thông, đặc biệt tại các khu vực phía tây Mông Cổ","question: Khoomei là gì? answer: kiểu âm nhạc phổ thông, đặc biệt tại các khu vực phía tây Mông Cổ",0.6805
116,RAG_Chunking,1,question: Lễ hội Đền Hùng tại Phú Thọ được tổ chức vào ngày nào? answer: ngày 10 tháng Ba âm lịch hằng năm,question: Lễ hội Đền Hùng tại Phú Thọ được tổ chức vào ngày nào? answer: ngày 10 tháng Ba âm lịch hằng năm,0.7818
116,RAG_Chunking,2,"question: Những môn thi đấu nào được tổ chức tại Naadam? answer: đi bộ, vật tự do, đua ngựa, ném đĩa, nhảy xa, ma-ra-tông","question: Những môn thi đấu nào được tổ chức tại Naadam? answer: đi bộ, vật tự do, đua ngựa, ném đĩa, nhảy xa, ma-ra-tông",0.6782
116,RAG_Chunking,3,"question: Các môn thể thao truyền thống của Mông Cổ là gì? answer: bắn cung, đua ngựa (qua những khoảng cách điền dã dài, chứ không phải đua những quãng ngắn quanh một sân vận động như kiểu phương Tây), và vật","question: Các môn thể thao truyền thống của Mông Cổ là gì? answer: bắn cung, đua ngựa (qua những khoảng cách điền dã dài, chứ không phải đua những quãng ngắn quanh một sân vận động như kiểu phương Tây), và vật",0.6737
116,RAG_Chunking,4,"question: Một hoạt động rất phổ biến ở Mông Cổ là gì? answer: búng một đốt xương chân cừu vào một bia xa nhiều bộ, sử dụng một chuyển động búng của ngón tay để bắn đốt xương nhỏ vào các mục tiêu và bắn những viên xương mục tiêu bay đi","question: Một hoạt động rất phổ biến ở Mông Cổ là gì? answer: búng một đốt xương chân cừu vào một bia xa nhiều bộ, sử dụng một chuyển động búng của ngón tay để bắn đốt xương nhỏ vào các mục tiêu và bắn những viên xương mục tiêu bay đi",0.7343
116,RAG_Chunking,5,"question: Tại Mông Cổ, khoomei là gì? answer: kiểu âm nhạc phổ thông, đặc biệt tại các khu vực phía tây Mông Cổ","question: Tại Mông Cổ, khoomei là gì? answer: kiểu âm nhạc phổ thông, đặc biệt tại các khu vực phía tây Mông Cổ",0.8855
117,Chunking_Only,1,"question: Môi trường truyền thông đã được cải thiện như thế nào? answer: môi trường truyền thông đã được cải thiện với việc chính phủ thảo luận một Đạo luật Tự do Thông tin, và loại bỏ bất kỳ một sự liên quan nào của truyền thông tới chính phủ","question: Từ năm 2006, môi trường truyền thông đã được cải thiện như thế nào? answer: môi trường truyền thông đã được cải thiện với việc chính phủ thảo luận một Đạo luật Tự do Thông tin, và loại bỏ bất kỳ một sự liên quan nào của truyền thông tới chính phủ",0.8858
117,Chunking_Only,2,question: Tổ chức nào xếp hạng môi trường báo chí ở vị trí 93 trên 173? answer: Tổ chức Phóng viên Không Biên giới,question: Tổ chức nào xếp hạng môi trường báo chí ở vị trí 93 trên 173? answer: Tổ chức Phóng viên Không Biên giới,0.7835
117,RAG_Chunking,1,"question: Thế giới phẳng - Thô-mát L. Phờ-ri-man là gì? answer: là một phát minh mang tính cải biến thế giới, internet có nhiều yếu tố giống máy In ngày xưa. Nó khiến cho chi phí tạo dựng, truyền và lưu trữ thông tin suy giảm hẳn và khiến thông tin gần gũi với con người ta hơn nhiều. Nó đánh gục độc quyền truyền thông","question: Trong vài thập niên gần đây, Việt Nam là quốc gia có tốc độ phát triển mạnh mẽ về lĩnh vực nào? answer: viễn thông và csvn",0.6428
117,RAG_Chunking,2,question: Sự phát triển mạnh mẽ về viễn thông và công nghệ thông tin đã đem lại lợi ích gì cho Việt Nam trong cuộc Cách mạng công nghiệp 4.0? answer: một thuận lợi rất lớn về hạ tầng cho Việt Nam trong cuộc Cách mạng công nghiệp 4.0,question: Sự phát triển mạnh mẽ về viễn thông và công nghệ thông tin đã đem lại lợi ích gì cho Việt Nam trong cuộc Cách mạng công nghiệp 4.0? answer: một thuận lợi rất lớn về hạ tầng cho Việt Nam trong cuộc Cách mạng công nghiệp 4.0,0.8088
117,RAG_Chunking,3,"question: Công nghệ thông tin là gì? answer: một nhánh ngành kĩ thuật máy tính và phần mềm để chuyển đổi, lưu giữ, bảo vệ, xử lí, truyền tải và thu thập thông tin","question: Công nghệ thông tin là gì? answer: một nhánh ngành kĩ thuật máy tính và phần mềm để chuyển đổi, lưu giữ, bảo vệ, xử lí, truyền tải và thu thập thông tin",0.7372
117,RAG_Chunking,4,"question: Từ năm 2006, môi trường truyền thông đã được cải thiện như thế nào? answer: môi trường truyền thông đã được cải thiện với việc chính phủ thảo luận một Đạo luật Tự do Thông tin, và loại bỏ bất kỳ một sự liên quan nào của truyền thông tới chính phủ","question: Từ năm 2006, môi trường truyền thông đã được cải thiện như thế nào? answer: môi trường truyền thông đã được cải thiện với việc chính phủ thảo luận một Đạo luật Tự do Thông tin, và loại bỏ bất kỳ một sự liên quan nào của truyền thông tới chính phủ",0.8733
117,RAG_Chunking,5,question: Tổ chức nào xếp hạng môi trường báo chí ở vị trí 93 trên 173? answer: Tổ chức Phóng viên Không Biên giới,question: Tổ chức nào xếp hạng môi trường báo chí ở vị trí 93 trên 173? answer: Tổ chức Phóng viên Không Biên giới,0.708
118,Chunking_Only,1,question: Cuộc xung đột năm 1991 được gọi là gì? answer: Chiến tranh Vùng Vịnh lần thứ nhất,question: Cuộc xung đột năm 1991 được gọi là gì? answer: Chiến tranh Vùng Vịnh lần thứ nhất,0.7755
118,Chunking_Only,2,"question: Cuộc xung đột năm 1991 được gọi là gì? answer: Chiến dịch ""Lá chắn sa mạc"" (Desert Shield) và ""Bão táp sa mạc"" (Desert Storm) và ở Anh là Chiến dịch Granby","question: Cuộc xung đột năm 1991 được gọi là gì? answer: Chiến dịch ""Lá chắn sa mạc"" (Desert Shield) và ""Bão táp sa mạc"" (Desert Storm) và ở Anh là Chiến dịch Granby",0.6854
118,Chunking_Only,3,question: Tên gọi khác của chiến tranh giải phóng Kuwait là gì? answer: Um M'arak,question: Tên gọi khác của chiến tranh giải phóng Kuwait là gì? answer: Um M'arak,0.8149
118,RAG_Chunking,1,"question: Answer: Hoạt động đối ngoại chủ yếu trong kháng chiến chống Mỹ (1954-1975): - Đấu tranh yêu cầu thực hiện Hiệp định Genève. - Củng cố quan hệ với các nước xã hội chủ nghĩa. - Tăng cường đoàn kết ba nước Đông Dương. - Đàm phán, ký Hiệp định Paris (1973). - Mở rộng quan hệ ngoại giao, đẩy mạnh đối ngoại nhân dân","question: Hoạt động đối ngoại chủ yếu trong kháng chiến chống Mỹ là gì? answer: Đấu tranh yêu cầu thực hiện Hiệp định Genève. - Củng cố quan hệ với các nước xã hội chủ nghĩa. - Tăng cường đoàn kết ba nước Đông Dương. - Đàm phán, ký Hiệp định Paris (1973). - Mở rộng quan hệ ngoại giao, đẩy mạnh đối ngoại nhân dân",0.9207
118,RAG_Chunking,2,"question: Các giai đoạn chính của Miền Bắc là gì? answer: 1. 1954 - 1960: Miền Bắc khôi phục kinh tế, cải cách ruộng đất, cải tạo XHCN","question: Các giai đoạn chính của Miền Bắc là gì? answer: 1. 1954 - 1960: Miền Bắc khôi phục kinh tế, cải cách ruộng đất, cải tạo XHCN. Miền Nam đấu tranh chính trị, chuẩn bị Đồng khởi. 2. 1961 - 1965: Miền Bắc xây dựng CNXH",0.7494
118,RAG_Chunking,3,"question: Miền Bắc xây dựng CNXH bằng cách nào? answer: chống ""Chiến tranh cục bộ"", Tổng tiến công Tết Mậu Thân 1968","question: Miền Bắc xây dựng CNXH bằng cách nào? answer: chống ""Chiến tranh cục bộ"", Tổng tiến công Tết Mậu Thân 1968",0.6128
118,RAG_Chunking,4,"question: Từ ""Chiến dịch Iraq tự do"" ngày 22 tháng 3 năm 2014 có nghĩa là gì? answer: nghĩa là gì? answer: Chiến dịch Hồ Chí Minh, giải phóng hoàn toàn miền Nam ngày 30-4-1975","question: Từ ""Chiến dịch Iraq tự do"" ngày 22 tháng 3 năm 2014 có nghĩa là gì? answer: Chiến dịch Hồ Chí Minh, giải phóng hoàn toàn miền Nam ngày 30-4-1975",0.652
118,RAG_Chunking,5,"question: Các cuộc xung đột thường được gọi là gì? answer: Harb Tahrir al-Kuwait hay ""Chiến tranh giải phóng Kuwait""",question: Cuộc chiến thường được gọi là gì? answer: Um M'arak,0.6164
119,Chunking_Only,1,question: Vì sao những người định cư thoái chí trong việc chuyển đến khu vực? answer: Do các bộ lạc da đỏ có thái độ thù địch và khoảng cách xa từ các thuộc địa lân cận của Tây Ban Nha,question: Hiệp ước hòa bình mà người Tây Ban Nha đạt được với người Lipan Apache đã khiến cho những người định cư thoái chí trong việc chuyển đến khu vực là gì? answer: Do các bộ lạc da đỏ có thái độ thù địch và khoảng cách xa từ các thuộc địa lân cận của Tây Ban Nha,0.8442
119,Chunking_Only,2,question: Người Comanche ký hiệp ước với Tây Ban Nha vào năm nào? answer: năm 1785,question: Người Comanche ký hiệp ước với Tây Ban Nha vào năm nào? answer: năm 1785,0.6494
119,RAG_Chunking,1,question: Những cánh đồng màu mỡ ven sông Thu Bồn tạo điều kiện thuận lợi gì cho sự định cư và canh tác nông nghiệp của cư dân? answer: tạo điều kiện thuận lợi cho sự định cư và canh tác nông nghiệp của cư dân,question: Những cánh đồng màu mỡ ven sông Thu Bồn tạo điều kiện thuận lợi gì cho sự định cư và canh tác nông nghiệp của cư dân? answer: tạo điều kiện thuận lợi cho sự định cư và canh tác nông nghiệp của cư dân,0.6749
119,RAG_Chunking,2,"question: Tình trạng gì xảy ra ở các làng xã? answer: tình trạng che giấu, gian dối về ruộng đất và dân đinh trở nên phổ biến","question: Tình trạng gì xảy ra ở các làng xã? answer: tình trạng che giấu, gian dối về ruộng đất và dân đinh trở nên phổ biến",0.7444
119,RAG_Chunking,3,"question: Nguyên nhân dẫn đến các cuộc khởi nghĩa của dân nghèo, người dân tộc thiểu số là gì? answer: Do các bộ lạc da đỏ có thái độ thù địch và khoảng cách xa từ các thuộc địa lân cận của Tây Ban Nha","question: Nguyên nhân dẫn đến các cuộc khởi nghĩa của dân nghèo, người dân tộc thiểu số là gì? answer: Do các bộ lạc da đỏ có thái độ thù địch và khoảng cách xa từ các thuộc địa lân cận của Tây Ban Nha nên khiến những người định cư thoái chí trong việc chuyển đến khu vực",0.8059
119,RAG_Chunking,4,question: Hiệp ước hòa bình mà người Tây Ban Nha đạt được với người Lipan Apache được ký vào năm nào? answer: năm 1785,question: Hiệp ước hòa bình mà người Tây Ban Nha đạt được với người Lipan Apache được ký vào năm nào? answer: năm 1785,0.7243
120,Chunking_Only,1,question: Người Norse định cư ở đâu? answer: L'Anse aux Meadows thuộc Newfoundland vào khoảng năm 1000 CN,question: Người Norse định cư ở đâu? answer: L'Anse aux Meadows thuộc Newfoundland vào khoảng năm 1000 CN,0.7192
120,Chunking_Only,2,question: Tại sao các thủy thủ người Basque và người Bồ Đào Nha thiết lập các tiền đồn săn bắt cá voi và cá dọc theo vùng duyên hải Đại Tây Dương của Canada? answer: Các thủy thủ người Basque và người Bồ Đào Nha thiết lập các tiền đồn săn bắt cá voi và cá dọc theo vùng duyên hải Đại Tây Dương của Canada vào đầu thế kỷ XVI,question: Nhà thám hiểm người Pháp Jacques Cartier khám phá ra sông St. Lawrence vào thời gian nào? answer: ngày 24 tháng 7,0.7627
120,Chunking_Only,3,question: Thánh giá của Franois I được cắm ở đâu? answer: ở đâu? answer: thánh giá của Franois I được cắm ở đâu? answer: thánh giá của Franois I được cắm ở đâu? answer: thánh giá của Franois I được cắm ở đâu? answer: thánh giá của Franois I được cắm ở đâu? answer: thánh giá của Franois I được cắm ở đâu? answer: thánh giá của Franois I được cắm ở đâu? answer: thánh giá của Franois I được cắm ở đâu?,"question: Thánh giá của Franois I được cắm ở đâu? answer: 24 tháng 7 ông cắm một thánh giá cao 10 mét (33 ft) mang dòng chữ ""Pháp quốc quốc vương vạn tuế"", và đoạt quyền chiếm hữu lãnh thổ nhân danh Quốc vương Franois I",0.7219
120,RAG_Chunking,1,question: Nền văn minh nào ra đời sớm nhất? answer: Văn minh Ai Cập cổ đại,question: Nền văn minh nào ra đời sớm nhất? answer: Văn minh Ai Cập cổ đại,0.691
120,RAG_Chunking,2,"question: Những điều kiện tự nhiên thuận lợi cho sự phát triển của thủ công nghiệp, thương nghiệp và hàng hải là gì? answer: Phần lớn lãnh thổ là đồi núi, xen giữa là những cánh đồng nhỏ hẹp; đất đai khô cằn, trong lòng đất có nhiều khoáng sản, bờ biển khúc khuỷu có nhiều vũng, vịnh","question: Những điều kiện tự nhiên thuận lợi cho sự phát triển của thủ công nghiệp, thương nghiệp và hàng hải là gì? answer: Phần lớn lãnh thổ là đồi núi, xen giữa là những cánh đồng nhỏ hẹp; đất đai khô cằn, trong lòng đất có nhiều khoáng sản, bờ biển khúc khuỷu có nhiều vũng, vịnh",0.6285
120,RAG_Chunking,3,question: Người Norse định cư tại đâu? answer: L'Anse aux Meadows thuộc Newfoundland vào khoảng năm 1000 CN,question: Người Norse định cư tại đâu? answer: L'Anse aux Meadows thuộc Newfoundland vào khoảng năm 1000 CN,0.7413
120,RAG_Chunking,4,question: Thủy thủ người Ý John Cabot khám phá ra vùng duyên hải Đại Tây Dương của Canada cho Vương quốc Anh vào thời gian nào? answer: năm 1497,question: Thủy thủ người Ý John Cabot khám phá ra vùng duyên hải Đại Tây Dương của Canada cho Vương quốc Anh vào thời gian nào? answer: năm 1497,0.7884
120,RAG_Chunking,5,"question: Vào ngày 24 tháng 7, Jacques Cartier đã làm gì? answer: ông cắm một thánh giá cao 10 mét (33 ft) mang dòng chữ ""Pháp quốc quốc vương vạn tuế"", và đoạt quyền chiếm hữu lãnh thổ nhân danh Quốc vương Franois I","question: Vào ngày 24 tháng 7, Jacques Cartier đã làm gì? answer: ông cắm một thánh giá cao 10 mét (33 ft) mang dòng chữ ""Pháp quốc quốc vương vạn tuế"", và đoạt quyền chiếm hữu lãnh thổ nhân danh Quốc vương Franois I",0.7582
121,Chunking_Only,1,"question: Nhập khẩu hàng hoá và dịch vụ đạt bao nhiêu tỷ USD trong năm 2011? answer: 5,22 tỷ USD","question: Nhập khẩu hàng hoá và dịch vụ đạt bao nhiêu tỷ USD trong năm 2011? answer: 5,22 tỷ USD",0.7163
121,RAG_Chunking,1,"question: Các khu công nghiệp nào đã tạo hàng triệu việc làm? answer: Khu chế xuất Tân Thuận (1991) - khu chế xuất đầu tiên Việt Nam, Khu công nghệ cao TP.HCM (2002)","question: Các khu công nghiệp nào đã tạo hàng triệu việc làm? answer: Khu chế xuất Tân Thuận (1991) - khu chế xuất đầu tiên Việt Nam, Khu công nghệ cao TP.HCM (2002)",0.7426
121,RAG_Chunking,2,question: Sự phát triển kinh tế tư bản chủ nghĩa ở Anh đã tác động như thế nào đến giai cấp tư sản và tầng lớp quý tộc? answer: tác động như thế nào đến giai cấp tư sản và tầng lớp quý tộc,question: Sự phát triển kinh tế tư bản chủ nghĩa ở Anh đã tác động như thế nào đến giai cấp tư sản và tầng lớp quý tộc? answer: làm cho nghề nuôi cừu trở nên có lợi cho giai cấp tư sản và tầng lớp quý tộc,0.7798
121,RAG_Chunking,3,"question: Sản phẩm khoáng sản và hợp kim chủ yếu nhập khẩu từ đâu? answer: chính quốc Pháp và các tỉnh hải ngoại, 16,1% đến từ các quốc gia khác trong Liên minh châu Âu, 14,6% đến từ Singapore (chủ yếu là nhiên liệu), 9,6% đến từ Úc","question: Sản phẩm khoáng sản và hợp kim chủ yếu nhập khẩu từ đâu? answer: chính quốc Pháp và các tỉnh hải ngoại, 16,1% đến từ các quốc gia khác trong Liên minh châu Âu, 14,6% đến từ Singapore (chủ yếu là nhiên liệu), 9,6% đến từ Úc",0.7605
122,Chunking_Only,1,question: Vì sao Lester B. Pearson được công nhận là người sáng tạo ra khái niệm này? answer: đây là sứ mệnh gìn giữ hòa bình đầu tiên của Liên Hiệp Quốc,question: Vì sao Lester B. Pearson được công nhận là người sáng tạo ra khái niệm này? answer: hành động này mà ông nhận được Giải Nobel Hòa bình năm 1957,0.7318
122,Chunking_Only,2,"question: Kể từ năm 1989, Canada đã tham gia bao nhiêu sứ mệnh gìn giữ hòa bình? answer: 50 sứ mệnh",question: Canada đã tham gia trong bao nhiêu sứ mệnh gìn giữ hòa bình? answer: 50 sứ mệnh,0.8204
122,Chunking_Only,3,question: Vụ việc Somalia xảy ra vào năm nào? answer: năm 1993,question: Vụ việc Somalia xảy ra vào năm nào? answer: năm 1993,0.7127
122,RAG_Chunking,1,"question: Answer: Hoạt động đối ngoại chủ yếu trong kháng chiến chống Mỹ (1954-1975): - Đấu tranh yêu cầu thực hiện Hiệp định Genève. - Củng cố quan hệ với các nước xã hội chủ nghĩa. - Tăng cường đoàn kết ba nước Đông Dương. - Đàm phán, ký Hiệp định Paris (1973). - Mở rộng quan hệ ngoại giao, đẩy mạnh đối ngoại nhân dân","question: Hoạt động đối ngoại chủ yếu trong kháng chiến chống Mỹ là gì? answer: Đấu tranh yêu cầu thực hiện Hiệp định Genève. - Củng cố quan hệ với các nước xã hội chủ nghĩa. - Tăng cường đoàn kết ba nước Đông Dương. - Đàm phán, ký Hiệp định Paris (1973). - Mở rộng quan hệ ngoại giao, đẩy mạnh đối ngoại nhân dân",0.9207
122,RAG_Chunking,2,"question: Năm 2007, thành viên của 63 tổ chức quốc tế là bao nhiêu? answer: 63 tổ chức quốc tế","question: Năm 2007, thành viên của 63 tổ chức quốc tế là bao nhiêu? answer: 63 tổ chức quốc tế",0.6346
122,RAG_Chunking,3,question: Giải Nobel Hòa bình năm 1957 thuộc về ai? answer: Lester B. Pearson,question: Giải Nobel Hòa bình năm 1957 thuộc về ai? answer: Lester B. Pearson,0.7355
122,RAG_Chunking,4,question: Sứ mệnh gìn giữ hòa bình đầu tiên của Liên Hiệp Quốc là gì? answer: Lester B. Pearson,question: Sứ mệnh gìn giữ hòa bình đầu tiên của Liên Hiệp Quốc là gì? answer: Lester B. Pearson,0.7657
123,Chunking_Only,1,question: Gandhi đã tổ chức một nhóm tình nguyện cứu thương gồm bao nhiêu người? answer: 300 người Ấn Độ và 800 người làm mướn,question: Gandhi đã tổ chức một nhóm tình nguyện cứu thương gồm bao nhiêu người? answer: 300 người Ấn Độ và 800 người làm mướn,0.7177
123,Chunking_Only,2,"question: Tại một cuộc biểu tình lớn được tổ chức tại Johannesburg vào tháng 9 năm 1906, Gandhi đã làm gì? answer: Gandhi lần đầu áp dụng nguyên tắc Chấp trì chân lý và đấu tranh bất bạo lực, khuyên các người đồng hương phản bác luật mới và chịu đựng hình phạt để thực hiện việc này thay vì phản kháng bằng phương tiện answer: khuyên các người đồng hương phản bác luật mới và chịu đựng hình phạt để thực hiện việc này thay vì phản kháng bằng phương tiện answer: khuyên các người đồng hương phản bác luật mới và chịu đựng hình phạt để thực","question: Tại Johannesburg vào tháng 9 năm 1906, chính quyền Transvaal đã công bố điều gì? answer: một pháp án mới, bắt người Ấn Độ của thuộc địa phải ký chứng",0.7395
123,Chunking_Only,3,"question: Gandhi bị đánh đập như thế nào? answer: đánh đập, thậm chí bị bắn vì đình công, từ chối không ký chứng, đốt giấy ký chứng hoặc tham gia những cuộc kháng cự bất bạo động khác","question: Gandhi bị đánh đập như thế nào? answer: đánh đập, thậm chí bị bắn vì đình công, từ chối không ký chứng, đốt giấy ký chứng hoặc tham gia những cuộc kháng cự bất bạo động khác",0.6718
123,Chunking_Only,4,question: Những người phản đối yên lặng hòa bình đã làm gì trước những phương pháp tàn bạo được áp dụng bởi chính quyền Nam Phi? answer: đã làm gì trước những phương pháp tàn bạo được áp dụng bởi chính quyền Nam Phi cho những người phản đối yên lặng hòa bình này cuối cùng đã buộc tướng Jan Christian Smuts luận bàn một phương án thoả hiệp với Gandhi,question: Những người phản đối yên lặng hòa bình đã làm gì trước những phương pháp tàn bạo được áp dụng bởi chính quyền Nam Phi? answer: tiếng thét gào của công chúng trước những phương pháp tàn bạo được áp dụng bởi chính quyền Nam Phi cho những người phản đối yên lặng hòa bình này cuối cùng đã buộc tướng Jan Christian Smuts luận bàn một phương án thoả hiệp với Gandhi,0.8564
123,RAG_Chunking,1,question: Vào khoảng thời gian nào thì Phùng Hưng cùng em trai khởi nghĩa? answer: khoảng những năm 766 - 780,question: Vào khoảng thời gian nào thì Phùng Hưng cùng em trai khởi nghĩa? answer: khoảng những năm 766 - 780,0.6802
123,RAG_Chunking,2,question: Vì sao Phùng An phải ra hàng? answer: Vì sao Phùng An phải ra hàng? answer: Vì sao Phùng An phải ra hàng? answer: Vì sao Phùng An phải ra hàng? answer: Vì sao Phùng An phải ra hàng? answer: Vì sao Phùng An phải ra hàng? answer: Vì sao Phùng An phải ra hàng? answer: Vì sao Phùng An phải ra hàng? answer: Vì sao Phùng An phải ra hàng? answer: Vì sao Phùng An phải ra hàng? answer: Vì sao Phùng,"question: Vì sao Phùng An phải ra hàng? answer: Bại nhân nghĩa nát cả đất trời, Nặng thuế khoá sạch không đâm núi",0.6128
123,RAG_Chunking,3,question: Cuộc khởi nghĩa Hai Bà Trưng bùng nổ vào thời gian nào? answer: năm 40,question: Cuộc khởi nghĩa Hai Bà Trưng bùng nổ vào thời gian nào? answer: năm 40,0.767
123,RAG_Chunking,4,"question: Chính quyền Transvaal đã có quyết định gì vào năm 1906? answer: công bố một pháp án mới, bắt người Ấn Độ của thuộc địa phải ký chứng","question: Chính quyền Transvaal đã có quyết định gì vào năm 1906? answer: công bố một pháp án mới, bắt người Ấn Độ của thuộc địa phải ký chứng",0.6015
123,RAG_Chunking,5,question: Những người phản đối yên lặng hòa bình đã phản ứng như thế nào trước những phương pháp tàn bạo được áp dụng bởi chính quyền Nam Phi? answer: phản ứng như thế nào trước những phương pháp tàn bạo được áp dụng bởi chính quyền Nam Phi,"question: Những người phản đối yên lặng hòa bình đã có phản ứng như thế nào trước những phương pháp tàn bạo được áp dụng bởi chính quyền Nam Phi? answer: hản đối, tiếng thét gào của công chúng trước những phương pháp tàn bạo được áp dụng bởi chính quyền Nam Phi cho những người phản đối yên lặng hòa bình này cuối cùng đã buộc tướng Jan Christian Smuts luận bàn một phương án thoả hiệp với Gandhi",0.8808
124,RAG_Chunking,1,question: Các nước tư bản đã tiến hành cách mạng công nghiệp vào thời gian nào? answer: cuối thế kỉ XVIII đầu thế kỉ XIX,question: Các nước tư bản đã tiến hành cách mạng công nghiệp vào thời gian nào? answer: cuối thế kỉ XVIII  đầu thế kỉ XIX,0.8659
124,RAG_Chunking,2,question: Vào thời gian nào thì nhà tù Ba-xti trở thành biểu tượng của quyền lực chế độ quân chủ chuyên chế Pháp? answer: Vào thời gian nào thì nhà tù Ba-xti trở thành biểu tượng của quyền lực chế độ quân chủ chuyên chế Pháp,question: Vào thời gian nào thì nhà tù Ba-xti trở thành biểu tượng của quyền lực chế độ quân chủ chuyên chế Pháp? answer: Ngày 14-7-1789,0.742
124,RAG_Chunking,3,question: Nhà thờ Sainte-Geneviève được xây dựng vào năm nào? answer: năm 1754,question: Nhà thờ Sainte-Geneviève được xây dựng vào năm nào? answer: năm 1754,0.7809
125,Chunking_Only,1,question: Bản đồ Duyên hải Vịnh México do ai tạo ra? answer: nhà thám hiểm người Tây Ban Nha Alonso Álvarez de Pineda,question: Bản đồ Duyên hải Vịnh México do ai tạo ra? answer: nhà thám hiểm người Tây Ban Nha Alonso Álvarez de Pineda,0.7894
125,Chunking_Only,2,"question: Cabeza de Vaca ghi lại điều gì? answer: vào năm 1528, khi người Tây Ban Nha đổ bộ lên khu vực, ""một nửa số thổ dân chết vì một loại bệnh đường ruột và họ đổ lỗi cho chúng tôi."" answer: vào năm 1528, khi người Tây Ban Nha đổ bộ lên khu vực, ""một nửa số thổ dân chết vì một loại bệnh đường ruột và họ đổ lỗi cho chúng tôi."" answer: vào năm 1528, khi người Tây Ban Nha đổ bộ lên khu vực, ""một nửa","question: Cabeza de Vaca ghi lại điều gì? answer: vào năm 1528, khi người Tây Ban Nha đổ bộ lên khu vực, ""một nửa số thổ dân chết vì một loại bệnh đường ruột và họ đổ lỗi cho chúng tôi.""",0.9304
125,RAG_Chunking,1,"question: Vì sao cư dân Phù Nam sớm có điều kiện giao thương? answer: Với vị trí địa lí tiếp giáp biển, có nhiều nơi thuận lợi cho việc tránh bão, neo đậu thuyền bè của các thương nhân","question: Vì sao cư dân Phù Nam sớm có điều kiện giao thương? answer: Với vị trí địa lí tiếp giáp biển, có nhiều nơi thuận lợi cho việc tránh bão, neo đậu thuyền bè của các thương nhân",0.6659
125,RAG_Chunking,2,"question: Nhờ đâu mà cư dân Phù Nam sớm có điều kiện giao lưu với nền văn minh của nhiều quốc gia khác? answer: nhờ những điều kiện thuận lợi về kinh tế, chính trị, xã hội và kĩ thuật","question: Nhờ đâu mà cư dân Phù Nam sớm có điều kiện giao lưu với nền văn minh của nhiều quốc gia khác? answer: nhờ những điều kiện thuận lợi về kinh tế, chính trị, xã hội và kĩ thuật",0.7471
125,RAG_Chunking,3,question: Ngục Ba-xti là gì? answer: một pháo đài kiên cố được xây dựng vào cuối thế kỉ XIV ở phía đông thủ đô Pa-ri (Pháp),question: Ngục Ba-xti là gì? answer: một pháo đài kiên cố được xây dựng vào cuối thế kỉ XIV ở phía đông thủ đô Pa-ri (Pháp),0.7131
125,RAG_Chunking,4,question: Cabeza de Vaca đã ghi lại điều gì vào năm 1528 khi người Tây Ban Nha đổ bộ lên khu vực? answer: một nửa số thổ dân chết vì một loại bệnh đường ruột và họ đổ lỗi cho chúng tôi,question: Cabeza de Vaca đã ghi lại điều gì vào năm 1528 khi người Tây Ban Nha đổ bộ lên khu vực? answer: một nửa số thổ dân chết vì một loại bệnh đường ruột và họ đổ lỗi cho chúng tôi,0.7838
126,Chunking_Only,1,question: Sự kiện thể thao lớn nhất được tổ chức tại Nouvelle-Calédonie là gì? answer: một vòng của giải vô địch đua xe châu Á Thái Bình Dương FIA (APRC),question: Sự kiện thể thao lớn nhất được tổ chức tại Nouvelle-Calédonie là gì? answer: một vòng của giải vô địch đua xe châu Á Thái Bình Dương FIA (APRC),0.7536
126,Chunking_Only,2,question: Đội tuyển bóng ném Nouvelle-Calédonie từng vô địch châu Đại Dương vào năm nào? answer: 2008,question: Đội tuyển bóng ném Nouvelle-Calédonie từng vô địch châu Đại Dương vào năm nào? answer: 2008,0.6639
126,RAG_Chunking,1,question: Cuộc thi HackTheOn Sejong 2025 do trường đại học nào tổ chức? answer: Trường Đại học Kỹ thuật Truyền thông và Tin học Moscow (MTUCI),question: Cuộc thi HackTheOn Sejong 2025 do trường đại học nào tổ chức? answer: Trường Đại học Kỹ thuật Truyền thông và Tin học Moscow (MTUCI),0.6287
126,RAG_Chunking,2,"question: Cuộc thi HackTheOn Sejong 2025 là cuộc thi gì? answer: một trong những cuộc thi CTF quốc tế danh giá do thành phố tự trị Sejong tổ chức, quy tụ các đội mạnh nhất khu vực và quốc tế","question: Cuộc thi HackTheOn Sejong 2025 là cuộc thi gì? answer: một trong những cuộc thi CTF quốc tế danh giá do thành phố tự trị Sejong tổ chức, quy tụ các đội mạnh nhất khu vực và quốc tế",0.8469
126,RAG_Chunking,3,question: Đội tuyển Alternative fr Knights đến từ Khoa Mạng máy tính & Truyền thông đã ghi tên mình vào Top 10 đội mạnh nhất tại CODEGATE CTF 2025 tại đâu? answer: đâu? answer: tại CODEGATE CTF 2025 (Preliminaries) - một trong những cuộc thi hacking hàng đầu Châu Á,question: Đội tuyển Alternative fr Knights đến từ Khoa Mạng máy tính & Truyền thông đã ghi tên mình vào Top 10 đội mạnh nhất tại CODEGATE CTF 2025 tại đâu? answer: CODEGATE CTF 2025 (Preliminaries) - một trong những cuộc thi hacking hàng đầu Châu Á,0.8117
126,RAG_Chunking,4,"question: Ý nghĩa của Đại hội thể thao Ô-lim-píc là gì? answer: rèn luyện sức khoẻ, giải trí, gắn kết","question: Ý nghĩa của Đại hội thể thao Ô-lim-píc là gì? answer: rèn luyện sức khoẻ, giải trí, gắn kết",0.7268
126,RAG_Chunking,5,question: Sự kiện thể thao lớn nhất được tổ chức tại Nouvelle-Calédonie diễn ra vào thời gian nào? answer: 3-1954 - 7-5-1954,question: Sự kiện thể thao lớn nhất được tổ chức tại Nouvelle-Calédonie diễn ra vào thời gian nào? answer: 3-1954 - 7-5-1954,0.6866
126,RAG_Chunking,6,question: Sự kiện thể thao lớn nhất được tổ chức tại Nouvelle-Calédonie là gì? answer: một vòng của giải vô địch đua xe châu Á Thái Bình Dương FIA (APRC),question: Sự kiện thể thao lớn nhất được tổ chức tại Nouvelle-Calédonie là gì? answer: một vòng của giải vô địch đua xe châu Á Thái Bình Dương FIA (APRC),0.8048
126,RAG_Chunking,7,question: Đội tuyển bóng ném Nouvelle-Calédonie từng vô địch châu Đại Dương vào năm nào? answer: 2008,question: Đội tuyển bóng ném Nouvelle-Calédonie từng vô địch châu Đại Dương vào năm nào? answer: 2008,0.6633
127,Chunking_Only,1,"question: Sau khi Thành Cát Tư Hãn từ trần, đế quốc bị phân hành bốn hãn quốc vào thời gian nào? answer: sau nội chiến của dòng Đà Lôi (12601264), vốn bùng phát do tranh chấp quyền lực sau khi Mông Kha từ trần vào năm 1259","question: Sau khi Thành Cát Tư Hãn từ trần, đế quốc bị phân hành bốn hãn quốc vào thời gian nào? answer: sau nội chiến của dòng Đà Lôi (12601264), vốn bùng phát do tranh chấp quyền lực sau khi Mông Kha từ trần vào năm 1259",0.8163
127,Chunking_Only,2,question: Kinh thành Hòa Lâm của người Mông Cổ bị quân Minh cướp phá và hủy diệt vào năm nào? answer: năm 1368,question: Kinh thành Hòa Lâm của người Mông Cổ bị quân Minh cướp phá và hủy diệt vào năm nào? answer: năm 1368,0.6745
127,Chunking_Only,3,question: Ai là người lãnh đạo cuộc tấn công của quân Mông Cổ? answer: Nguyên Chiêu Tông và bộ tướng là Khoách Khuếch Thiếp Mộc Nhi,question: Ai là người lãnh đạo cuộc tấn công của quân Mông Cổ? answer: Nguyên Chiêu Tông và bộ tướng là Khoách Khuếch Thiếp Mộc Nhi,0.7878
127,RAG_Chunking,1,question: Vào khoảng thời gian nào thì Phùng Hưng cùng em trai khởi nghĩa? answer: khoảng những năm 766 - 780,question: Vào khoảng thời gian nào thì Phùng Hưng cùng em trai khởi nghĩa? answer: khoảng những năm 766 - 780,0.6802
127,RAG_Chunking,2,"question: Nhà nước Phù Nam được tổ chức như thế nào? answer: theo thể chế quân chủ chuyên chế, vua là người đứng đầu có quyền lực tối cao","question: Nhà nước Phù Nam được tổ chức như thế nào? answer: theo thể chế quân chủ chuyên chế, vua là người đứng đầu có quyền lực tối cao",0.8298
127,RAG_Chunking,3,"question: Sau khi Thành Cát Tư Hãn qua đời, đế quốc bị phân hành bốn hãn quốc vào thời gian nào? answer: sau nội chiến của dòng Đà Lôi (12601264)","question: Sau khi Thành Cát Tư Hãn qua đời, đế quốc bị phân hành bốn hãn quốc vào thời gian nào? answer: sau nội chiến của dòng Đà Lôi (12601264)",0.6511
127,RAG_Chunking,4,question: Kinh thành Hòa Lâm của người Mông Cổ bị ai cướp phá? answer: Nguyên Chiêu Tông và bộ tướng là Khoách Khuếch Thiếp Mộc Nhi,question: Kinh thành Hòa Lâm của người Mông Cổ bị ai cướp phá? answer: Nguyên Chiêu Tông và bộ tướng là Khoách Khuếch Thiếp Mộc Nhi,0.6162
128,Chunking_Only,1,question: Iraq nợ các nước Ả Rập bao nhiêu tiền? answer: 14 tỷ dollar,question: Iraq nợ các nước Ả Rập bao nhiêu tiền? answer: 14 tỷ dollar,0.7111
128,Chunking_Only,2,"question: Vì sao Kuwait lại tăng sản lượng khai thác của mình? answer: Kuwait lại tăng lượng khai thác của mình khiến giá dầu giảm sút, trong một nỗ lực nhằm kích thích có được một giải pháp giải quyết tốt hơn cho việc tranh chấp lãnh thổ giữa hai nước","question: Vì sao Kuwait lại tăng sản lượng khai thác của mình? answer: Kuwait lại tăng lượng khai thác của mình khiến giá dầu giảm sút, trong một nỗ lực nhằm kích thích có được một giải pháp giải quyết tốt hơn cho việc tranh chấp lãnh thổ giữa hai nước",0.774
128,Chunking_Only,3,question: Vì sao Kuwait và Ả Rập Xê Út phải đàm phán hay hủy bỏ những khoản nợ cho chiến tranh của Iraq? answer: Kuwait và Ả Rập Xê Út phải đàm phán hay hủy bỏ những khoản nợ cho chiến tranh của Iraq,question: Vì sao Kuwait và Ả Rập Xê Út phải đàm phán hay hủy bỏ những khoản nợ cho chiến tranh của Iraq? answer: Kuwait và Ả Rập Xê Út phải đàm phán hay hủy bỏ những khoản nợ cho chiến tranh của Iraq,0.7369
128,Chunking_Only,4,"question: Vì sao Iraq sáp nhập Kuwait? answer: để bù ""phí tổn kinh tế"" khi họ phải bảo vệ Kuwait trước Iran cũng như việc Kuwait đã khoan nghiêng vào các giếng dầu của họ","question: Vì sao Iraq sáp nhập Kuwait? answer: để bù ""phí tổn kinh tế"" khi họ phải bảo vệ Kuwait trước Iran cũng như việc Kuwait đã khoan nghiêng vào các giếng dầu của họ",0.8324
128,RAG_Chunking,1,"question: Nội dung cải cách của bài học là gì? answer: Nêu được tầm quan trọng chiến lược của Biển Đông đối với Việt Nam về quốc phòng, an ninh và phát triển các ngành kinh tế trọng điểm","question: Nội dung cải cách của bài học là gì? answer: Nêu được tầm quan trọng chiến lược của Biển Đông đối với Việt Nam về quốc phòng, an ninh và phát triển các ngành kinh tế trọng điểm",0.805
128,RAG_Chunking,2,question: Việt Nam là Nhà nước đầu tiên xác lập chủ quyền và quản lí liên tục đối với quần đảo Hoàng Sa và quần đảo Trường Sa trong lịch sử? answer: đầu tiên xác lập chủ quyền và quản lí liên tục đối với quần đảo Hoàng Sa và quần đảo Trường Sa trong lịch sử,question: Việt Nam là Nhà nước đầu tiên xác lập chủ quyền và quản lí liên tục đối với quần đảo Hoàng Sa và quần đảo Trường Sa trong lịch sử? answer: đầu tiên xác lập chủ quyền và quản lí liên tục đối với quần đảo Hoàng Sa và quần đảo Trường Sa trong lịch sử,0.8958
128,RAG_Chunking,3,question: Iraq đã nợ các nước Ả Rập bao nhiêu tiền? answer: 14 tỷ dollar,question: Iraq đã nợ các nước Ả Rập bao nhiêu tiền? answer: 14 tỷ dollar,0.6672
128,RAG_Chunking,4,"question: Vì sao Kuwait lại tăng sản lượng khai thác của mình? answer: Kuwait lại tăng lượng khai thác của mình khiến giá dầu giảm sút, trong một nỗ lực nhằm kích thích có được một giải pháp giải quyết tốt hơn cho việc tranh chấp lãnh thổ giữa hai nước","question: Vì sao Kuwait lại tăng sản lượng khai thác của mình? answer: Kuwait lại tăng lượng khai thác của mình khiến giá dầu giảm sút, trong một nỗ lực nhằm kích thích có được một giải pháp giải quyết tốt hơn cho việc tranh chấp lãnh thổ giữa hai nước",0.7844
128,RAG_Chunking,5,question: Vì sao Kuwait và Ả Rập Xê Út phải đàm phán hay hủy bỏ những khoản nợ cho chiến tranh của Iraq? answer: Kuwait và Ả Rập Xê Út phải đàm phán hay hủy bỏ những khoản nợ cho chiến tranh của Iraq,question: Vì sao Kuwait và Ả Rập Xê Út phải đàm phán hay hủy bỏ những khoản nợ cho chiến tranh của Iraq? answer: Kuwait và Ả Rập Xê Út phải đàm phán hay hủy bỏ những khoản nợ cho chiến tranh của Iraq,0.6733
128,RAG_Chunking,6,"question: Iraq sáp nhập Kuwait để làm gì? answer: bù ""phí tổn kinh tế"" khi họ phải bảo vệ Kuwait trước Iran cũng như việc Kuwait đã khoan nghiêng vào các giếng dầu của họ","question: Iraq sáp nhập Kuwait để làm gì? answer: bù ""phí tổn kinh tế"" khi họ phải bảo vệ Kuwait trước Iran cũng như việc Kuwait đã khoan nghiêng vào các giếng dầu của họ",0.8182
129,Chunking_Only,1,"question: Ai là người cảm thấy như ông về tất cả mọi người Ấn? answer: tất cả mọi người Ấn chính là da thịt của mình, máu mủ của mình","question: Ai là người cảm thấy như ông rằng tất cả mọi người Ấn chính là da thịt của mình, máu mủ của mình? answer: Ấn Độ xông ngay tới một cảnh vinh quang cao quý mới, như hồi xưa, rất xa xăm, khi Phật Tổ tuyên bố đạo từ bi, thương yêu cả mọi sinh vật",0.8857
129,RAG_Chunking,1,"question: Thần hai mặt có bốn tay, bốn mặt có tám tay là gì? answer: mỗi tay đều có cầm một vật gì đó, hoặc đứa bé con, hoặc chim thú, hoặc Mặt Trăng, Mặt Trời,..","question: Thần hai mặt có bốn tay, bốn mặt có tám tay là gì? answer: mỗi tay đều có cầm một vật gì đó, hoặc đứa bé con, hoặc chim thú, hoặc Mặt Trăng, Mặt Trời,..",0.6119
129,RAG_Chunking,2,"question: Người chết có bốn kiểu táng là gì? answer: thuỷ táng thì đem quẳng xác xuống sông, hoả táng thì đem thiêu xác, thổ táng thì đào huyệt mà chôn, còn điểu táng thì vứt xác ra ngoài đồng","question: Người chết có bốn kiểu táng là gì? answer: thuỷ táng thì đem quẳng xác xuống sông, hoả táng thì đem thiêu xác, thổ táng thì đào huyệt mà chôn, còn điểu táng thì vứt xác ra ngoài đồng",0.7525
129,RAG_Chunking,3,"question: Các tác phẩm tiêu biểu do ông soạn thảo hoặc do học trò ghi lại lời của ông là những tác phẩm nào? answer: Luận Ngữ, Kinh Thi, Kinh Thư, Kinh Dịch, Kinh Xuân Thu...","question: Các tác phẩm tiêu biểu do ông soạn thảo hoặc do học trò ghi lại lời của ông là: Luận Ngữ, Kinh Thi, Kinh Thư, Kinh Dịch, Kinh Xuân Thu... là những tác phẩm nào? answer: Luận Ngữ, Kinh Thi, Kinh Thư, Kinh Dịch, Kinh Xuân Thu...",0.7396
129,RAG_Chunking,4,"question: Khi tình thương tới gõ cửa Ấn Độ thì cửa đã mở toang chờ sẵn rồi! answer: Khi tình thương tới gõ cửa Ấn Độ thì cửa đã mở toang chờ sẵn rồi... Nghe tiếng gọi của Gandhi, Ấn Độ xông ngay tới một cảnh vinh quang cao quý mới, như hồi xưa, rất xa xăm, khi Phật Tổ tuyên bố đạo từ bi, thương yêu cả mọi sinh vật","question: Ai là người cảm thấy như ông rằng tất cả mọi người Ấn chính là da thịt của mình, máu mủ của mình? answer: Ấn Độ xông ngay tới một cảnh vinh quang cao quý mới, như hồi xưa, rất xa xăm, khi Phật Tổ tuyên bố đạo từ bi, thương yêu cả mọi sinh vật",0.8832
130,Chunking_Only,1,"question: Vào đầu thời kỳ Đồ đá mới, con người đã sinh sống thường xuyên ở đâu? answer: bờ trái một nhánh cũ của sông Seine, thuộc Quận 12 ngày nay","question: Vào đầu thời kỳ Đồ đá mới, con người đã sinh sống thường xuyên ở đâu? answer: bờ trái một nhánh cũ của sông Seine, thuộc Quận 12 ngày nay",0.7744
130,Chunking_Only,2,question: Khoảng thời gian từ thời Tiền sử cho tới thời kỳ Gaule La Mã là bao lâu? answer: bao lâu,question: Khoảng thời gian từ thời Tiền sử cho tới thời kỳ Gaule La Mã là bao lâu? answer: từ thời Tiền sử cho tới thời kỳ Gaule La Mã,0.6121
130,RAG_Chunking,1,question: Nền văn minh nào phát triển rực rỡ thời cổ đại? answer: Văn minh Ai Cập cổ đại,question: Nền văn minh nào phát triển rực rỡ thời cổ đại? answer: Văn minh Ai Cập cổ đại,0.8043
130,RAG_Chunking,2,"question: Điều kiện tự nhiên thuận lợi cho sự phát triển của kinh tế, chính trị, xã hội và dân cư là gì? answer: Sông Ấn và sông Hằng tạo ra những điều kiện tự nhiên thuận lợi cho sự phát triển của kinh tế, chính trị, xã hội và dân cư","question: Điều kiện tự nhiên thuận lợi cho sự phát triển của kinh tế, chính trị, xã hội và dân cư là gì? answer: Sông Ấn và sông Hằng tạo ra những điều kiện tự nhiên thuận lợi cho sự phát triển của kinh tế, chính trị, xã hội và dân cư",0.7139
130,RAG_Chunking,3,question: Khoảng thời gian nào con người sinh sống thường xuyên ở bờ trái một nhánh cũ của sông Seine? answer: khoảng năm 4.000 đến 3.800 trước Công Nguyên,question: Khoảng thời gian nào con người sinh sống thường xuyên ở bờ trái một nhánh cũ của sông Seine? answer: khoảng năm 4.000 đến 3.800 trước Công Nguyên,0.8079
131,Chunking_Only,1,question: Roosevelt đã làm gì khi Stalin tố cáo Đồng minh phương Tây? answer: tôi không thể nào mà không có một cảm giác tức giận đối vớ answer: Tôi không thể nào mà không có một cảm giác tức giận đối vớ answer: Tôi không thể nào mà không có một cảm giác tức giận đối vớ answer: Tôi không thể nào mà không có một cảm giác tức giận đối vớ answer: Tôi không thể nào mà không có một cảm giác tức giận đối vớ answer: Tôi không thể nào mà không có một cảm giác tức giận đối vớ ans,question: Roosevelt đã làm gì khi Stalin tố cáo Đồng minh phương Tây? answer: đang mưu toan tìm kiếm hòa bình riêng với Hitler phía sau lưng vị lãnh tụ này,0.8344
131,Chunking_Only,2,"question: Roosevelt đã có phản ứng như thế nào đối với những người chỉ điểm cho ông? answer: tôi không thể nào mà không có một cảm giác tức giận đối với những người chỉ điểm cho ông, bất cứ họ là ai, vì đã diễn đạt lại sai một cách đê hèn như thế về những hành động của tôi hay hành động của những thuộc cấp đáng tin của tôi","question: Roosevelt đã có phản ứng như thế nào đối với những người chỉ điểm cho ông? answer: tôi không thể nào mà không có một cảm giác tức giận đối với những người chỉ điểm cho ông, bất cứ họ là ai, vì đã diễn đạt lại sai một cách đê hèn như thế về những hành động của tôi hay hành động của những thuộc cấp đáng tin của tôi",0.8929
131,RAG_Chunking,1,"question: Ai dẫn Đô đốc Hoàng Trung, Đô chỉ huy Thái Phúc tiến công phía bắc thành Đa Bang? answer: Ngô Sĩ Liên và các sử thần triều Hậu Lê, Đại Việt sử ký toàn thư, Tập 2, NXB Khoa học xã hội, tr.215","question: Ai dẫn Đô đốc Hoàng Trung, Đô chỉ huy Thái Phúc tiến công phía bắc thành Đa Bang? answer: Ngô Sĩ Liên và các sử thần triều Hậu Lê, Đại Việt sử ký toàn thư, Tập 2, NXB Khoa học xã hội, tr.215",0.7622
131,RAG_Chunking,2,"question: Trong cuộc kháng chiến chống Pháp, Hồ Chí Minh đã có những hành động gì? answer: Hồ Chí Minh đã có những hành động gì? answer: Hồ Chí Minh đã có những hành động gì? answer: Hồ Chí Minh đã có những hành động gì? answer: Hồ Chí Minh đã có những hành động gì? answer: Trong cuộc kháng chiến chống Pháp (1945-1954): - Chủ tịch Hồ Chí Minh gửi thư, công hàm khẳng định tính hợp pháp của nhà nước Việt Nam Dân chủ Cộng hòa","question: Trong cuộc kháng chiến chống Pháp, Hồ Chí Minh đã có những hành động gì? answer: Chủ tịch Hồ Chí Minh gửi thư, công hàm khẳng định tính hợp pháp của nhà nước Việt Nam Dân chủ Cộng hòa. - Chủ tịch Hồ Chí Minh gửi thư, công hàm khẳng định tính hợp pháp của nhà nước Việt Nam Dân chủ Cộng hòa. - Chủ tịch Hồ Chí Minh gửi thư, công hàm khẳng định tính hợp pháp của nhà nước Việt Nam Dân chủ Cộng hòa. - Chủ tịch Hồ Chí Minh gửi thư, công hàm khẳng định tính hợp pháp của nhà nước Việt Nam Dân chủ Cộng hòa",0.7796
131,RAG_Chunking,3,"question: Answer: Suốt tháng 3 năm 1945, ông gửi các thông điệp đến Stalin với những lời lẽ đanh thép, tố cáo Stalin phá vỡ Tạm ước Việt-Pháp (14-9-1946)","question: Ông gửi các thông điệp đến Stalin vào thời gian nào? answer: Suốt tháng 3 năm 1945, ông gửi các thông điệp đến Stalin với những lời lẽ đanh thép, tố cáo Stalin phá vỡ  Tạm ước Việt-Pháp (14-9-1946)",0.7014
131,RAG_Chunking,4,"question: Vào tháng 3 năm 1945, Roosevelt đã gửi các thông điệp gì đến Stalin? answer: ông gửi các thông điệp đến Stalin với những lời lẽ đanh thép, tố cáo Stalin phá vỡ những thỏa thuận thực thi của vị lãnh tụ Liên Xô tại Hội nghị Yalta về Ba Lan, Đức, tù binh, và các vấn đề khác","question: Vào tháng 3 năm 1945, Roosevelt đã gửi các thông điệp gì đến Stalin? answer: ông gửi các thông điệp đến Stalin với những lời lẽ đanh thép, tố cáo Stalin phá vỡ những thỏa thuận thực thi của vị lãnh tụ Liên Xô tại Hội nghị Yalta về Ba Lan, Đức, tù binh, và các vấn đề khác",0.8344
131,RAG_Chunking,5,"question: Roosevelt đã trả lời như thế nào về những người chỉ điểm cho ông? answer: Tôi không thể nào mà không có một cảm giác tức giận đối với những người chỉ điểm cho ông, bất cứ họ là ai, vì đã diễn đạt lại sai một cách đê hèn như thế về những hành động của tôi hay hành động của những thuộc cấp đáng tin của tôi","question: Roosevelt đã trả lời như thế nào về những người chỉ điểm cho ông? answer: Tôi không thể nào mà không có một cảm giác tức giận đối với những người chỉ điểm cho ông, bất cứ họ là ai, vì đã diễn đạt lại sai một cách đê hèn như thế về những hành động của tôi hay hành động của những thuộc cấp đáng tin của tôi",0.8927
132,Chunking_Only,1,question: Tổng thống Hoa Kỳ rời Ai Cập vào ngày nào? answer: ngày 12 tháng 2 năm 1945,question: Tổng thống Hoa Kỳ rời Ai Cập vào ngày nào? answer: ngày 12 tháng 2 năm 1945,0.7115
132,Chunking_Only,2,question: Cuộc họp cuối cùng giữa F.D.Roosevelt và Winston Churchill diễn ra vào ngày nào? answer: ngày 18 tháng 2,question: Cuộc họp cuối cùng giữa F.D.Roosevelt và Winston Churchill diễn ra vào ngày nào? answer: ngày 18 tháng 2,0.6733
132,Chunking_Only,3,"question: Tại Yalta, Lord Moran đã nói về bệnh tình của Roosevelt như thế nào? answer: Bệnh tình của ông rất là nặng. Ông có tất cả triệu chứng của bệnh xơ cứng mạch máu não trong thời kỳ cuối, vì vậy tôi cho rằng ông chỉ còn sống vài tháng","question: Tại Yalta, Lord Moran đã nói về bệnh tình của Roosevelt như thế nào? answer: Bệnh tình của ông rất là nặng. Ông có tất cả triệu chứng của bệnh xơ cứng mạch máu não trong thời kỳ cuối, vì vậy tôi cho rằng ông chỉ còn sống vài tháng",0.8186
132,RAG_Chunking,1,"question: Cuộc kháng chiến chống quân Xiêm diễn ra vào thời gian nào? answer: Giữa năm 1784, 5 vạn quân Xiêm kéo vào Gia Định (Nam Bộ ngày nay) với danh nghĩa giúp Nguyễn Ánh","question: Cuộc kháng chiến chống quân Xiêm diễn ra vào thời gian nào? answer: Giữa năm 1784, 5 vạn quân Xiêm kéo vào Gia Định (Nam Bộ ngày nay) với danh nghĩa giúp Nguyễn Ánh",0.8632
132,RAG_Chunking,2,question: Ngày 19-1-1785 đã diễn ra sự kiện gì? answer: trên sông Tiên (đoạn từ Rạch Gầm đến Xoài Mút) đã diễn ra trận đánh quyết định giữa quân Tây Sơn và quân Xiêm,"question: Ngày 19-1-1785 đã diễn ra sự kiện gì? answer: trên sông Tiên (đoạn từ Rạch Gầm đến Xoài Mút) đã diễn ra trận đánh quyết định giữa quân Tây Sơn và quân Xiêm. Mờ sáng ngày 19-1-1785, trên sông Tiên (đoạn từ Rạch Gầm đến Xoài Mút) đã diễn ra trận đánh quyết định giữa quân Tây Sơn và quân Xiêm",0.8176
132,RAG_Chunking,3,question: Quân Tây Sơn tiến đánh và hạ đồn Đống Đa vào thời gian nào? answer: Mờ sáng ngày mồng 5 Tết,question: Quân Tây Sơn tiến đánh và hạ đồn Đống Đa vào thời gian nào? answer: Mờ sáng ngày mồng 5 Tết,0.6062
132,RAG_Chunking,4,question: Tổng thống Hoa Kỳ rời Ai Cập vào ngày nào? answer: ngày 12 tháng 2 năm 1945,question: Tổng thống Hoa Kỳ rời Ai Cập vào ngày nào? answer: ngày 12 tháng 2 năm 1945,0.7143
132,RAG_Chunking,5,question: Cuộc họp cuối cùng giữa F.D.Roosevelt và Winston Churchill diễn ra vào ngày nào? answer: ngày 18 tháng 2,question: Cuộc họp cuối cùng giữa F.D.Roosevelt và Winston Churchill diễn ra vào ngày nào? answer: ngày 18 tháng 2,0.6581
132,RAG_Chunking,6,"question: Tại Yalta, Lord Moran đã nói về bệnh tình của Roosevelt như thế nào? answer: Bệnh tình của ông rất là nặng. Ông có tất cả triệu chứng của bệnh xơ cứng mạch máu não trong thời kỳ cuối, vì vậy tôi cho rằng ông chỉ còn sống vài tháng","question: Tại Yalta, Lord Moran đã nói về bệnh tình của Roosevelt như thế nào? answer: Bệnh tình của ông rất là nặng. Ông có tất cả triệu chứng của bệnh xơ cứng mạch máu não trong thời kỳ cuối, vì vậy tôi cho rằng ông chỉ còn sống vài tháng",0.8333
133,Chunking_Only,1,"question: Bức tường thành của vua Charles V bao gồm những khu vực nào? answer: Quận 3 và Quận 4 ngày nay, và trải từ cầu Pont Royal tới cửa ô Saint-Denis","question: Bức tường thành của vua Charles V bao gồm những khu vực nào? answer: Quận 3 và Quận 4 ngày nay, và trải từ cầu Pont Royal tới cửa ô Saint-Denis",0.6691
133,RAG_Chunking,1,question: Ngày 14-7-1789 diễn ra sự kiện gì? answer: hàng nghìn người dân Pa-ri đã nổi dậy đánh chiếm ngục Ba-xti từ tay quân lính của triều đình,question: Ngày 14-7-1789 là ngày diễn ra sự kiện gì? answer: hàng nghìn người dân Pa-ri đã nổi dậy đánh chiếm ngục Ba-xti từ tay quân lính của triều đình,0.6827
133,RAG_Chunking,2,"question: Nhà vua là ai? answer: là chủ sở hữu tối cao về ruộng đất, là người có quyền quyết định duy nhất về việc ban tặng ruộng đất cho các đền miếu, ban cấp cho quan lại","question: Nhà vua là ai? answer: là chủ sở hữu tối cao về ruộng đất, là người có quyền quyết định duy nhất về việc ban tặng ruộng đất cho các đền miếu, ban cấp cho quan lại",0.7148
133,RAG_Chunking,3,question: Các trường học của giáo hộ answer: answer: answer: answer: answer: answer: answer: answer: answer: answer: answer: answer: answer: answer: answer: answer: answer: answer: answer: answer: answer: answer: answer: answer: answer: answer: trường học của giáo hộ,"question: Năm 1163, giáo mục Maurice de Sully xây dựng nhà thờ Đức Bà trên đảo nào? answer: đảo le de la Cité",0.6289
134,Chunking_Only,1,question: Ai là người đứng đầu đảng Quốc dân Đại hội? answer: Chitta Ranjan Das và Motilal Nehru,question: Ai là người đứng đầu đảng Quốc dân Đại hội? answer: Chitta Ranjan Das và Motilal Nehru,0.7503
134,RAG_Chunking,1,question: Vào khoảng thời gian nào thì Phùng Hưng cùng em trai khởi nghĩa? answer: khoảng những năm 766 - 780,question: Vào khoảng thời gian nào thì Phùng Hưng cùng em trai khởi nghĩa? answer: khoảng những năm 766 - 780,0.6802
134,RAG_Chunking,2,question: Cuộc khởi nghĩa Hai Bà Trưng bùng nổ vào thời gian nào? answer: năm 40,question: Cuộc khởi nghĩa Hai Bà Trưng bùng nổ vào thời gian nào? answer: năm 40,0.671
134,RAG_Chunking,3,question: Sau khi nhà Hồ thất bại trong cuộc kháng chiến chống quân Minh năm 1407 thì những cuộc đấu tranh nào tiếp tục nổ ra? answer: nhiều cuộc đấu tranh tiếp tục nổ ra trên cả nước,question: Sau khi nhà Hồ thất bại trong cuộc kháng chiến chống quân Minh năm 1407 thì những cuộc đấu tranh nào tiếp tục nổ ra? answer: nhiều cuộc đấu tranh tiếp tục nổ ra trên cả nước,0.8032
134,RAG_Chunking,4,question: Phái thứ hai được dẫn đầu bởi ai? answer: Chitta Ranjan Das và Motilal Nehru,question: Phái thứ hai được dẫn đầu bởi ai? answer: Chitta Ranjan Das và Motilal Nehru,0.6863
135,Chunking_Only,1,question: Gandhi có ảnh hưởng như thế nào trong cộng đồng Ấn Độ giáo và Hồi giáo tại Ấn Độ? answer: Ông có ảnh hưởng lớn trong các cộng đồng Ấn Độ giáo và Hồi giáo tại Ấn Độ,question: Gandhi có ảnh hưởng như thế nào trong cộng đồng Ấn Độ giáo và Hồi giáo tại Ấn Độ? answer: Ông có ảnh hưởng lớn trong các cộng đồng Ấn Độ giáo và Hồi giáo tại Ấn Độ,0.8075
135,Chunking_Only,2,"question: Những vùng nào đã được Jinnah hỗ trợ? answer: Tây Punjab, Sindh, NWFP và Đông Bengal, tất cả những vùng đã hợp thành dạng Pakistan và Bangladesh ngày nay",question: Xứ sở mới của người theo Hồi giáo được kiến lập từ những vùng nào? answer: từ các vùng Đông và Tây Ấn Độ,0.7403
135,Chunking_Only,3,"question: Ngày trao quyền chính trị của Gandhi có ý nghĩa như thế nào? answer: Ngày trao quyền chính trị, Gandhi không ăn mừng độc lập cùng với công chúng Ấn Độ mà chỉ đơn độc tại Kolkata, đau buồn về sự phân chia và tiếp tục công việc nhằm chấm dứt bạo lực","question: Ngày trao quyền chính trị của Gandhi là ngày gì? answer: Ngày trao quyền chính trị, Gandhi không ăn mừng độc lập cùng với công chúng Ấn Độ mà chỉ đơn độc tại Kolkata, đau buồn về sự phân chia và tiếp tục công việc nhằm chấm dứt bạo lực",0.8678
135,RAG_Chunking,1,question: Phật giáo ra đời vào khoảng thời gian nào? answer: khoảng thế kỉ VI TCN,question: Phật giáo ra đời vào khoảng thời gian nào? answer: khoảng thế kỉ VI TCN,0.6715
135,RAG_Chunking,2,question: Phật giáo được truyền bá mạnh mẽ dưới thời vua nào? answer: vua A-sô-ca,question: Phật giáo được truyền bá mạnh mẽ dưới thời vua nào? answer: vua A-sô-ca,0.7291
135,RAG_Chunking,3,"question: Các ấp chính của Phùng Hưng là gì? answer: Bra-ma, Ksa-ti-a, Vai-si-a, Su-đra","question: Các ấp chính của Phùng Hưng là gì? answer: Bra-ma, Ksa-ti-a, Vai-si-a, Su-đra",0.6029
135,RAG_Chunking,4,question: Ai là người lãnh đạo cuộc khởi nghĩa của Phùng An? answer: Phùng Hưng,question: Ai là người lãnh đạo cuộc khởi nghĩa của Phùng An? answer: Phùng Hưng,0.6665
135,RAG_Chunking,5,"question: Liên minh Hồi giáo đã luận cứ điều gì? answer: thiểu số người Hồi giáo sẽ bị bức áp một cách có hệ thống bởi phần lớn môn đồ Ấn Độ giáo trong một quốc gia Ấn Độ thống nhất, và một quốc gia riêng cho người theo Hồi g","question: Liên minh Hồi giáo đã luận cứ điều gì? answer: thiểu số người Hồi giáo sẽ bị bức áp một cách có hệ thống bởi phần lớn môn đồ Ấn Độ giáo trong một quốc gia Ấn Độ thống nhất, và một quốc gia riêng cho người theo Hồi gỉa",0.7644
135,RAG_Chunking,6,"question: Vì sao nhiều người Hồi giáo ở trung tâm Ấn Độ lại muốn một quốc gia Ấn Độ thống nhất? answer: nhiều người Hồi giáo ở trung tâm Ấn Độ - vốn chung sống với người Ấn giáo, đạo Sikhs, Phật giáo, Kì-na giáo, đạo Parsi, Kitô giáo và đạo Do Thái - lại muốn một quốc gia Ấn Độ thống nhất","question: Vì sao nhiều người Hồi giáo ở trung tâm Ấn Độ lại muốn một quốc gia Ấn Độ thống nhất? answer: nhiều người Hồi giáo ở trung tâm Ấn Độ - vốn chung sống với người Ấn giáo, đạo Sikhs, Phật giáo, Kì-na giáo, đạo Parsi, Kitô giáo và đạo Do Thái - lại muốn một quốc gia Ấn Độ thống nhất",0.8532
135,RAG_Chunking,7,"question: Tại sao Gandhi không ăn mừng độc lập cùng với công chúng Ấn Độ? answer: Ngày trao quyền chính trị, Gandhi không ăn mừng độc lập cùng với công chúng Ấn Độ mà answer: Ngày trao quyền chính trị, Gandhi không ăn mừng độc lập cùng với công chúng Ấn Độ mà answer: Ngày trao quyền chính trị, Gandhi không ăn mừng độc lập cùng với công chúng Ấn Độ mà answer: Ngày trao quyền chính trị, Gandhi không ăn mừng độc lập cùng với công chúng Ấn Độ mà answer: Gandhi không ăn mừng độc lập cùng với công chúng Ấn Độ",question: Xứ sở mới của người theo Hồi giáo được kiến lập từ những vùng nào? answer: từ các vùng Đông và Tây Ấn Độ,0.7202
135,RAG_Chunking,8,question: Ngày trao quyền chính trị của Gandhi là ngày gì? answer: Ngày trao quyền chính trị,"question: Ngày trao quyền chính trị của Gandhi là ngày gì? answer: Ngày trao quyền chính trị, Gandhi không ăn mừng độc lập cùng với công chúng Ấn Độ mà chỉ đơn độc tại Kolkata, đau buồn về sự phân chia và tiếp tục công việc nhằm chấm dứt bạo lực",0.8717
136,Chunking_Only,1,"question: Hóa thạch của Titanomyrma giganteum có kích thước như thế nào? answer: chiều dài 6 xentimét (2,4 in) với sải cách 15 xentimét (5,9 in)","question: Hóa thạch của Titanomyrma giganteum có kích thước như thế nào? answer: chiều dài 6 xentimét (2,4 in) với sải cách 15 xentimét (5,9 in)",0.7496
136,Chunking_Only,2,"question: Cơ sở dữ liệu các loài kiến gồm những gì? answer: ""AntBase"" và ""Hymenoptera Name Server"" giúp theo dõi các loài kiến đã biết và các loài mới đưọc","question: Cơ sở dữ liệu các loài kiến gồm những gì? answer: ""AntBase"" và ""Hymenoptera Name Server"" giúp theo dõi các loài kiến đã biết và các loài mới đưọc",0.7686
136,RAG_Chunking,1,"question: Chữ tượng hình của cư dân Ai Cập cổ đại trên giấy Pa-pi-rút là gì? answer: Chữ tượng hình của cư dân Ai Cập cổ đại Kiến có kích thước thay đổi từ 0,75 đến 52 milimét (0,030 đến 2,0 in), loài lớn nhất là hóa thạch của Titanomyrma giganteum, loài lớn nhất là hóa thạch của Titanomyrma giganteum, loài lớn nhất là hóa thạch của Titanomyrma giganteum, loài lớn nhất là hóa thạch của Titanomyrma giganteum, loài lớn nhất là hóa thạch của Titan","question: Hình 6.3. Chữ tượng hình của cư dân Ai Cập cổ đại trên giấy Pa-pi-rút là gì? answer: Chữ tượng hình của cư dân Ai Cập cổ đại Kiến có kích thước thay đổi từ 0,75 đến 52 milimét (0,030 đến 2,0 in), loài lớn nhất là hóa thạch của Titanomyrma giganteum, loài lớn nhất là hóa thạch của Titanomyrma giganteum, loài lớn nhất là hóa thạch của Titanomyrma giganteum, loài lớn nhất là hóa thạch của Titanomyrma giganteum, loài lớn nhất",0.6933
136,RAG_Chunking,2,"question: Chiều dài của hóa thạch Titanomyrma giganteum là bao nhiêu? answer: 6 xentimét (2,4 in) với sải cách 15 xentimét (5,9 in)","question: Chiều dài của hóa thạch Titanomyrma giganteum là bao nhiêu? answer: 6 xentimét (2,4 in) với sải cách 15 xentimét (5,9 in)",0.7517
136,RAG_Chunking,3,"question: Cơ sở dữ liệu các loài kiến gồm những gì? answer: ""AntBase"" và ""Hymenoptera Name Server"" giúp theo dõi các loài kiến đã biết và các loài mới được miêu tả","question: Cơ sở dữ liệu các loài kiến gồm những gì? answer: ""AntBase"" và ""Hymenoptera Name Server"" giúp theo dõi các loài kiến đã biết và các loài mới được miêu tả",0.7568
136,RAG_Chunking,4,question: Việc dễ dàng nghiên cứu các loài kiến như là một loài chỉ thị trong các hệ sinh thái là một thuận lợi cho việc gì? answer: nghiên cứu đa dạng sinh học,question: Việc dễ dàng nghiên cứu các loài kiến như là một loài chỉ thị trong các hệ sinh thái là một thuận lợi cho việc gì? answer: nghiên cứu đa dạng sinh học,0.7637
137,Chunking_Only,1,"question: Vào năm 2005, theo ước tính của viện INSEE, thành phố có bao nhiêu người vô gia cư? answer: khoảng 8.000 người","question: Vào năm 2005, theo ước tính của viện INSEE, thành phố có bao nhiêu người vô gia cư? answer: khoảng 8.000 người",0.7661
137,Chunking_Only,2,question: Con số ở New York vào năm 2006 là bao nhiêu? answer: 33.000 người,question: Con số ở New York vào năm 2006 là bao nhiêu? answer: 33.000 người,0.6493
137,RAG_Chunking,1,"question: Những người cực khổ nhất trong xã hội là những người như thế nào? answer: không có ruộng đất, bị nhiều tầng lớp áp bức bóc lột","question: Những người cực khổ nhất trong xã hội là những người như thế nào? answer: không có ruộng đất, bị nhiều tầng lớp áp bức bóc lột",0.7254
137,RAG_Chunking,2,"question: Các hiện tượng nào xảy ra ở các làng xã? answer: tình trạng che giấu, gian dối về ruộng đất và dân đinh trở nên phổ biến","question: Các hiện tượng nào xảy ra ở các làng xã? answer: tình trạng che giấu, gian dối về ruộng đất và dân đinh trở nên phổ biến",0.6579
137,RAG_Chunking,3,question: Tại Luân Đôn có bao nhiêu người vô gia cư? answer: 50.000 người,question: Tại Luân Đôn có bao nhiêu người vô gia cư? answer: 50.000 người,0.7172
137,RAG_Chunking,4,question: Có bao nhiêu người vô gia cư ở Paris? answer: 50.000 người,question: Có bao nhiêu người vô gia cư ở Paris? answer: 50.000 người,0.7445
138,Chunking_Only,1,question: Có bao nhiêu công ty tại khu vực La Défense? answer: 1.500 công ty,"question: Có bao nhiêu công ty tại khu vực La Défense? answer: 1.500 công ty, trong đó có 14 trong 20 công ty hàng đầu của Pháp và 15 trong 50 công ty hàng đầu của thế giới",0.7193
138,RAG_Chunking,1,question: Tháp Ép-phen được xây dựng vào thời gian nào? answer: ngày 31-3-1889,question: Tháp Ép-phen được xây dựng vào thời gian nào? answer: ngày 31-3-1889,0.806
138,RAG_Chunking,2,question: Ngày 14-7-1789 là ngày diễn ra sự kiện gì? answer: hàng nghìn người dân Pa-ri đã nổi dậy đánh chiếm ngục Ba-xti từ tay quân lính của triều đình,question: Ngày 14-7-1789 là ngày diễn ra sự kiện gì? answer: hàng nghìn người dân Pa-ri đã nổi dậy đánh chiếm ngục Ba-xti từ tay quân lính của triều đình,0.7163
138,RAG_Chunking,3,"question: Những nơi nào được xây dựng với quy mô lớn? answer: Hoàng thành Thăng Long, thành nhà Hồ, thành Lam Kinh, thành nhà Mạc, Đại nội Huế, thành Gia Định","question: Những nơi nào được xây dựng với quy mô lớn? answer: Hoàng thành Thăng Long, thành nhà Hồ, thành Lam Kinh, thành nhà Mạc, Đại nội Huế, thành Gia Định",0.6066
138,RAG_Chunking,4,question: Những ngôi chùa nổi tiếng được xây dựng ở khu vực nào? answer: khu vực La La La La La La La La La La La La La La La La La La La La La La La La La La La La La La La La La La La La La La La La La La La La La La La La La La La La La La La La La La La La La La La La La La La La La La La La La La La La La La La La La La La La La La La La La La La La La La La La La La La La La La La La,question: Những ngôi chùa nổi tiếng được xây dựng ở khu vực nào? answer: khu vực La  La  La  La  La  La  La  La  La  La  La  La  La  La  La  La  La  La  La  La  La  La  La  La  La  La  La  La  La  La  La  La  La  La  La,0.6778
138,RAG_Chunking,5,question: Có bao nhiêu công ty tại khu vực La Défense? answer: 1.500 công ty,"question: Có bao nhiêu công ty tại khu vực La Défense? answer: 1.500 công ty, trong đó có 14 trong 20 công ty hàng đầu của Pháp và 15 trong 50 công ty hàng đầu của thế giới",0.6809
139,Chunking_Only,1,question: Mitterrand quay sang Đảng Xã hội vào thời gian nào? answer: Tháng 6 năm 1971,question: Mitterrand quay sang Đảng Xã hội vào thời gian nào? answer: Tháng 6 năm 1971,0.6634
139,Chunking_Only,2,"question: Ai được bầu làm thư ký thứ nhất của ""PS""? answer: Mitterrand","question: Ai được bầu làm thư ký thứ nhất của ""PS""? answer: Mitterrand",0.622
139,RAG_Chunking,1,question: Nguyên nhân dẫn tới thắng lợi của Cách mạng Tháng Tám năm 1945 là gì? answer: Sự lãnh đạo đúng đắn của Đảng Cộng sản Đông Dương đứng đầu là Chủ tịch Hồ Chí Minh,question: Nguyên nhân dẫn tới thắng lợi của Cách mạng Tháng Tám năm 1945 là gì? answer: Sự lãnh đạo đúng đắn của Đảng Cộng sản Đông Dương đứng đầu là Chủ tịch Hồ Chí Minh,0.85
139,RAG_Chunking,2,"question: Bài học kinh nghiệm của Cách mạng Tháng 8 năm 1945 là gì? answer: Answer: phát xít Nhật đầu hàng Đồng minh, chính quyền tay sai Nhật mất khả năng kiểm soát","question: Bài học kinh nghiệm của Cách mạng Tháng 8 năm 1945 là gì? answer: phát xít Nhật đầu hàng Đồng minh, chính quyền tay sai Nhật mất khả năng kiểm soát",0.8008
139,RAG_Chunking,3,"question: Bài học kinh nghiệm của Cách mạng Tháng Tám là gì? answer: - Sự lãnh đạo đúng đắn của Đảng Cộng sản. - Kết hợp sức mạnh dân tộc với sức mạnh thời đại. - Có đường lối chiến lược đúng đắn, vận dụng sáng tạo, linh hoạt vào điều kiện cụ thể của đất nước. - Tập hợp, tổ chức các lực lượng yêu nước rộng rãi trong Mặt trận dân tộc thống nhất, phát huy sức mạnh đoàn kết toàn dân. - Tập hợp, tổ chức các lực lượng yêu nước rộng rãi trong Mặt trận dân tộc thống nhất, phát huy sức mạnh đoàn kết toàn","question: Bài học kinh nghiệm của Cách mạng Tháng Tám là gì? answer: - Sự lãnh đạo đúng đắn của Đảng Cộng sản. - Kết hợp sức mạnh dân tộc với sức mạnh thời đại. - Có đường lối chiến lược đúng đắn, vận dụng sáng tạo, linh hoạt vào điều kiện cụ thể của đất nước. - Tập hợp, tổ chức các lực lượng yêu nước rộng rãi trong Mặt trận dân tộc thống nhất, phát huy sức mạnh đoàn kết toàn dân. - Tập hợp, tổ chức các lực lượng yêu nước rộng rãi trong Mặt trận dân tộc thống nhất, phát huy sức mạnh đoàn kết toàn",0.9659
139,RAG_Chunking,4,question: Ai là người thay thế SFIO năm 1969? answer: CIR,question: Ai là người thay thế SFIO năm 1969? answer: CIR,0.6205
139,RAG_Chunking,5,"question: Ai là người được bầu làm thư ký thứ nhất của ""PS""? answer: Answer: ông đã có được sự ủng hộ của toàn bộ các thành phần phản đối bên trong chống phe của Mollet và ông được bầu làm thư ký thứ nhất của ""PS""","question: Ai là người được bầu làm thư ký thứ nhất của ""PS""? answer: ông đã có được sự ủng hộ của toàn bộ các thành phần phản đối bên trong chống phe của Mollet và ông được bầu làm thư ký thứ nhất của ""PS""",0.755
140,Chunking_Only,1,question: Đạo luật người Da đỏ (Indian Act) là gì? answer: các hiệp định khác nhau và các án lệ pháp được lập ra để điều đình các quan hệ giữa người châu Âu và các dân tộc bản địa,question: Đạo luật người Da đỏ (Indian Act) là gì? answer: các hiệp định khác nhau và các án lệ pháp được lập ra để điều đình các quan hệ giữa người châu Âu và các dân tộc bản địa,0.7144
140,Chunking_Only,2,"question: Quyền lợi của các hiệp định và các quyền l answer: Các hiệp định này là những thỏa thuận với Hội đồng Xu mật viện quân chủ Canada, được quản lý theo luật Thổ dân Canada, và do Bộ trưởng Sự vụ dân nguyên trú và Phát triển phương Bắc giám sát",question: Các hiệp định được ký giữa các dân tộc nào? answer: Thổ dân tại Canada và Quân chủ tại vị của Canada,0.7958
140,Chunking_Only,3,question: Điều 35 của Đạo luật Hiến pháp 1982 có ý nghĩa như thế nào? answer: Vai trò của các hiệp định và các quyền lợi họ được cấp được tác khẳng định qua Điều 35 của Đạo luật Hiến pháp 1982,question: Điều 35 của Đạo luật Hiến pháp 1982 là gì? answer: Đạo luật Hiến pháp 1982,0.6433
140,RAG_Chunking,1,question: Ý nghĩa lịch sử của cuộc kháng chiến chống Mỹ là gì? answer: Chấm dứt ách thống trị của thực dân Pháp gần một thế kỷ. - Chấm dứt ách thống trị của thực dân Pháp gần một thế kỷ. - Chấm dứt ách thống trị của thực dân Pháp gần một thế kỷ. - Chấm dứt ách thống trị của thực dân Pháp gần một thế kỷ. - Chấm dứt ách thống trị của thực dân Pháp gần một thế kỷ. - Chấm dứt ách thống trị của thực dân Pháp gần một thế kỷ. - Chấm dứt ách thống trị của thực dân Pháp gần một thế kỷ,question: Ý nghĩa lịch sử của cuộc kháng chiến chống Mỹ là gì? answer: Chấm dứt ách thống trị của thực dân Pháp gần một thế kỷ. - Chấm dứt ách thống trị của thực dân Pháp gần một thế kỷ. - Chấm dứt ách thống trị của thực dân Pháp gần một thế kỷ. - Chấm dứt ách thống trị của thực dân Pháp gần một thế kỷ. - Chấm dứt ách thống trị của thực dân Pháp gần một thế kỷ. - Chấm dứt ách thống trị của thực dân Pháp gần một thế kỷ. - Chấm dứt ách thống trị của thực dân Pháp gần một thế kỷ,0.7639
140,RAG_Chunking,2,"question: Ý nghĩa lịch sử của nước Âu Lạc là gì? answer: Chấm dứt ách thống trị của thực dân Pháp gần một thế kỷ. - Miền Bắc được giải phóng, chuyển sang cách mạng xã hội chủ nghĩa. - Giáng đòn nặng nề vào chủ nghĩa đế quốc, góp phần tan rã hệ thống thuộc địa cũ. - Giáng đòn nặng nề vào chủ nghĩa đế quốc, góp phần tan rã hệ thống thuộc địa cũ. - Giáng đòn nặng nề vào chủ nghĩa đế quốc, góp phần tan rã hệ thống thuộc địa cũ. - Giáng đòn nặng nề vào chủ nghĩa đế quốc, góp phần tan rã","question: Ý nghĩa lịch sử của nước Âu Lạc là gì? answer: Chấm dứt ách thống trị của thực dân Pháp gần một thế kỷ. - Miền Bắc được giải phóng, chuyển sang cách mạng xã hội chủ nghĩa. - Giáng đòn nặng nề vào chủ nghĩa đế quốc, góp phần tan rã hệ thống thuộc địa cũ. - Giáng đòn nặng nề vào chủ nghĩa đế quốc, góp phần tan rã hệ thống thuộc địa cũ. - Giáng đòn nặng nề vào chủ nghĩa đế quốc, góp phần tan rã hệ thống thuộc địa cũ. - Giáng đòn nặng nề vào chủ nghĩa đế quốc, góp phần tan rã",0.8876
140,RAG_Chunking,3,question: Đạo luật người Da đỏ (Indian Act) là gì? answer: các hiệp định khác nhau và các án lệ pháp được lập ra để điều đình các quan hệ giữa người châu Âu và các dân tộc bản địa,question: Đạo luật người Da đỏ (Indian Act) là gì? answer: các hiệp định khác nhau và các án lệ pháp được lập ra để điều đình các quan hệ giữa người châu Âu và các dân tộc bản địa,0.7621
140,RAG_Chunking,4,question: Các hiệp định được ký giữa các dân tộc nào? answer: Thổ dân tại Canada và Quân chủ tại vị của Canada,question: Các hiệp định được ký giữa các dân tộc nào? answer: Thổ dân tại Canada và Quân chủ tại vị của Canada,0.8287
140,RAG_Chunking,5,question: Điều 35 của Đạo luật Hiến pháp 1982 có ý nghĩa như thế nào đối với phát triển phương Bắc? answer: Vai trò của các hiệp định và các quyền lợi họ được cấp được tác khẳng định qua Điều 35 của Đạo luật Hiến pháp 1982,question: Điều 35 của Đạo luật Hiến pháp 1982 có ý nghĩa như thế nào đối với phát triển phương Bắc? answer: Vai trò của các hiệp định và các quyền lợi họ được cấp được tác khẳng định qua Điều 35 của Đạo luật Hiến pháp 1982,0.7001
141,Chunking_Only,1,question: Tướng Henri Giraud là ai? answer: một cựu tù binh chiến tranh đã bỏ trốn khỏi nhà tù Đức và đi xuyên qua nước Đức để về với các lực lượng Đồng Minh,question: Tướng Henri Giraud là ai? answer: một cựu tù binh chiến tranh đã bỏ trốn khỏi nhà tù Đức và đi xuyên qua nước Đức để về với các lực lượng Đồng Minh,0.763
141,Chunking_Only,2,question: Mitterrand bắt đầu tham gia vào việc lập ra một nhóm kháng chiến mạnh gọi là gì? answer: Organisation de résistance de l'armée (ORA),question: Mitterrand bắt đầu tham gia vào việc lập ra một nhóm kháng chiến mạnh gọi là gì? answer: Organisation de résistance de l'armée (ORA),0.7401
141,RAG_Chunking,1,"question: Quân đội kháng chiến Nam Bộ đã chiến đấu như thế nào? answer: chiến đấu anh dũng, giáng đòn đầu tiên vào kế hoạch ""đánh nhanh thắng nhanh"" của Pháp","question: Quân đội kháng chiến Nam Bộ đã chiến đấu như thế nào? answer: chiến đấu anh dũng, giáng đòn đầu tiên vào kế hoạch ""đánh nhanh thắng nhanh"" của Pháp",0.7791
141,RAG_Chunking,2,question: Ba-xti là gì? answer: một pháo đài kiên cố được xây dựng vào cuối thế kỉ XIV ở phía đông thủ đô Pa-ri (Pháp),question: Ba-xti là gì? answer: một pháo đài kiên cố được xây dựng vào cuối thế kỉ XIV ở phía đông thủ đô Pa-ri (Pháp),0.7294
141,RAG_Chunking,3,question: Bài học lịch sử của các cuộc kháng chiến bảo vệ Tổ quốc từ năm 1945 đến nay là gì? answer: từ năm 1945 đến nay,question: Bài học lịch sử của các cuộc kháng chiến bảo vệ Tổ quốc từ năm 1945 đến nay là gì? answer: Các cuộc kháng chiến bảo vệ Tổ quốc từ năm 1945 đến nay,0.7334
141,RAG_Chunking,4,question: Hoạt động đối ngoại của Việt Nam từ năm 1975 đến nay như thế nào? answer: 73 - Bài 14: Hoạt động đối ngoại của Việt Nam từ năm 1975 đến nay: 73 - Bài 14: Hoạt động đối ngoại của Việt Nam từ năm 1975 đến nay: 73 - Bài 14: Hoạt động đối ngoại của Việt Nam từ năm 1975 đến nay: 73 - Bài 14: Hoạt động đối ngoại của Việt Nam từ năm 1975 đến nay: 73 - Bài 14: Hoạt,question: Hoạt động đối ngoại của Việt Nam từ năm 1975 đến nay như thế nào? answer: từ năm 1975 đến nay: 73 - Bài 14: Hoạt động đối ngoại của Việt Nam từ năm 1975 đến nay: 73 - Bài 14: Hoạt động đối ngoại của Việt Nam từ năm 1975 đến nay: 73 - Bài 14: Hoạt động đối ngoại của Việt Nam từ năm 1975 đến nay: 73 - Bài 14: Hoạt động đối ngoại của Việt Nam từ năm 1975 đến nay,0.8245
141,RAG_Chunking,5,question: Tướng Henri Giraud là ai? answer: một cựu tù binh chiến tranh đã bỏ trốn khỏi nhà tù Đức và đi xuyên qua nước Đức để về với các lực lượng Đồng Minh,question: Tướng Henri Giraud là ai? answer: một cựu tù binh chiến tranh đã bỏ trốn khỏi nhà tù Đức và đi xuyên qua nước Đức để về với các lực lượng Đồng Minh,0.7298
141,RAG_Chunking,6,question: Mitterrand bắt đầu tham gia vào việc gì? answer: lập ra một nhóm kháng chiến mạnh gọi là Organisation de résistance de l'armée (ORA),question: Mitterrand bắt đầu tham gia vào việc gì? answer: lập ra một nhóm kháng chiến mạnh gọi là Organisation de résistance de l'armée (ORA),0.6598
141,RAG_Chunking,7,"question: Ngày 28 tháng 5 năm 1943 là ngày gì? answer: Ngày 28 tháng 5 năm 1943, khi Mitterrand gặp gỡ với Philippe Dechartre, người theo phái de Gaulle, thường được coi là ngày ly khai của answer: Ngày 28 tháng 5 năm 1943, khi Mitterrand gặp gỡ với Philippe Dechartre, người theo phái de Gaulle, thường được coi là ngày ly khai của answer: Ngày 28 tháng 5 năm 1943, khi Mitterrand gặp gỡ với Philippe Dechartre, người theo phái","question: Ngày 28 tháng 5 năm 1943 là ngày gì? answer: Mitterrand gặp gỡ với Philippe Dechartre, người theo phái de Gaulle",0.6197
141,RAG_Chunking,8,question: Ngày nào là ngày ly khai của Mitterrand với Vichy? answer: ngày ly khai của Mitterrand với Vichy,question: Ngày nào là ngày ly khai của Mitterrand với Vichy? answer: ngày ly khai của Mitterrand với Vichy,0.6289
142,Chunking_Only,1,question: Sự kiện thể thao lớn nhất được tổ chức tại Nouvelle-Calédonie là gì? answer: một vòng của giải vô địch đua xe châu Á Thái Bình Dương FIA (APRC),question: Sự kiện thể thao lớn nhất được tổ chức tại Nouvelle-Calédonie là gì? answer: một vòng của giải vô địch đua xe châu Á Thái Bình Dương FIA (APRC),0.7536
142,Chunking_Only,2,question: Đội tuyển bóng ném Nouvelle-Calédonie từng vô địch châu Đại Dương vào năm nào? answer: 2008,question: Đội tuyển bóng ném Nouvelle-Calédonie từng vô địch châu Đại Dương vào năm nào? answer: 2008,0.6639
142,RAG_Chunking,1,question: Cuộc thi HackTheOn Sejong 2025 do trường đại học nào tổ chức? answer: Trường Đại học Kỹ thuật Truyền thông và Tin học Moscow (MTUCI),question: Cuộc thi HackTheOn Sejong 2025 do trường đại học nào tổ chức? answer: Trường Đại học Kỹ thuật Truyền thông và Tin học Moscow (MTUCI),0.6287
142,RAG_Chunking,2,"question: Cuộc thi HackTheOn Sejong 2025 là cuộc thi gì? answer: một trong những cuộc thi CTF quốc tế danh giá do thành phố tự trị Sejong tổ chức, quy tụ các đội mạnh nhất khu vực và quốc tế","question: Cuộc thi HackTheOn Sejong 2025 là cuộc thi gì? answer: một trong những cuộc thi CTF quốc tế danh giá do thành phố tự trị Sejong tổ chức, quy tụ các đội mạnh nhất khu vực và quốc tế",0.8469
142,RAG_Chunking,3,question: Đội tuyển Alternative fr Knights đến từ Khoa Mạng máy tính & Truyền thông đã ghi tên mình vào Top 10 đội mạnh nhất tại CODEGATE CTF 2025 tại đâu? answer: đâu? answer: tại CODEGATE CTF 2025 (Preliminaries) - một trong những cuộc thi hacking hàng đầu Châu Á,question: Đội tuyển Alternative fr Knights đến từ Khoa Mạng máy tính & Truyền thông đã ghi tên mình vào Top 10 đội mạnh nhất tại CODEGATE CTF 2025 tại đâu? answer: CODEGATE CTF 2025 (Preliminaries) - một trong những cuộc thi hacking hàng đầu Châu Á,0.8117
142,RAG_Chunking,4,"question: Ý nghĩa của Đại hội thể thao Ô-lim-píc là gì? answer: rèn luyện sức khoẻ, giải trí, gắn kết","question: Ý nghĩa của Đại hội thể thao Ô-lim-píc là gì? answer: rèn luyện sức khoẻ, giải trí, gắn kết",0.7268
142,RAG_Chunking,5,question: Sự kiện thể thao lớn nhất được tổ chức tại Nouvelle-Calédonie diễn ra vào thời gian nào? answer: 3-1954 - 7-5-1954,question: Sự kiện thể thao lớn nhất được tổ chức tại Nouvelle-Calédonie diễn ra vào thời gian nào? answer: 3-1954 - 7-5-1954,0.6866
142,RAG_Chunking,6,question: Sự kiện thể thao lớn nhất được tổ chức tại Nouvelle-Calédonie là gì? answer: một vòng của giải vô địch đua xe châu Á Thái Bình Dương FIA (APRC),question: Sự kiện thể thao lớn nhất được tổ chức tại Nouvelle-Calédonie là gì? answer: một vòng của giải vô địch đua xe châu Á Thái Bình Dương FIA (APRC),0.8048
142,RAG_Chunking,7,question: Đội tuyển bóng ném Nouvelle-Calédonie từng vô địch châu Đại Dương vào năm nào? answer: 2008,question: Đội tuyển bóng ném Nouvelle-Calédonie từng vô địch châu Đại Dương vào năm nào? answer: 2008,0.6633
143,Chunking_Only,1,question: Vịt được thuần hóa từ loài nào? answer: loài vịt cổ xanh (Anas platyrhynchos) ở vùng Mallard,question: Vịt được thuần hóa từ loài nào? answer: loài vịt cổ xanh (Anas platyrhynchos) ở vùng Mallard,0.732
143,RAG_Chunking,1,question: Những cánh đồng màu mỡ ven sông Thu Bồn tạo điều kiện thuận lợi gì cho sự định cư và canh tác nông nghiệp của cư dân? answer: tạo điều kiện thuận lợi cho sự định cư và canh tác nông nghiệp của cư dân,question: Những cánh đồng màu mỡ ven sông Thu Bồn tạo điều kiện thuận lợi gì cho sự định cư và canh tác nông nghiệp của cư dân? answer: tạo điều kiện thuận lợi cho sự định cư và canh tác nông nghiệp của cư dân,0.6749
143,RAG_Chunking,2,"question: Vì sao chế độ ruộng đất vẫn tồn tại nhiều hạn chế, bất cập? answer: Một bộ phận nông dân thiếu ruộng đất canh tác, nguồn thu của nhà nước bị ảnh hưởng","question: Vì sao chế độ ruộng đất vẫn tồn tại nhiều hạn chế, bất cập? answer: Một bộ phận nông dân thiếu ruộng đất canh tác, nguồn thu của nhà nước bị ảnh hưởng. Trong xã hội, nạn cường hào lộng hành và quan lại tham ô, nhũng nhiễu ngày càng nhức nhối, tình trạng coi thường pháp luật trở nên phổ biến",0.8799
143,RAG_Chunking,3,question: Vịt được thuần hóa từ loài nào? answer: loài vịt cổ xanh (Anas platyrhynchos) ở vùng Mallard,question: Vịt được thuần hóa từ loài nào? answer: loài vịt cổ xanh (Anas platyrhynchos) ở vùng Mallard,0.6853
143,RAG_Chunking,4,question: Vịt ngày nay có kích thước lớn hơn so với thủy tổ của chúng là bao nhiêu? answer: khoảng 12 inch tức khoảng 30 cm,question: Vịt ngày nay có kích thước lớn hơn so với thủy tổ của chúng là bao nhiêu? answer: khoảng 12 inch tức khoảng 30 cm,0.6871
144,Chunking_Only,1,"question: Vì sao Roosevelt chống đối đạo luật Trung lập? answer: dựa trên lập luận rằng đạo luật đang trừng phạt nạn nhân của sự xâm lược, trong trường hợp này là Ethiopia, đạo luật cũng hạn chế quyền hạn tổng thống","question: Vì sao Roosevelt chống đối đạo luật Trung lập? answer: dựa trên lập luận rằng đạo luật đang trừng phạt nạn nhân của sự xâm lược, trong trường hợp này là Ethiopia, đạo luật cũng hạn chế quyền hạn tổng thống",0.7285
144,Chunking_Only,2,"question: Năm 1937, Quốc hội đã thông qua đạo luật gì? answer: Quốc hội thông qua một đạo luật thậm chí còn nghiêm ngặt hơn nhưng khi chiến tranh Trung-Nhật năm 1937 bùng nổ thì công luận ủng hộ Trung Hoa","question: Năm 1937, Quốc hội đã thông qua đạo luật gì? answer: Quốc hội thông qua một đạo luật thậm chí còn nghiêm ngặt hơn nhưng khi chiến tranh Trung-Nhật năm 1937 bùng nổ thì công luận ủng hộ Trung Hoa",0.6821
144,Chunking_Only,3,question: Khi chiến tranh Trung-Nhật năm 1937 bùng nổ thì ai ủng hộ Trung Hoa? answer: Roosevelt được rộng tay giúp đỡ nước này,question: Chiến tranh Trung-Nhật năm 1937 bùng nổ thì ai ủng hộ Trung Hoa? answer: Roosevelt,0.8852
144,RAG_Chunking,1,"question: Hoạt động đối ngoại chủ yếu trong kháng chiến chống Mỹ là gì? answer: Đấu tranh yêu cầu thực hiện Hiệp định Genève. - Củng cố quan hệ với các nước xã hội chủ nghĩa. - Tăng cường đoàn kết ba nước Đông Dương. - Đàm phán, ký Hiệp định Paris (1973). - Mở rộng quan hệ ngoại giao, đẩy mạnh đối ngoại nhân dân","question: Hoạt động đối ngoại chủ yếu trong kháng chiến chống Mỹ là gì? answer: Đấu tranh yêu cầu thực hiện Hiệp định Genève. - Củng cố quan hệ với các nước xã hội chủ nghĩa. - Tăng cường đoàn kết ba nước Đông Dương. - Đàm phán, ký Hiệp định Paris (1973). - Mở rộng quan hệ ngoại giao, đẩy mạnh đối ngoại nhân dân",0.9196
144,RAG_Chunking,2,"question: Nước Việt Nam Dân chủ Cộng hòa ra đời sau sự kiện nào? answer: Sau Cách mạng Tháng Tám, nước Việt Nam Dân chủ Cộng hòa ra đời nhưng bị thực dân Pháp và các thế lực thù địch trong và ngoài nước chống phá, xâm lược","question: Nước Việt Nam Dân chủ Cộng hòa ra đời sau sự kiện nào? answer: Sau Cách mạng Tháng Tám, nước Việt Nam Dân chủ Cộng hòa ra đời nhưng bị thực dân Pháp và các thế lực thù địch trong và ngoài nước chống phá, xâm lược",0.6972
144,RAG_Chunking,3,"question: Tại sao Roosevelt chống đối đạo luật Trung lập? answer: dựa trên lập luận rằng đạo luật đang trừng phạt nạn nhân của sự xâm lược, trong trường hợp này là Ethiopia, đạo luật cũng hạn chế quyền hạn tổng thống trong nỗ lực trợ giúp các quốc answer: nỗ lực trợ giúp các quốc answer: nỗ lực trợ giúp các quốc answer: nỗ lực trợ giúp các quốc answer: nỗ lực trợ giúp các quốc answer: nỗ lực trợ giúp các quốc answer: nỗ lực trợ giúp các quốc",question: Đạo luật Trung lập đã ra lệnh cấm vận chuyển vũ khí từ Mỹ đến các nước tham chiến vào thời gian nào? answer: Năm 1935,0.655
144,RAG_Chunking,4,"question: Năm 1937, Quốc hội đã thông qua đạo luật gì? answer: Quốc hội thông qua một đạo luật thậm chí còn nghiêm ngặt hơn nhưng khi chiến tranh Trung-Nhật năm 1937 bùng nổ thì công luận ủng hộ Trung Hoa do đó Roosevelt được rộng tay giúp đỡ nước này","question: Năm 1937, Quốc hội đã thông qua đạo luật gì? answer: Quốc hội thông qua một đạo luật thậm chí còn nghiêm ngặt hơn nhưng khi chiến tranh Trung-Nhật năm 1937 bùng nổ thì công luận ủng hộ Trung Hoa do đó Roosevelt được rộng tay giúp đỡ nước này",0.7997
145,Chunking_Only,1,"question: Bộ ba đại gia gồm những ai? answer: (Roosevelt, Churchill, và Joseph Stalin) cùng với Đặc cấp Thượng tướng Tưởng Giới Thạch cùng hợp tác không chính thức mà theo đó quân Mỹ và Anh Quốc tập trung lực lượng tại phía Tây, quân Liên Xô chiến đấu ở mặt trận phía Đông, và quân Trung Hoa, Anh Quốc, Mỹ chiến đấu tại vùng Thái Bình Dương","question: Bộ ba đại gia gồm những ai? answer: (Roosevelt, Churchill, và Joseph Stalin) cùng với Đặc cấp Thượng tướng Tưởng Giới Thạch cùng hợp tác không chính thức mà theo đó quân Mỹ và Anh Quốc tập trung lực lượng tại phía Tây, quân Liên Xô chiến đấu ở mặt trận phía Đông, và quân Trung Hoa, Anh Quốc, Mỹ chiến đấu tại vùng Thái Bình Dương",0.8757
145,Chunking_Only,2,"question: Hoa Kỳ sẽ là ""Kho thuốc súng của Dân chủ"" bằng cách nào? answer: gởi 50 tỷ đô-la hàng viện trợ theo Đạo luật Lend Lease, chủ yếu đến Anh Quốc sau đó là Liên Xô, Trung Hoa và các lực lượng Đồng minh khác","question: Hoa Kỳ sẽ là ""Kho thuốc súng của Dân chủ"" bằng cách nào? answer: gởi 50 tỷ đô-la hàng viện trợ theo Đạo luật Lend Lease, chủ yếu đến Anh Quốc sau đó là Liên Xô, Trung Hoa và các lực lượng Đồng minh khác",0.8595
145,RAG_Chunking,1,"question: Answer: Hoạt động đối ngoại chủ yếu trong kháng chiến chống Mỹ (1954-1975): - Đấu tranh yêu cầu thực hiện Hiệp định Genève. - Củng cố quan hệ với các nước xã hội chủ nghĩa. - Tăng cường đoàn kết ba nước Đông Dương. - Đàm phán, ký Hiệp định Paris (1973). - Mở rộng quan hệ ngoại giao, đẩy mạnh đối ngoại nhân dân","question: Hoạt động đối ngoại chủ yếu trong kháng chiến chống Mỹ là gì? answer: Đấu tranh yêu cầu thực hiện Hiệp định Genève. - Củng cố quan hệ với các nước xã hội chủ nghĩa. - Tăng cường đoàn kết ba nước Đông Dương. - Đàm phán, ký Hiệp định Paris (1973). - Mở rộng quan hệ ngoại giao, đẩy mạnh đối ngoại nhân dân",0.9207
145,RAG_Chunking,2,"question: Nước Việt Nam Dân chủ Cộng hòa ra đời sau sự kiện nào? answer: Sau Cách mạng Tháng Tám, nước Việt Nam Dân chủ Cộng hòa ra đời nhưng bị thực dân Ph answer: Sau Cách mạng Tháng Tám, nước Việt Nam Dân chủ Cộng hòa ra đời nhưng bị thực dân Ph answer: Sau Cách mạng Tháng Tám, nước Việt Nam Dân chủ Cộng hòa ra đời nhưng bị thực dân Ph answer: Sau Cách mạng Tháng Tám, nước Việt Nam Dân chủ Cộng hòa ra đời nhưng bị thực dân Ph answer: Sau Cách mạng Tháng Tám, nước Việt Nam",question: Nước Việt Nam Dân chủ Cộng hòa ra đời sau sự kiện nào? answer: Cách mạng Tháng Tám,0.675
145,RAG_Chunking,3,"question: Sau Cách mạng Tháng Tám, nước Việt Nam Dân chủ Cộng hòa được sự hợp tác của những ai? answer: Mỹ và Anh Quốc tập trung lực lượng tại phía Tây, quân Liên Xô chiến đấu ở mặt trận phía Đông, và quân Liên Xô chiến đấu ở mặt trận phía Đông, và quân Liên Xô chiến đấu ở mặt trận phía Đông, và quân Liên Xô chiến đấu ở mặt trận phía Đông, và quân Liên Xô chiến đấu ở mặt trận phía Đông, và quân Liên Xô chiến đấu ở mặt trận phía Đông, và quân Liên Xô chiến đấu ở mặt trận phía Đông, và quân Liên","question: Sau Cách mạng Tháng Tám, nước Việt Nam Dân chủ Cộng hòa được sự hợp tác của những ai? answer: Mỹ và Anh Quốc tập trung lực lượng tại phía Tây, quân Liên Xô chiến đấu ở mặt trận phía Đông, và quân Liên Xô chiến đấu ở mặt trận phía Đông, và quân Liên Xô chiến đấu ở mặt trận phía Đông, và quân Liên Xô chiến đấu ở mặt trận phía Đông, và quân Liên Xô chiến đấu ở mặt trận phía Đông, và quân Liên Xô chiến đấu ở mặt trận phía Đông, và quân Liên Xô chiến đấu ở mặt trận phía Đông, và quân Liên",0.833
145,RAG_Chunking,4,"question: Hoa Kỳ sẽ là ""Kho thuốc súng của Dân chủ"" bằng cách nào? answer: gởi 50 tỷ đô-la hàng viện trợ theo Đạo luật Lend Lease","question: Hoa Kỳ sẽ là ""Kho thuốc súng của Dân chủ"" bằng cách nào? answer: gởi 50 tỷ đô-la hàng viện trợ theo Đạo luật Lend Lease",0.6345
145,RAG_Chunking,5,"question: Answer: gởi 50 tỷ đô-la hàng viện trợ theo Đạo luật Lend Lease, chủ yếu đến Anh Quốc sau đó là Liên Xô, Trung Hoa và các lực lượng Đồng minh khác","question: Đạo luật Lend Lease là gì? answer: gởi 50 tỷ đô-la hàng viện trợ theo Đạo luật Lend Lease, chủ yếu đến Anh Quốc sau đó là Liên Xô, Trung Hoa và các lực lượng Đồng minh khác",0.7695
146,Chunking_Only,1,"question: Vào tháng 8 năm 1984, tình trạng sức khỏe của Tsedenbal như thế nào? answer: tình trạng sức khỏe rất xấu của ông khiến quốc hội tuyên bố ông nghỉ hưu và thay thế ông bằng Jambyn Batmnkh","question: Vào tháng 8 năm 1984, tình trạng sức khỏe của Tsedenbal như thế nào? answer: tình trạng sức khỏe rất xấu của ông khiến quốc hội tuyên bố ông nghỉ hưu và thay thế ông bằng Jambyn Batmnkh",0.6796
146,RAG_Chunking,1,"question: Hoạt động đối ngoại chủ yếu trong kháng chiến chống Pháp là gì? answer: Hoạt động đối ngoại chủ yếu trong kháng chiến chống Pháp (1945-1954): - Chủ tịch Hồ Chí Minh gửi thư, công hàm khẳng định tính hợp pháp của nhà nước Việt Nam Dân chủ Cộng hòa. - Chủ tịch Hồ Chí Minh gửi thư, công hàm khẳng định tính hợp pháp của nhà nước Việt Nam Dân chủ Cộng hòa. - Chủ tịch Hồ Chí Minh gửi thư, công hàm khẳng định tính hợp pháp của nhà nước Việt Nam Dân chủ Cộng hòa","question: Hoạt động đối ngoại chủ yếu trong kháng chiến chống Pháp là gì? answer: Hoạt động đối ngoại chủ yếu trong kháng chiến chống Pháp (1945-1954): - Chủ tịch Hồ Chí Minh gửi thư, công hàm khẳng định tính hợp pháp của nhà nước Việt Nam Dân chủ Cộng hòa. - Chủ tịch Hồ Chí Minh gửi thư, công hàm khẳng định tính hợp pháp của nhà nước Việt Nam Dân chủ Cộng hòa. - Chủ tịch Hồ Chí Minh gửi thư, công hàm khẳng định tính hợp pháp của nhà nước Việt Nam Dân chủ Cộng hòa",0.8497
146,RAG_Chunking,2,question: Ai là người nắm quyền tại Mông Cổ vào ngày 26 tháng 1 năm 1952? answer: Yumjaagiin Tsedenbal,question: Ai là người nắm quyền tại Mông Cổ vào ngày 26 tháng 1 năm 1952? answer: Yumjaagiin Tsedenbal,0.766
146,RAG_Chunking,3,question: Tình trạng sức khỏe của Tsedenbal như thế nào? answer: tình trạng sức khỏe rất xấu của ông khiến quốc hội tuyên bố ông nghỉ hưu và thay thế ông answer: answer: tình trạng sức khỏe rất xấu của ông khiến quốc hội tuyên bố ông nghỉ hưu và thay thế ông answer: answer: tình trạng sức khỏe rất xấu của ông khiến quốc hội tuyên bố ông nghỉ hưu và thay thế ông answer: answer: tình trạng sức khỏe rất xấu của ông khiến quốc hội tuyên bố ông nghỉ hưu và thay thế ông,question: Tình trạng sức khỏe của Tsedenbal như thế nào? answer: tình trạng sức khỏe rất xấu của ông khiến quốc hội tuyên bố ông nghỉ hưu và thay thế ông,0.6245
147,Chunking_Only,1,"question: Vào tháng 12 năm 1933, Roosevelt đã ký văn kiện gì? answer: Hội nghị Montevideo về quyền lợi và nghĩa vụ của các quốc gia, từ bỏ quyền can thiệp đơn phương vào công việc nội bộ của các quốc gia châu Mỹ La Tinh","question: Vào tháng 12 năm 1933, Roosevelt đã ký văn kiện gì? answer: Hội nghị Montevideo về quyền lợi và nghĩa vụ của các quốc gia, từ bỏ quyền can thiệp đơn phương vào công việc nội bộ của các quốc gia châu Mỹ La Tinh",0.802
147,RAG_Chunking,1,"question: Answer: Hoạt động đối ngoại chủ yếu trong kháng chiến chống Mỹ (1954-1975): - Đấu tranh yêu cầu thực hiện Hiệp định Genève. - Củng cố quan hệ với các nước xã hội chủ nghĩa. - Tăng cường đoàn kết ba nước Đông Dương. - Đàm phán, ký Hiệp định Paris (1973). - Mở rộng quan hệ ngoại giao, đẩy mạnh đối ngoại nhân dân","question: Hoạt động đối ngoại chủ yếu trong kháng chiến chống Mỹ là gì? answer: Đấu tranh yêu cầu thực hiện Hiệp định Genève. - Củng cố quan hệ với các nước xã hội chủ nghĩa. - Tăng cường đoàn kết ba nước Đông Dương. - Đàm phán, ký Hiệp định Paris (1973). - Mở rộng quan hệ ngoại giao, đẩy mạnh đối ngoại nhân dân",0.9207
147,RAG_Chunking,2,"question: Ý nghĩa lịch sử của cuộc chiến tranh giải phóng dân tộc là gì? answer: Kết thúc 30 năm chiến tranh giải phóng dân tộc. - Thống nhất đất nước, thành cách mạng dân tộc dân chủ nhân dân. - Mở ra kỷ nguyên độc lập, thống nhất, đi lên chủ nghĩa xã hội. - Mở ra kỷ nguyên độc lập, thống nhất, đi lên chủ nghĩa xã hội. - Mở ra kỷ nguyên độc lập, thống nhất, đi lên chủ nghĩa xã hội. - Mở ra kỷ nguyên độc lập, thống nhất, đi lên chủ nghĩa xã hội","question: Ý nghĩa lịch sử của cuộc chiến tranh giải phóng dân tộc là gì? answer: - Kết thúc 30 năm chiến tranh giải phóng dân tộc. - Thống nhất đất nước, thành cách mạng dân tộc dân chủ nhân dân. - Mở ra kỷ nguyên độc lập, thống nhất, đi lên chủ nghĩa xã hội. - Mở ra kỷ nguyên độc lập, thống nhất, đi lên chủ nghĩa xã hội. - Mở ra kỷ nguyên độc lập, thống nhất, đi lên chủ nghĩa xã hội. - Mở ra kỷ nguyên độc lập, thống nhất, đi lên chủ nghĩa xã hội",0.8301
147,RAG_Chunking,3,"question: Vào tháng 12 năm 1933, Roosevelt đã ký văn kiện gì? answer: Hội nghị Montevideo về quyền lợi và nghĩa vụ của các quốc gia, từ bỏ quyền can thiệp đơn phương vào công việc nội bộ của các quốc gia châu Mỹ La Tinh","question: Vào tháng 12 năm 1933, Roosevelt đã ký văn kiện gì? answer: Hội nghị Montevideo về quyền lợi và nghĩa vụ của các quốc gia, từ bỏ quyền can thiệp đơn phương vào công việc nội bộ của các quốc gia châu Mỹ La Tinh",0.7537
148,Chunking_Only,1,question: Tại sao sự thiếu nước ngọt đã trở thành vấn đề nghiêm trọng ở Hồng Kông? answer: do dân số của thuộc địa này của Anh (thời điểm đó) tăng lên,question: Vì sao sự thiếu nước ngọt đã trở thành vấn đề nghiêm trọng ở Hồng Kông? answer: dân số của thuộc địa này của Anh (thời điểm đó) tăng lên,0.7876
148,RAG_Chunking,1,"question: Năm 1405, nhà Hồ cho quân đóng cọc gỗ lớn ở đâu? answer: cửa biển và những nơi xung yếu trên sông","question: Năm 1405, nhà Hồ cho quân đóng cọc gỗ lớn ở đâu? answer: cửa biển và những nơi xung yếu trên sông",0.7809
148,RAG_Chunking,2,question: Từ khi nào thì việc sử dụng máy hơi nước đã trở nên phổ biến ở Anh? answer: Đến đầu thế kỉ XIX,question: Từ khi nào thì việc sử dụng máy hơi nước đã trở nên phổ biến ở Anh? answer: Đến đầu thế kỉ XIX,0.7527
149,Chunking_Only,1,"question: Khi lên nhậm chức, Mitterrand đã có những động thái gì? answer: Mitterrand đã bãi bỏ hình phạt tử hình ngay khi lên nhậm chức (thông qua Đạo luật Badinter), cũng như ""Đạo luật anti-casseurs"" quy định việc quy trách nhiệm cho các hành động bạo lực trong các cuộc biểu tình","question: Khi lên nhậm chức, Mitterrand đã có những động thái gì? answer: Mitterrand đã bãi bỏ hình phạt tử hình ngay khi lên nhậm chức (thông qua Đạo luật Badinter), cũng như ""Đạo luật anti-casseurs"" quy định việc quy trách nhiệm cho các hành động bạo lực trong các cuộc biểu tình",0.8401
149,Chunking_Only,2,"question: Những bộ luật phi tập trung đầu tiên của Mitterrand là gì? answer: Đạo luật Defferre và tự do hoá truyền thông, lập ra CSA cơ quan quản lý truyền thông, và cho phép đài truyền thanh tư nhân và kênh truyền hình tư nhân đầu tiên (Canal+)","question: Những bộ luật phi tập trung đầu tiên của Mitterrand là gì? answer: Đạo luật Defferre và tự do hoá truyền thông, lập ra CSA cơ quan quản lý truyền thông, và cho phép đài truyền thanh tư nhân và kênh truyền hình tư nhân đầu tiên (Canal+)",0.8372
149,Chunking_Only,3,question: Mitterrand trở thành một công dân danh dự của Belgrade vào năm nào? answer: Năm 1983,question: Mitterrand trở thành một công dân danh dự của Belgrade vào năm nào? answer: Năm 1983,0.7462
149,RAG_Chunking,1,"question: Việc làm sách Hình luật của mỗi triều đại được thực hiện như thế nào? answer: Sách làm xong, xuống chiếu ban hành, dân lấy làm tiện. (Đại Việt sử ký toàn thư - Ngô Sĩ Liên và các sử thần triều Hậu Lê) [3. Một số cuộc kháng chiến không thành công] [Năm 1397] Lộ đặt chức 1n phủ sứ và 1n phủ phó sứ. Phủ đặt chức Trấn phủ sứ và Trấn phủ phó sứ. Châu đặt chức Thông phán và Thiêm phán. Huyện đặt chức Lệnh uý và Chủ bạ để cai tr","question: Việc làm sách Hình luật của mỗi triều đại được thực hiện như thế nào? answer: Sách làm xong, xuống chiếu ban hành, dân lấy làm tiện. (Đại Việt sử ký toàn thư - Ngô Sĩ Liên và các sử thần triều Hậu Lê) [3. Một số cuộc kháng chiến không thành công] [Năm 1397] Lộ đặt chức 1n phủ sứ và 1n phủ phó sứ. Lộ đặt chức Trấn phủ sứ và Trấn phủ phó sứ. Châu đặt chức Thông phán và Thiêm phán. Huyện đặt chức Lệnh uý và Chủ bạ để cai tr",0.8982
149,RAG_Chunking,2,"question: Các việc hộ tịch, tiền thóc, ngục tụng đều làm chung thành số sách của một lộ, đến cuối năm báo lên sảnh để làm bằng cứ mà khảo xét..... (Ngô Sĩ Liên và các sử thần triều Hậu Lê, Đại Việt sử ký toàn thư, Tập 2, NXB Khoa học xã hội, tr.192). (Ngô Sĩ Liên và các sử thần triều Hậu Lê, Đại Việt sử ký toàn thư, Tập 2, NXB Khoa học xã hội, tr.192). (Ngô Sĩ Liên và các sử thần triều Hậu Lê, Đại","question: Các việc hộ tịch, tiền thóc, ngục tụng đều làm chung thành số sách của một lộ, đến cuối năm báo lên sảnh để làm bằng cứ mà khảo xét..... (Ngô Sĩ Liên và các sử thần triều Hậu Lê, Đại Việt sử ký toàn thư, Tập 2, NXB Khoa học xã hội, tr.192). (Ngô Sĩ Liên và các sử thần triều Hậu Lê, Đại Việt sử ký toàn thư, Tập 2, NXB Khoa học xã hội, tr.192). (Ngô Sĩ Liên và các sử thần triều Hậu Lê, Đại",0.842
149,RAG_Chunking,3,"question: Mối hại ngày nay có thể là gì? answer: do gây bè cánh, tiến cử không công bằng, có thể vì cậy thế công thân nơi tiềm để cho vợ con chạy chọt nhờ vả nơi quyền thế, có thể do để bạn gia nô làm hại dân lành, hay thậm thịt ở các nhà qủi","question: Mối hại ngày nay có thể là gì? answer: do gây bè cánh, tiến cử không công bằng, có thể vì cậy thế công thân nơi tiềm để cho vợ con chạy chọt nhờ vả nơi quyền thế, có thể do để bạn gia nô làm hại dân lành, hay thậm thịt ở các nhà qủi",0.786
149,RAG_Chunking,4,"question: Answer: chạy chọt nhờ vả nơi quyền thế, có thể do để bạn gia nô làm hại dân lành, hay thậm thịt ở các nhà quyền thế để xin khỏi tội...","question: Vì sao Mitterrand đã bãi bỏ hình phạt tử hình? answer: chạy chọt nhờ vả nơi quyền thế, có thể do để bạn gia nô làm hại dân lành, hay thậm thịt ở các nhà quyền thế để xin khỏi tội...",0.8246
150,Chunking_Only,1,question: Các giáo phụ thời kỳ đầu đã can đảm sử dụng triết học Hy Lạp để làm gì? answer: giải thích các mầu nhiệm Ki-tô giáo,question: Các giáo phụ thời kỳ đầu đã can đảm sử dụng triết học Hy Lạp để làm gì? answer: rao giảng thành công tín lý Ki-tô giáo cũng như để thuyết phục người ngoại giáo đến với giáo hội,0.775
150,Chunking_Only,2,"question: triết học Hy Lạp cung cấp những thuật ngữ, triết lý gì để các nhà tư tưởng Ki-tô giáo trình bày thần học? answer: triết học Hy Lạp cung cấp những thuật ngữ, triết lý để các nhà tư tưởng Ki-tô giáo trình bày thần học","question: Triết học Hy Lạp cung cấp những thuật ngữ, triết lý gì để các nhà tư tưởng Ki-tô giáo trình bày thần học? answer: khái niệm Logos của Heraclitus và thuyết ý niệm của Plato đã được sử dụng để giải thích mầu nhiệm nhập thể của Ngôi Lời",0.8573
150,RAG_Chunking,1,"question: Nho giáo có vai trò như thế nào đối với triều đình nhà Lê? answer: Nho giáo được nâng lên địa vị độc tôn, trở thành hệ tư tưởng chính thống của nhà nước quân chủ, góp phần quan trọng vào việc đào tạo đội ngũ trí thức, quan lại và bồi dưỡng những người hiền tài","question: Nho giáo có vai trò như thế nào đối với triều đình nhà Lê? answer: Nho giáo được nâng lên địa vị độc tôn, trở thành hệ tư tưởng chính thống của nhà nước quân chủ, góp phần quan trọng vào việc đào tạo đội ngũ trí thức, quan lại và bồi dưỡng những người hiền tài",0.7316
150,RAG_Chunking,2,question: Người đầu tiên khởi xướng Nho giáo là ai? answer: Khổng Tử,question: Người đầu tiên khởi xướng Nho giáo là ai? answer: Khổng Tử,0.7267
150,RAG_Chunking,3,question: Cuộc viễn chinh về phía đông của A-lếch-xăng-đờ-rốt Đại đế có ý nghĩa như thế nào? answer: thúc đẩy mạnh mẽ sự giao lưu văn hoá giữa Hy Lạp và phương Đông,question: Cuộc viễn chinh về phía đông của A-lếch-xăng-đờ-rốt Đại đế có ý nghĩa như thế nào? answer: thúc đẩy mạnh mẽ sự giao lưu văn hoá giữa Hy Lạp và phương Đông,0.8417
150,RAG_Chunking,4,question: Xê-da đã mời các nhà toán học và thiên văn học Ai Cập đến Rô-ma để làm gì? answer: cải cách lịch,question: Xê-da đã mời các nhà toán học và thiên văn học Ai Cập đến Rô-ma để làm gì? answer: cải cách lịch,0.7141
150,RAG_Chunking,5,question: Các giáo phụ thời kỳ đầu đã can đảm sử dụng triết học Hy Lạp để làm gì? answer: rao giảng thành công tín lý Ki-tô giáo cũng như để thuyết phục người ngoại giáo đến với giáo hội,question: Các giáo phụ thời kỳ đầu đã can đảm sử dụng triết học Hy Lạp để làm gì? answer: rao giảng thành công tín lý Ki-tô giáo cũng như để thuyết phục người ngoại giáo đến với giáo hội,0.8569
150,RAG_Chunking,6,question: Ai là người đã trở thành nữ tỳ phục vụ nữ hoàng thần học Ki-tô giáo? answer: triết học Hy Lạp,question: Ai đã trở thành nữ tỳ phục vụ nữ hoàng thần học Ki-tô giáo? answer: triết học Hy Lạp,0.7126
151,Chunking_Only,1,question: Vịt được thuần hóa từ loài nào? answer: loài vịt cổ xanh (Anas platyrhynchos) ở vùng Mallard,question: Vịt được thuần hóa từ loài nào? answer: loài vịt cổ xanh (Anas platyrhynchos) ở vùng Mallard,0.732
151,RAG_Chunking,1,question: Những cánh đồng màu mỡ ven sông Thu Bồn tạo điều kiện thuận lợi gì cho sự định cư và canh tác nông nghiệp của cư dân? answer: tạo điều kiện thuận lợi cho sự định cư và canh tác nông nghiệp của cư dân,question: Những cánh đồng màu mỡ ven sông Thu Bồn tạo điều kiện thuận lợi gì cho sự định cư và canh tác nông nghiệp của cư dân? answer: tạo điều kiện thuận lợi cho sự định cư và canh tác nông nghiệp của cư dân,0.6749
151,RAG_Chunking,2,"question: Vì sao chế độ ruộng đất vẫn tồn tại nhiều hạn chế, bất cập? answer: Một bộ phận nông dân thiếu ruộng đất canh tác, nguồn thu của nhà nước bị ảnh hưởng","question: Vì sao chế độ ruộng đất vẫn tồn tại nhiều hạn chế, bất cập? answer: Một bộ phận nông dân thiếu ruộng đất canh tác, nguồn thu của nhà nước bị ảnh hưởng. Trong xã hội, nạn cường hào lộng hành và quan lại tham ô, nhũng nhiễu ngày càng nhức nhối, tình trạng coi thường pháp luật trở nên phổ biến",0.8799
151,RAG_Chunking,3,question: Vịt được thuần hóa từ loài nào? answer: loài vịt cổ xanh (Anas platyrhynchos) ở vùng Mallard,question: Vịt được thuần hóa từ loài nào? answer: loài vịt cổ xanh (Anas platyrhynchos) ở vùng Mallard,0.6853
151,RAG_Chunking,4,question: Vịt ngày nay có kích thước lớn hơn so với thủy tổ của chúng là bao nhiêu? answer: khoảng 12 inch tức khoảng 30 cm,question: Vịt ngày nay có kích thước lớn hơn so với thủy tổ của chúng là bao nhiêu? answer: khoảng 12 inch tức khoảng 30 cm,0.6871
152,Chunking_Only,1,"question: Ngày 19 tháng 2 năm 1942, Roosevelt đã có quyết định gì đối với những người thuộc quốc gia thù địch? answer: Roosevelt đưa ra Lệnh Hành pháp số 9066, được áp dụng đối với mọi người bị xếp loại là những người thuộc quốc gia thù địch, bao gồm những người có hai quốc tịch đang sống trong những vùng được cho là có nguy cơ cao mà bao trùm phần lớn các thành phố tại Tây Duyên hải Hoa ốc","question: Ngày 19 tháng 2 năm 1942, Roosevelt đã có quyết định gì đối với những người thuộc quốc gia thù địch? answer: Roosevelt đưa ra Lệnh Hành pháp số 9066, được áp dụng đối với mọi người bị xếp loại là những người thuộc quốc gia thù địch, bao gồm những người có hai quốc tịch đang sống trong những vùng được cho là có nguy cơ cao mà bao trùm phần lớn các thành phố tại Tây Duyên hải Hoa ốc",0.8066
152,Chunking_Only,2,question: Khoảng bao nhiêu thường trú nhân gốc Ý bị giới hạn việc đi lại? answer: khoảng 600.000 thường trú nhân gốc Ý (công dân Ý không có quốc tịch Mỹ),question: Khoảng bao nhiêu thường trú nhân gốc Ý bị giới hạn việc đi lại? answer: khoảng 600.000 thường trú nhân gốc Ý (công dân Ý không có quốc tịch Mỹ),0.7085
152,RAG_Chunking,1,"question: Hoạt động đối ngoại chủ yếu trong kháng chiến chống Mỹ là gì? answer: Đấu tranh yêu cầu thực hiện Hiệp định Genève. - Củng cố quan hệ với các nước xã hội chủ nghĩa. - Tăng cường đoàn kết ba nước Đông Dương. - Đàm phán, ký Hiệp định Paris (1973). - Mở rộng quan hệ ngoại giao, đẩy mạnh đối ngoại nhân dân","question: Hoạt động đối ngoại chủ yếu trong kháng chiến chống Mỹ là gì? answer: Đấu tranh yêu cầu thực hiện Hiệp định Genève. - Củng cố quan hệ với các nước xã hội chủ nghĩa. - Tăng cường đoàn kết ba nước Đông Dương. - Đàm phán, ký Hiệp định Paris (1973). - Mở rộng quan hệ ngoại giao, đẩy mạnh đối ngoại nhân dân",0.8882
152,RAG_Chunking,2,question: Chủ tịch Hồ Chí Minh ra Lời kêu gọi toàn quốc kháng chiến vào thời gian nào? answer: Ngày 19-12-1946,question: Chủ tịch Hồ Chí Minh ra Lời kêu gọi toàn quốc kháng chiến vào thời gian nào? answer: Ngày 19-12-1946,0.8168
152,RAG_Chunking,3,"question: Nước Việt Nam Dân chủ Cộng hòa ra đời sau sự kiện nào? answer: Sau Cách mạng Tháng Tám, nước Việt Nam Dân chủ Cộng hòa ra đời nhưng bị thực dân Pháp và các thế lực thù địc","question: Nước Việt Nam Dân chủ Cộng hòa ra đời sau sự kiện nào? answer: Sau Cách mạng Tháng Tám, nước Việt Nam Dân chủ Cộng hòa ra đời nhưng bị thực dân Pháp và các thế lực thù địc",0.7049
152,RAG_Chunking,4,"question: Ngày 19 tháng 2 năm 1942, Roosevelt đã có quyết định gì? answer: Roosevelt đưa ra Lệnh Hành pháp số 9066, được áp dụng đối với mọi người bị xếp loại là những người thuộc quốc gia thù địch, bao ăm loại là những người thuộc quốc gia thù địch, bao ăm loại là những người thuộc quốc gia thù địch, bao ăm loại là những người thuộc quốc gia thù địch, bao ăm loại là những người thuộc quốc gia thù địch, bao ăm loại là những người thuộc quốc gia thù địch, bao ăm loại là","question: Ngày 19 tháng 2 năm 1942, Roosevelt đã có quyết định gì? answer: Roosevelt đưa ra Lệnh Hành pháp số 9066, được áp dụng đối với mọi người bị xếp loại là những người thuộc quốc gia thù địch, bao ăm loại là những người thuộc quốc gia thù địch, bao ăm loại là những người thuộc quốc gia thù địch, bao ăm loại là những người thuộc quốc gia thù địch, bao ăm loại là những người thuộc quốc gia thù địch, bao ăm loại là những người thuộc quốc gia thù địch, bao ăm loại",0.6279
152,RAG_Chunking,5,question: Khoảng bao nhiêu thường trú nhân gốc Ý bị giới hạn việc đi lại? answer: khoảng 600.000 thường trú nhân gốc Ý (công dân Ý không có quốc tịch Mỹ),question: Khoảng bao nhiêu thường trú nhân gốc Ý bị giới hạn việc đi lại? answer: khoảng 600.000 thường trú nhân gốc Ý (công dân Ý không có quốc tịch Mỹ),0.7203
152,RAG_Chunking,6,question: Ý (công dân Ý không có quốc tịch Mỹ) bị giới hạn việc đi lại vào thời gian nào? answer: tháng 10 năm 1942,question: Ý (công dân Ý không có quốc tịch Mỹ) bị giới hạn việc đi lại vào thời gian nào? answer: tháng 10 năm 1942,0.7516
153,Chunking_Only,1,"question: Những năm 1960, các nhà văn đã biến Paris thành gì? answer: một thành phố hoang đường, đôi khi khôi hài và nực cười như trong Zazie dans le métro của Raymond Queneau","question: Những năm 1960, các nhà văn đã biến Paris thành gì? answer: một thành phố hoang đường, đôi khi khôi hài và nực cười như trong Zazie dans le métro của Raymond Queneau",0.6474
153,Chunking_Only,2,question: Nhà văn Colombia Gabriel García Márquez trong truyện ngắn Dấu máu em trên tuyết là ai? answer: Gabriel García Márquez trong truyện ngắn Dấu máu em trên tuyết (El Rastro de tu Sangre en la Nieve),question: Nhà văn Colombia Gabriel García Márquez trong truyện ngắn Dấu máu em trên tuyết là ai? answer: Gabriel García Márquez trong truyện ngắn Dấu máu em trên tuyết (El Rastro de tu Sangre en la Nieve),0.6296
153,RAG_Chunking,1,"question: Hình ảnh minh hoạ tác phẩm Rô-mê-ô và Giu-li-ét được miêu tả trong bộ Les Rougon-Macquart là gì? answer: Hình 7.13. Bức hoạ Bữa ăn tối cuối cùng Thành phố Paris sau những cải tạo của Haussmann được Émile Zola miêu tả trong bộ Les Rougon-Macquart với những tác phẩm Le Ventre de Paris, Nana, Au Bonheur des Dames","question: Hình ảnh minh hoạ tác phẩm Rô-mê-ô và Giu-li-ét được miêu tả trong bộ Les Rougon-Macquart là gì? answer: Hình 7.13. Bức hoạ Bữa ăn tối cuối cùng Thành phố Paris sau những cải tạo của Haussmann được Émile Zola miêu tả trong bộ Les Rougon-Macquart với những tác phẩm Le Ventre de Paris, Nana, Au Bonheur des Dames",0.897
153,RAG_Chunking,2,question: Ai là tác giả của tiểu thuyết Bóng ma trong nhà hát? answer: Gaston Leroux,question: Ai là tác giả của tiểu thuyết Bóng ma trong nhà hát? answer: Gaston Leroux,0.653
153,RAG_Chunking,3,question: Ai là tác giả truyện ngắn Dấu máu em trên tuyết? answer: Colombia Gabriel García Márquez,question: Ai là tác giả truyện ngắn Dấu máu em trên tuyết? answer: Colombia Gabriel García Márquez,0.7026
154,Chunking_Only,1,question: Tại sao sự thiếu nước ngọt đã trở thành vấn đề nghiêm trọng ở Hồng Kông? answer: do dân số của thuộc địa này của Anh (thời điểm đó) tăng lên,question: Vì sao sự thiếu nước ngọt đã trở thành vấn đề nghiêm trọng ở Hồng Kông? answer: dân số của thuộc địa này của Anh (thời điểm đó) tăng lên,0.7876
154,RAG_Chunking,1,"question: Năm 1405, nhà Hồ cho quân đóng cọc gỗ lớn ở đâu? answer: cửa biển và những nơi xung yếu trên sông","question: Năm 1405, nhà Hồ cho quân đóng cọc gỗ lớn ở đâu? answer: cửa biển và những nơi xung yếu trên sông",0.7809
154,RAG_Chunking,2,question: Từ khi nào thì việc sử dụng máy hơi nước đã trở nên phổ biến ở Anh? answer: Đến đầu thế kỉ XIX,question: Từ khi nào thì việc sử dụng máy hơi nước đã trở nên phổ biến ở Anh? answer: Đến đầu thế kỉ XIX,0.7527
155,Chunking_Only,1,question: Ai là người được hàng triệu người Ấn Độ gọi là Mahtm? answer: triết gia và người đoạt giải Nobel văn chương Rabindranath Tagore,question: Ai là người được hàng triệu người Ấn Độ gọi là Mahtm? answer: triết gia và người đoạt giải Nobel văn chương Rabindranath Tagore,0.7587
155,Chunking_Only,2,question: Quốc phụ của Gandhi là ai? answer: Gandhi,question: Quốc phụ của Gandhi là ai? answer: Mahtm Gndh,0.7324
155,Chunking_Only,3,"question: Ngày lễ quốc gia của Ấn Độ là ngày nào? answer: Ngày sinh của ông, 2 tháng 10, là ngày lễ quốc gia của Ấn Độ","question: Ngày lễ quốc gia của Ấn Độ là ngày nào? answer: Ngày sinh của ông, 2 tháng 10, là ngày lễ quốc gia của Ấn Độ",0.7041
155,RAG_Chunking,1,question: Phật giáo ra đời vào khoảng thời gian nào? answer: khoảng thế kỉ VI TCN,question: Phật giáo ra đời vào khoảng thời gian nào? answer: khoảng thế kỉ VI TCN,0.6715
155,RAG_Chunking,2,"question: Tôn giáo nào của Ấn Độ có ảnh hưởng lớn đến cuộc sống của người dân Ấn Độ? answer: Các tôn giáo lớn của Ấn Độ có ảnh hưởng lớn đến cuộc sống của cư dân Ấn Độ và có ảnh hưởng mạnh mẽ ra bên ngoài, đặc biệt là Trung Hoa và khu vực Đông Nam Á","question: Tôn giáo nào của Ấn Độ có ảnh hưởng lớn đến cuộc sống của người dân Ấn Độ? answer: Các tôn giáo lớn của Ấn Độ có ảnh hưởng lớn đến cuộc sống của cư dân Ấn Độ và có ảnh hưởng mạnh mẽ ra bên ngoài, đặc biệt là Trung Hoa và khu vực Đông Nam Á",0.6961
155,RAG_Chunking,3,question: Trưng Trắc là ai? answer: lãnh đạo cuộc đấu tranh giành tự do và đứng đầu đảng Quốc dân Đại hội Ấn Độ (Indian National Congress) năm 1918,question: Trưng Trắc là ai? answer: lãnh đạo cuộc đấu tranh giành tự do và đứng đầu đảng Quốc dân Đại hội Ấn Độ (Indian National Congress) năm 1918,0.7465
155,RAG_Chunking,4,question: Ngày 2 tháng 10 là ngày gì? answer: Ngày Quốc tế Bất Bạo động,question: Ngày 2 tháng 10 là ngày gì? answer: Ngày Quốc tế Bất Bạo động,0.6879
156,Chunking_Only,1,"question: Tỉ lệ học sinh/giáo viên ở Texas là bao nhiêu? answer: 14,9, thấp hơn trung bình toàn quốc là 15,3","question: Tỉ lệ học sinh/giáo viên ở Texas là bao nhiêu? answer: 14,9, thấp hơn trung bình toàn quốc là 15,3",0.8467
156,Chunking_Only,2,question: Các khu vực trường học có quyền đánh thuế cư dân của họ và trưng thu các tài sản thuộc sở hữu cá nhân? answer: Các khu vực trường học có quyền đánh thuế cư dân của họ và trưng thu các tài sản thuộc sở hữu cá nhân? answer: Các khu vực trường học có quyền đánh thuế cư dân của họ và trưng thu các tài sản thuộc sở hữu cá nhân? answer: Các khu vực trường học có quyền đánh thuế cư dân của họ và trưng thu các tài sản thuộc sở hữu cá nhân,question: Các khu vực trường học có quyền đánh thuế cư dân của họ và trưng thu các tài sản thuộc sở hữu cá nhân? answer: Các khu vực trường học có quyền đánh thuế cư dân của họ và trưng thu các tài sản thuộc sở hữu cá nhân,0.803
156,RAG_Chunking,1,question: Tiền nộp hàng năm của đình nam trước thu bao nhiêu quan? answer: 3 quan,question: Tiền nộp hàng năm của đình nam trước thu bao nhiêu quan? answer: 3 quan,0.6643
156,RAG_Chunking,2,"question: Tiền nộp hàng năm của đình nam được quy định như thế nào? answer: Tiền nộp hàng năm của đình nam trước thu 3 quan, nay chiếu theo số ruộng, người nào chỉ có 5 sào ruộng thì thu 5 tiền giấy, từ 6 sào đến một mẫu thì thu 1 quan tiền giấy,.. Vĩnh nam không có ruộng và trẻ mồ côi, đàn bà góa, thì đâu có ruộng cũng thôi không thu","question: Tiền nộp hàng năm của đình nam được quy định như thế nào? answer: Tiền nộp hàng năm của đình nam trước thu 3 quan, nay chiếu theo số ruộng, người nào chỉ có 5 sào ruộng thì thu 5 tiền giấy, từ 6 sào đến một mẫu thì thu 1 quan tiền giấy,.. Vĩnh nam không có ruộng và trẻ mồ côi, đàn bà góa, thì đâu có ruộng cũng thôi không thu",0.7435
156,RAG_Chunking,3,"question: Năm 2006 và 2007, Texas đã chi bao nhiêu tiền cho mỗi học sinh? answer: 7.275","question: Năm 2006 và 2007, Texas đã chi bao nhiêu tiền cho mỗi học sinh? answer: 7.275",0.7011
156,RAG_Chunking,4,"question: Tỉ lệ học sinh/giáo viên ở Texas là bao nhiêu? answer: 14,9, thấp hơn trung bình toàn quốc là 15,3","question: Tỉ lệ học sinh/giáo viên ở Texas là bao nhiêu? answer: 14,9, thấp hơn trung bình toàn quốc là 15,3",0.8677
156,RAG_Chunking,5,question: Các khu vực trường học có quyền đánh thuế cư dân của họ và trưng thu các tài sản thuộc sở hữu cá nhân? answer: Các khu vực trường học có quyền đánh thuế cư dân của họ và trưng thu các tài sản thuộc sở hữu cá nhân,question: Các khu vực trường học có quyền đánh thuế cư dân của họ và trưng thu các tài sản thuộc sở hữu cá nhân? answer: Các khu vực trường học có quyền đánh thuế cư dân của họ và trưng thu các tài sản thuộc sở hữu cá nhân,0.7708
157,Chunking_Only,1,question: Ai là chủ tịch của Đại hội đồng Nièvre năm 1962? answer: PCF và SFIO,question: Ai là chủ tịch của Đại hội đồng Nièvre năm 1962? answer: PCF và SFIO,0.6499
157,Chunking_Only,2,question: Ai là người chỉ trích quyền lực cá nhân của de Gaulle? answer: de Gaulle,question: Ai là người chỉ trích quyền lực cá nhân của de Gaulle? answer: de Gaulle,0.7955
157,RAG_Chunking,1,"question: Hoạt động đối ngoại chủ yếu trong kháng chiến chống Pháp là gì? answer: Hoạt động đối ngoại chủ yếu trong kháng chiến chống Pháp (1945-1954): - Chủ tịch Hồ Chí Minh gửi thư, công hàm khẳng định tính hợp pháp của nhà nước Việt Nam Dân chủ Cộng hòa. - Chủ tịch Hồ Chí Minh gửi thư, công hàm khẳng định tính hợp pháp của nhà nước Việt Nam Dân chủ Cộng hòa. - Chủ tịch Hồ Chí Minh gửi thư, công hàm khẳng định tính hợp pháp của nhà nước Việt Nam Dân chủ Cộng hòa","question: Hoạt động đối ngoại chủ yếu trong kháng chiến chống Pháp là gì? answer: Hoạt động đối ngoại chủ yếu trong kháng chiến chống Pháp (1945-1954): - Chủ tịch Hồ Chí Minh gửi thư, công hàm khẳng định tính hợp pháp của nhà nước Việt Nam Dân chủ Cộng hòa. - Chủ tịch Hồ Chí Minh gửi thư, công hàm khẳng định tính hợp pháp của nhà nước Việt Nam Dân chủ Cộng hòa. - Chủ tịch Hồ Chí Minh gửi thư, công hàm khẳng định tính hợp pháp của nhà nước Việt Nam Dân chủ Cộng hòa",0.8775
157,RAG_Chunking,2,"question: Nguyên nhân thắng lợi của sự lãnh đạo đúng đắn của Đảng, Chủ tịch Hồ Chí Minh là gì? answer: - Sự lãnh đạo đúng đắn của Đảng, Chủ tịch Hồ Chí Minh. - Truyền thống yêu nước, đoàn kết, ý chí kiên cường của nhân dân. - Hệ thống chính quyền, mặt trận dân tộc thống nhất, lực lượng vũ trang lớn mạnh","question: Nguyên nhân thắng lợi của sự lãnh đạo đúng đắn của Đảng, Chủ tịch Hồ Chí Minh là gì? answer: - Sự lãnh đạo đúng đắn của Đảng, Chủ tịch Hồ Chí Minh. - Truyền thống yêu nước, đoàn kết, ý chí kiên cường của nhân dân. - Hệ thống chính quyền, mặt trận dân tộc thống nhất, lực lượng vũ trang lớn mạnh",0.8176
157,RAG_Chunking,3,question: Nguyên nhân dẫn tới thắng lợi của Cách mạng Tháng Tám năm 1945 là gì? answer: Sự lãnh đạo đúng đắn của Đảng Cộng sản Đông Dương đứng đầu là Chủ tịch Hồ Chí Minh,question: Nguyên nhân dẫn tới thắng lợi của Cách mạng Tháng Tám năm 1945 là gì? answer: Sự lãnh đạo đúng đắn của Đảng Cộng sản Đông Dương đứng đầu là Chủ tịch Hồ Chí Minh,0.9258
157,RAG_Chunking,4,question: Ai là chủ tịch của Đại hội đồng Nièvre năm 1962? answer: PCF và SFIO,question: Ai là chủ tịch của Đại hội đồng Nièvre năm 1962? answer: PCF và SFIO,0.6839
157,RAG_Chunking,5,"question: Le Coup d'État permanent đã chỉ trích quyền lực của De Gaulle bằng cách nào? answer: xuất bản Le Coup d'État permanent (Cuộc đảo chính thường trực, 1964), chỉ trích quyền lực của De Gaulle","question: Le Coup d'État permanent (Cuộc đảo chính thường trực, 1964) đã chỉ trích quyền lực của De Gaulle bằng cách nào? answer: xuất bản Le Coup d'État permanent (Cuộc đảo chính thường trực, 1964), chỉ trích quyền lực của De Gaulle",0.6597
158,Chunking_Only,1,question: Khách sạn Ritz trên quảng trường Vendôme mở cửa vào năm nào? answer: 1898,question: Khách sạn Ritz trên quảng trường Vendôme mở cửa vào năm nào? answer: 1898,0.7303
158,Chunking_Only,2,"question: Ngoài Bristol, George V, Meurice, Plaza Athénée và Fouquet's Barrière còn có những khách sạn nào khác? answer: Bristol, George V, Meurice, Plaza Athénée và Fouquet's Barrière","question: Ngoài Bristol, George V, Meurice, Plaza Athénée và Fouquet's Barrière còn có những khách sạn nào khác? answer: Bristol, George V, Meurice, Plaza Athénée và Fouquet's Barrière",0.7399
158,RAG_Chunking,1,question: Ngày 14-7-1789 diễn ra sự kiện gì? answer: hàng nghìn người dân Pa-ri đã nổi dậy đánh chiếm ngục Ba-xti từ tay quân lính của triều đình,question: Ngày 14-7-1789 là ngày diễn ra sự kiện gì? answer: hàng nghìn người dân Pa-ri đã nổi dậy đánh chiếm ngục Ba-xti từ tay quân lính của triều đình,0.6827
158,RAG_Chunking,2,"question: Những nơi nào được xây dựng với quy mô lớn? answer: Hoàng thành Thăng Long, thành nhà Hồ, thành Lam Kinh, thành nhà Mạc, Đại nội Huế, thành Gia Định","question: Những nơi nào được xây dựng với quy mô lớn? answer: Hoàng thành Thăng Long, thành nhà Hồ, thành Lam Kinh, thành nhà Mạc, Đại nội Huế, thành Gia Định",0.6275
158,RAG_Chunking,3,"question: Những ngôi chùa nổi tiếng nào nổi tiếng ở Pháp? answer: chùa Một Cột, Sùng Thiện Diên Linh, chùa Trấn Quốc, chùa Phật Tích, chùa Thiên Mụ","question: Những ngôi chùa nổi tiếng nào nổi tiếng ở Pháp? answer: chùa Một Cột, Sùng Thiện Diên Linh, chùa Trấn Quốc, chùa Phật Tích, chùa Thiên Mụ",0.6039
158,RAG_Chunking,4,question: Hình 7.8. Một hội chợ ở Sãm-pa-nhơ (Pháp) thời trung đại (tranh vẽ) Hình 7.9. Một góc thành phố Phờ-lo-ren (I-ta-li-a) Hình 7.9. Một góc thành phố Phờ-lo-ren (I-ta-li-a) Hình 7.9. Một góc thành phố Phờ-lo-ren (I-ta-li-a) Hình 7.9. Một góc thành phố Phờ-lo-ren (I-ta-li-,question: Hình 7.8. Một hội chợ ở Sãm-pa-nhơ (Pháp) thời trung đại (tranh vẽ) Hình 7.9. Một góc thành phố Phờ-lo-ren (I-ta-li-a) Hình 7.9. Một góc thành phố Phờ-lo-ren (I-ta-li-a) Hình 7.9. Một góc thành phố Phờ-lo-ren (I-ta-li-a) Hình 7.9. Một góc thành phố Phờ-lo-ren (I-ta-li-,0.6944
158,RAG_Chunking,5,"question: Khách sạn Ritz được xếp vào hạng gì? answer: "" palace "" - đặc biệt sang trọng - cùng năm khách sạn khác: Bristol, George V, Meurice, Plaza Athénée và Fouquet's Barrière","question: Khách sạn Ritz được xếp vào hạng gì? answer: "" palace "" - đặc biệt sang trọng - cùng năm khách sạn khác: Bristol, George V, Meurice, Plaza Athénée và Fouquet's Barrière",0.7418
159,Chunking_Only,1,"question: Mông Cổ có mối quan hệ thân cận với các quốc gia nào? answer: Hoa Kỳ, Nga, Bắc Triều Tiên và Hàn Quốc, Nhật Bản, và Cộng hoà Nhân dân Trung Hoa","question: Mông Cổ có mối quan hệ thân cận với các quốc gia nào? answer: Hoa Kỳ, Nga, Bắc Triều Tiên và Hàn Quốc, Nhật Bản, và Cộng hoà Nhân dân Trung Hoa",0.6501
159,Chunking_Only,2,question: 200 quân Mông Cổ đang làm nhiệm vụ ở đâu? answer: Sierra Leone dưới một sự uỷ quyền của Liên hiệp quốc để bảo vệ toà án đặc biệt của Liên hiệp quốc được thành lập ở đó,question: 200 quân Mông Cổ đang thực hiện nhiệm vụ ở đâu? answer: Sierra Leone dưới một sự uỷ quyền của Liên hiệp quốc để bảo vệ toà án đặc biệt của Liên hiệp quốc được thành lập ở đó,0.8149
159,RAG_Chunking,1,"question: Nội dung cải cách của bài học là gì? answer: Nêu được tầm quan trọng chiến lược của Biển Đông đối với Việt Nam về quốc phòng, an ninh và phát triển các ngành kinh tế trọng điểm","question: Nội dung cải cách của bài học là gì? answer: Nêu được tầm quan trọng chiến lược của Biển Đông đối với Việt Nam về quốc phòng, an ninh và phát triển các ngành kinh tế trọng điểm",0.8186
159,RAG_Chunking,2,question: Việt Nam là Nhà nước đầu tiên xác lập chủ quyền và quản lí liên tục đối với quần đảo Hoàng Sa và quần đảo Trường Sa trong lịch sử? answer: đầu tiên xác lập chủ quyền và quản lí liên tục đối với quần đảo Hoàng Sa và quần đảo Trường Sa trong lịch sử,question: Việt Nam là Nhà nước đầu tiên xác lập chủ quyền và quản lí liên tục đối với quần đảo Hoàng Sa và quần đảo Trường Sa trong lịch sử? answer: đầu tiên xác lập chủ quyền và quản lí liên tục đối với quần đảo Hoàng Sa và quần đảo Trường Sa trong lịch sử,0.8958
159,RAG_Chunking,3,question: Việt Nam có chủ trương giải quyết các tranh chấp ở Biển Đông bằng biện pháp hòa bình? answer: giải quyết các tranh chấp ở Biển Đông bằng biện pháp hòa bình,question: Việt Nam có chủ trương giải quyết các tranh chấp ở Biển Đông bằng biện pháp hòa bình? answer: giải quyết các tranh chấp ở Biển Đông bằng biện pháp hoà bình,0.8878
159,RAG_Chunking,4,question: Cuộc xâm lược Iraq năm 2003 của Mông Cổ có ý nghĩa như thế nào? answer: có ý nghĩa như thế nào? answer: có ý nghĩa như thế nào? answer: có ý nghĩa như thế nào? answer: Cuộc xâm lược Iraq năm 2003 của Mông Cổ có ý nghĩa như thế nào? answer: có ý nghĩa như thế nào? answer: Cuộc xâm lược Iraq năm 2003 của Mông Cổ có ý nghĩa như thế nào? answer: ý nghĩa như thế nào? answer:,"question: Cuộc xâm lược Iraq năm 2003 của Mông Cổ có ý nghĩa như thế nào? answer: ủng hộ cuộc xâm lược Iraq năm 2003, và đã nhiều lần gửi binh sĩ với số lượng mỗi lần từ 103 tới 180 quân tới Iraq",0.6337
159,RAG_Chunking,5,question: Ai là người đã gửi một tiểu đoàn tới Chad để hỗ trợ cho MINURCAT? answer: Ai là người đã gửi một tiểu đoàn tới Chad để hỗ trợ cho MINURCAT? answer: Ai là người đã gửi một tiểu đoàn tới Chad để hỗ trợ cho MINURCAT? answer: Ai là người đã gửi một tiểu đoàn tới Chad để hỗ trợ cho MINURCAT? answer: Ai là người đã gửi một tiểu đoàn tới Chad để hỗ trợ cho MINURCAT,question: Ai là người đã gửi một tiểu đoàn tới Chad để hỗ trợ cho MINURCAT? answer: Mông Cổ,0.6728
160,Chunking_Only,1,question: Cơ quan tư vấn Urba được thành lập năm 1971 bởi Đảng Xã hội nhằm mục đích gì? answer: cố vấn cho các xã đang dưới quyền lãnh đạo của phe xã hội về các dự án cơ sở hạ tầng và dự án công cộng,question: Cơ quan tư vấn Urba được thành lập năm 1971 bởi Đảng Xã hội nhằm mục đích gì? answer: cố vấn cho các xã đang dưới quyền lãnh đạo của phe xã hội về các dự án cơ sở hạ tầng và dự án công cộng,0.8637
160,Chunking_Only,2,question: Ai là người lãnh đạo chiến dịch tranh cử của Mitterrand năm 1988? answer: Henri Nallet,question: Ai là người lãnh đạo chiến dịch tranh cử của Mitterrand năm 1988? answer: Henri Nallet,0.7009
160,Chunking_Only,3,"question: Người phụ trách tài chính của Đảng Xã hội Henri Emmanuelli bị xử phạt như thế nào? answer: bị đem ra xét xử năm 1997 vì tham nhũng, và ông bị kết án hai năm tù treo","question: Người phụ trách tài chính của Đảng Xã hội Henri Emmanuelli bị xử phạt như thế nào? answer: bị đem ra xét xử năm 1997 vì tham nhũng, và ông bị kết án hai năm tù treo",0.6084
160,RAG_Chunking,1,question: Tiểu sử và tiến trình hoạt động của cách mạng Việt Nam là gì? answer: Tiểu sử và tiến trình hoạt động của cách mạng Việt Nam là gì? answer: Tiểu sử và tiến trình hoạt động của cách mạng Việt Nam là gì? answer: Tiểu sử và tiến trình hoạt động của cách mạng Việt Nam là gì? answer: Tiểu sử và tiến trình hoạt động của cách mạng Việt Nam là gì? answer: Tiểu sử và tiến trình hoạt động của cách mạng Việt Nam là gì? answer: Tiểu sử và tiến trình hoạt động của cách,"question: Tiểu sử và tiến trình hoạt động của cách mạng Việt Nam là gì? answer: Tiểu sử và tiến trình hoạt động cách mạng: - 1890-1911: Tuổi thơ ở Nghệ An, học ở Huế, dạy học Phan Thiết, Sài Gòn. - 1941-1919: Ra nước ngoài tìm đường cứu nước, hoạt động ở Pháp",0.8606
160,RAG_Chunking,2,question: Đảng Lao động Việt Nam ra hoạt động công khai với tên gì? answer: tên Đảng Lao động Việt Nam,question: Đảng Lao động Việt Nam ra hoạt động công khai với tên gì? answer: Đảng Lao động Việt Nam,0.6986
160,RAG_Chunking,3,"question: Sô-phi-a là gì? answer: là một rô-bốt được chế tạo và thiết kế năm 2015, mang hình dáng giống con người","question: Sô-phi-a là gì? answer: là một rô-bốt được chế tạo và thiết kế năm 2015, mang hình dáng giống con người",0.8208
160,RAG_Chunking,4,question: Cơ quan tư vấn Urba được thành lập năm nào? answer: năm 1971,question: Cơ quan tư vấn Urba được thành lập năm nào? answer: năm 1971,0.866
160,RAG_Chunking,5,question: Điều gì đã ngăn cản việc điều tra thêm nữa? answer: các biên bản chi tiết của các hợp đồng của tổ chức và việc phân chia số tiền thu được giữa đảng và các quan chức được bầu,question: Điều gì đã ngăn cản việc điều tra thêm nữa? answer: các biên bản chi tiết của các hợp đồng của tổ chức và việc phân chia số tiền thu được giữa đảng và các quan chức được bầu,0.6164
160,RAG_Chunking,6,question: Ai là người bị đưa ra xét xử năm 1997? answer: Người phụ trách tài chính của Đảng Xã hội Henri Emmanuelli,question: Ai là người bị đưa ra xét xử năm 1997? answer: Người phụ trách tài chính của Đảng Xã hội Henri Emmanuelli,0.6909
161,Chunking_Only,1,"question: Vì sao nhiều nhà sử học và chú giải đã phê bình Gandhi? answer: vì cái nhìn của ông về Adolf Hitler và Chủ nghĩa Đức Quốc Xã, bao gồm những lời trần thuật là người Do Thái có thể đạt được tình thương của Thượng đế nếu họ sẵn lòng đi đến cái chết như những cảm tử chết vì nghĩa","question: Vì sao nhiều nhà sử học và chú giải đã phê bình Gandhi? answer: cái nhìn của ông về Adolf Hitler và Chủ nghĩa Đức Quốc Xã, bao gồm những lời trần thuật là người Do Thái có thể đạt được tình thương của Thượng đế nếu họ sẵn lòng đi đến cái chết như những cảm tử chết vì nghĩa",0.908
161,Chunking_Only,2,"question: Gandhi đã tấn công Gandhi như thế nào? answer: tấn công Gandhi một phần về tính đạo đức giả qua những lập trường tiền hậu bất nhất trí trong khi thực hiện bất bạo lực, thái độ không thích hợp về phía phụ nữ và những lời nói có bản chất kì thị chủng tộc","question: Gandhi đã tấn công Gandhi như thế nào? answer: tấn công Gandhi một phần về tính đạo đức giả qua những lập trường tiền hậu bất nhất trí trong khi thực hiện bất bạo lực, thái độ không thích hợp về phía phụ nữ và những lời nói có bản chất kì thị chủng tộc",0.7863
161,RAG_Chunking,1,"question: Mối nguy hại ngày nay có thể là gì? answer: do gây bè cánh, tiến cử không công bằng, có thể vì cậy thế công thân nơi tiềm để cho vợ con chạy chọt nhờ vả nơi quyền thế, có thể do để bạn gia nô làm hại dân lành, hay thậm thịt ở các nhà quyền thế để xin khỏi tội...","question: Mối nguy hại ngày nay có thể là gì? answer: do gây bè cánh, tiến cử không công bằng, có thể vì cậy thế công thân nơi tiềm để cho vợ con chạy chọt nhờ vả nơi quyền thế, có thể do để bạn gia nô làm hại dân lành, hay thậm thịt ở các nhà quyền thế để xin khỏi tội...",0.6956
161,RAG_Chunking,2,"question: Vì sao một số cuộc kháng chiến không thành công? answer: Nướng dân đen trên ngọn lửa hung tàn, Vùi con đỏ xuống dưới hầm tai vạ. Dối trời lừa dân đủ muôn nghìn kế, Gây thù kết oán trải mấy mươi năm. Bại nhân nghĩa nát cả đất trời, Nặng thuế khoá sạch không đâm núi","question: Vì sao một số cuộc kháng chiến không thành công? answer: Nướng dân đen trên ngọn lửa hung tàn, Vùi con đỏ xuống dưới hầm tai vạ. Dối trời lừa dân đủ muôn nghìn kế, Gây thù kết oán trải mấy mươi năm. Bại nhân nghĩa nát cả đất trời, Nặng thuế khoá sạch không đâm núi",0.798
161,RAG_Chunking,3,"question: Penn và Teller đã tấn công Gandhi như thế nào? answer: tấn công Gandhi một phần về tính đạo đức giả qua những lập trường tiền hậu bất nhất trí trong khi thực hiện bất bạo lực, thái độ không thích hợp về phía phụ nữ và những lời nói có bản chất kì thị chủng tộc","question: Penn và Teller đã tấn công Gandhi như thế nào? answer: tấn công Gandhi một phần về tính đạo đức giả qua những lập trường tiền hậu bất nhất trí trong khi thực hiện bất bạo lực, thái độ không thích hợp về phía phụ nữ và những lời nói có bản chất kì thị chủng tộc",0.8491
161,RAG_Chunking,4,question: Ngày 26 tháng 9 năm 1896 đã diễn ra sự kiện gì? answer: diễn ra sự kiện gì? answer: diễn ra sự kiện gì? answer: diễn ra sự kiện gì? answer: diễn ra sự kiện gì? answer: diễn ra sự kiện gì? answer: diễn ra sự kiện gì? answer: diễn ra sự kiện gì? answer: diễn ra sự kiện gì? answer: diễn ra sự kiện gì? answer: Ngày 26 tháng 9 năm 1896,"question: Ngày 26 tháng 9 năm 1896 đã diễn ra sự kiện gì? answer: trước công chúng tại Mumbai, 26 tháng 9 năm 1896 (Collected Works, quyển II, trang 74) về người châu Phi",0.8826
162,Chunking_Only,1,question: Sự kiện thể thao lớn nhất được tổ chức tại Nouvelle-Calédonie là gì? answer: một vòng của giải vô địch đua xe châu Á Thái Bình Dương FIA (APRC),question: Sự kiện thể thao lớn nhất được tổ chức tại Nouvelle-Calédonie là gì? answer: một vòng của giải vô địch đua xe châu Á Thái Bình Dương FIA (APRC),0.7536
162,Chunking_Only,2,question: Đội tuyển bóng ném Nouvelle-Calédonie từng vô địch châu Đại Dương vào năm nào? answer: 2008,question: Đội tuyển bóng ném Nouvelle-Calédonie từng vô địch châu Đại Dương vào năm nào? answer: 2008,0.6639
162,RAG_Chunking,1,question: Cuộc thi HackTheOn Sejong 2025 do trường đại học nào tổ chức? answer: Trường Đại học Kỹ thuật Truyền thông và Tin học Moscow (MTUCI),question: Cuộc thi HackTheOn Sejong 2025 do trường đại học nào tổ chức? answer: Trường Đại học Kỹ thuật Truyền thông và Tin học Moscow (MTUCI),0.6287
162,RAG_Chunking,2,"question: Cuộc thi HackTheOn Sejong 2025 là cuộc thi gì? answer: một trong những cuộc thi CTF quốc tế danh giá do thành phố tự trị Sejong tổ chức, quy tụ các đội mạnh nhất khu vực và quốc tế","question: Cuộc thi HackTheOn Sejong 2025 là cuộc thi gì? answer: một trong những cuộc thi CTF quốc tế danh giá do thành phố tự trị Sejong tổ chức, quy tụ các đội mạnh nhất khu vực và quốc tế",0.8469
162,RAG_Chunking,3,question: Đội tuyển Alternative fr Knights đến từ Khoa Mạng máy tính & Truyền thông đã ghi tên mình vào Top 10 đội mạnh nhất tại CODEGATE CTF 2025 tại đâu? answer: đâu? answer: tại CODEGATE CTF 2025 (Preliminaries) - một trong những cuộc thi hacking hàng đầu Châu Á,question: Đội tuyển Alternative fr Knights đến từ Khoa Mạng máy tính & Truyền thông đã ghi tên mình vào Top 10 đội mạnh nhất tại CODEGATE CTF 2025 tại đâu? answer: CODEGATE CTF 2025 (Preliminaries) - một trong những cuộc thi hacking hàng đầu Châu Á,0.8117
162,RAG_Chunking,4,"question: Ý nghĩa của Đại hội thể thao Ô-lim-píc là gì? answer: rèn luyện sức khoẻ, giải trí, gắn kết","question: Ý nghĩa của Đại hội thể thao Ô-lim-píc là gì? answer: rèn luyện sức khoẻ, giải trí, gắn kết",0.7268
162,RAG_Chunking,5,question: Sự kiện thể thao lớn nhất được tổ chức tại Nouvelle-Calédonie diễn ra vào thời gian nào? answer: 3-1954 - 7-5-1954,question: Sự kiện thể thao lớn nhất được tổ chức tại Nouvelle-Calédonie diễn ra vào thời gian nào? answer: 3-1954 - 7-5-1954,0.6866
162,RAG_Chunking,6,question: Sự kiện thể thao lớn nhất được tổ chức tại Nouvelle-Calédonie là gì? answer: một vòng của giải vô địch đua xe châu Á Thái Bình Dương FIA (APRC),question: Sự kiện thể thao lớn nhất được tổ chức tại Nouvelle-Calédonie là gì? answer: một vòng của giải vô địch đua xe châu Á Thái Bình Dương FIA (APRC),0.8048
162,RAG_Chunking,7,question: Đội tuyển bóng ném Nouvelle-Calédonie từng vô địch châu Đại Dương vào năm nào? answer: 2008,question: Đội tuyển bóng ném Nouvelle-Calédonie từng vô địch châu Đại Dương vào năm nào? answer: 2008,0.6633
163,Chunking_Only,1,question: Hiệp ước Mnchen có ý nghĩa như thế nào? answer: Hiệp ước Mnchen có ý nghĩa như thế nào? answer: Hiệp ước Mnchen có ý nghĩa như thế nào? answer: Hiệp ước Mnchen có ý nghĩa như thế nào? answer: Hiệp ước Mnchen có ý nghĩa như thế nào? answer: Hiệp ước Mnchen có ý nghĩa như thế nào? answer: Hiệp ước Mnchen có ý nghĩa như thế nào? answer: Hiệp ước Mnchen có ý nghĩa như thế nào,"question: Hiệp ước Mnchen có ý nghĩa như thế nào? answer: đã phát biểu rằng ""Pháp và Hoa Kỳ đoàn kết với nhau trong chiến tranh và hòa bình"" khiến cho trong giới báo chí có nhiều đồn đoán rằng nếu chiến tranh bùng nổ vì Tiệp Khắc tỗn nổ vì Tiệp Khắc tỗn nổ vì Tiệp Khắc tỗn nổ vì Tiệp Khắc tỗn nổ vì Tiệp Khắc tỗn nổ vì Tiệp Khắc tỗn nổ vì Tiệp Khắc tỗn nổ vì Tiệp Khắc tỗn nổ vì Tiệp Khắc tỗn",0.611
163,Chunking_Only,2,question: Trong trường hợp nào thì Hoa Kỳ sẽ tham chiến bên cạnh phe Đồng minh? answer: Hoa Kỳ sẽ tham chiến bên cạnh phe Đồng minh,question: Trong trường hợp nào thì Hoa Kỳ sẽ tham chiến bên cạnh phe Đồng minh? answer: Đức có hành động xâm lược cùa Đức,0.7111
163,Chunking_Only,3,question: Vì sao Hoa Kỳ vẫn giữ lập trường trung lập? answer: trong trường hợp Đức có hành động xâm lược chống Tiệp Khắc thì Hoa Kỳ vẫn giữ lập trường trung lập,question: Vì sao Hoa Kỳ vẫn giữ lập trường trung lập? answer: trong trường hợp Đức có hành động xâm lược chống Tiệp Khắc thì Hoa Kỳ vẫn giữ lập trường trung lập,0.7072
163,Chunking_Only,4,question: Vì sao bức điện tín vẫn là chủ đề gây tranh cãi? answer: Vì sao bức điện tín vẫn là chủ đề gây tranh cãi,question: Vì sao bức điện tín vẫn là chủ đề gây tranh cãi? answer: Phần đông ý kiến cho rằng bức điện tín mang ý nghĩa chúc mừng trong khi nhóm thiểu số thì phản bác lời giải nghĩa đó,0.9022
163,RAG_Chunking,1,"question: Hoạt động đối ngoại chủ yếu trong kháng chiến chống Mỹ là gì? answer: Đấu tranh yêu cầu thực hiện Hiệp định Genève. - Củng cố quan hệ với các nước xã hội chủ nghĩa. - Tăng cường đoàn kết ba nước Đông Dương. - Đàm phán, ký Hiệp định Paris (1973). - Mở rộng quan hệ ngoại giao, đẩy mạnh đối ngoại nhân dân","question: Hoạt động đối ngoại chủ yếu trong kháng chiến chống Mỹ là gì? answer: Đấu tranh yêu cầu thực hiện Hiệp định Genève. - Củng cố quan hệ với các nước xã hội chủ nghĩa. - Tăng cường đoàn kết ba nước Đông Dương. - Đàm phán, ký Hiệp định Paris (1973). - Mở rộng quan hệ ngoại giao, đẩy mạnh đối ngoại nhân dân",0.9196
163,RAG_Chunking,2,"question: Nước Việt Nam Dân chủ Cộng hòa ra đời sau sự kiện nào? answer: Sau Cách mạng Tháng Tám, nước Việt Nam Dân chủ Cộng hòa ra đời nhưng bị thực dân Pháp và các thế lực thù địch trong và ngoài nước chống phá, xâm lược","question: Nước Việt Nam Dân chủ Cộng hòa ra đời sau sự kiện nào? answer: Sau Cách mạng Tháng Tám, nước Việt Nam Dân chủ Cộng hòa ra đời nhưng bị thực dân Pháp và các thế lực thù địch trong và ngoài nước chống phá, xâm lược",0.7119
163,RAG_Chunking,3,"question: Hoạt động đối ngoại chủ yếu của kháng chiến chống Pháp là gì? answer: chống Pháp (1945-1954): - Chủ tịch Hồ Chí Minh gửi thư, công hàm khẳng định tính hợp pháp của nhà nước Việt Nam Dân chủ Cộng hòa. - Thiết lập quan hệ ngoại giao với các nước xã hội chủ nghĩa (Trung Quốc, Liên Xô,..). - Thiết lập quan hệ ngoại giao với các nước xã hội chủ nghĩa (Trung Quốc, Liên Xô,..)","question: Hoạt động đối ngoại chủ yếu của kháng chiến chống Pháp là gì? answer: chống Pháp (1945-1954): Hoạt động đối ngoại chủ yếu trong kháng chiến chống Pháp (1945-1954): - Chủ tịch Hồ Chí Minh gửi thư, công hàm khẳng định tính hợp pháp của nhà nước Việt Nam Dân chủ Cộng hòa. - Thiết lập quan hệ ngoại giao với các nước xã hội chủ nghĩa (Trung Quốc, Liên Xô,..). - Thiết lập quan hệ ngoại giao với các nước xã hội chủ nghĩa (Trung Quốc,",0.8745
163,RAG_Chunking,4,question: Vì sao Hoa Kỳ vẫn giữ lập trường trung lập? answer: trong trường hợp Đức có hành động xâm lược chống Tiệp Khắc thì Hoa Kỳ vẫn giữ lập trường trung lập,question: Vì sao Hoa Kỳ vẫn giữ lập trường trung lập? answer: trong trường hợp Đức có hành động xâm lược chống Tiệp Khắc thì Hoa Kỳ vẫn giữ lập trường trung lập,0.661
164,Chunking_Only,1,question: Dân số thổ dân Canada vào thời điểm người châu Âu thiết lập các khu định cư đầu tiên là bao nhiêu? answer: từ 200.000 đến hai triệu,question: Dân số thổ dân Canada vào thời điểm người châu Âu thiết lập các khu định cư đầu tiên là bao nhiêu? answer: từ 200.000 đến hai triệu,0.8147
164,Chunking_Only,2,question: Người Métis hình thành từ khi nào? answer: thế kỷ XVII khi những người Dân tộc T,question: Người Métis hình thành từ khi nào? answer: thế kỷ XVII khi những người Dân tộc T,0.6005
164,RAG_Chunking,1,"question: Các hiện tượng nào xảy ra ở các làng xã? answer: tình trạng che giấu, gian dối về ruộng đất và dân đinh","question: Các hiện tượng nào xảy ra ở các làng xã? answer: tình trạng che giấu, gian dối về ruộng đất và dân đinh",0.6676
164,RAG_Chunking,2,"question: Dân tộc nào chiếm khoảng 82,1 triệu người? answer: dân tộc Kinh","question: Dân tộc nào chiếm khoảng 82,1 triệu người? answer: dân tộc Kinh",0.6004
164,RAG_Chunking,3,question: Dân số thổ dân Canada vào thời điểm người châu Âu thiết lập các khu định cư đầu tiên là bao nhiêu? answer: từ 200.000 đến hai triệu,question: Dân số thổ dân Canada vào thời điểm người châu Âu thiết lập các khu định cư đầu tiên là bao nhiêu? answer: từ 200.000 đến hai triệu,0.7668
164,RAG_Chunking,4,"question: Tại sao các dân tộc Thổ dân Canada phải chịu tổn thất? answer: do các dịch bệnh truyền nhiễm mới được đưa đến bùng phát lặp lại nhiều lần, như dịch cúm, dịch sởi, dịch đầu mùa (do Thổ dân không có miễn dịch tự nhiêm tự nhiêm tự nhiêu lần, như dịch cúm, dịch sởi, dịch đầu mùa), dịch đầu mùa (do Thổ dân không có miễn dịch tự nhi answer: do Thổ dân không có miễn dịch tự nhi answer: do Thổ dân không có miễn dịch tự nhi answer: do Thổ dân không có miễn dịch tự","question: Tại sao các dân tộc Thổ dân Canada phải chịu tổn thất? answer: do các dịch bệnh truyền nhiễm mới được đưa đến bùng phát lặp lại nhiều lần, như dịch cúm, dịch sởi, dịch đầu mùa (do Thổ dân không có miễn dịch tự nhiêm tự nhiêm tự nhiêu lần, như dịch cúm, dịch sởi, dịch đầu mùa), dịch đầu mùa (do Thổ dân không có miễn dịch tự nhiêm tự nhiêm tự nhiêu lần, như dịch cúm, dịch sởi, dịch đầu mùa)",0.7556
164,RAG_Chunking,5,question: Người Métis hình thành từ khi nào? answer: thế kỷ XVII khi những người Dân tộc Trước tiên và người Inuit kết hôn vớ nhau,question: Người Métis hình thành từ khi nào? answer: thế kỷ XVII khi những người Dân tộc Trước tiên và người Inuit kết hôn vớ nhau,0.6729
164,RAG_Chunking,6,question: Người dân tộc Trước tiên và người Inuit kết hôn với dân định cư người châu Âu vào thời gian nào? answer: thế kỷ XVII,question: Người dân tộc Trước tiên và người Inuit kết hôn với dân định cư người châu Âu vào thời gian nào? answer: thế kỷ XVII,0.8164
165,Chunking_Only,1,"question: Nơi giam giữ của Mitterrand là ở đâu? answer: Stalag IXA gần Ziegenhain (ngày nay được gọi là Trutzhain, một làng gần Kassel ở Hesse)","question: Nơi giam giữ của Mitterrand là ở đâu? answer: Stalag IXA gần Ziegenhain (ngày nay được gọi là Trutzhain, một làng gần Kassel ở Hesse)",0.723
165,Chunking_Only,2,question: Công việc làm công chức hạng trung trong chính phủ Vichy là gì? answer: chịu trách nhiệm về các quyền lợi của tù binh chiến tranh,question: Công việc làm công chức hạng trung trong chính phủ Vichy là gì? answer: chịu trách nhiệm về các quyền lợi của tù binh chiến tranh,0.7167
165,Chunking_Only,3,question: Ai tuyên bố đã làm điệp viên cho Các lực lượng Tự do Pháp? answer: Các lực lượng Tự do Pháp,question: Ai tuyên bố đã làm điệp viên cho Các lực lượng Tự do Pháp? answer: Các lực lượng Tự do Pháp,0.7111
165,RAG_Chunking,1,question: Ngày 14-7-1789 diễn ra sự kiện gì? answer: hàng nghìn người dân Pa-ri đã nổi dậy đánh chiếm ngục Ba-xti từ tay quân lính của triều đình,question: Ngày 14-7-1789 là ngày diễn ra sự kiện gì? answer: hàng nghìn người dân Pa-ri đã nổi dậy đánh chiếm ngục Ba-xti từ tay quân lính của triều đình,0.6827
165,RAG_Chunking,2,"question: Từ đêm 30 Tết Nguyên đán Kỷ Dậu (1789), quân Tây Sơn đã có những động thái gì? answer: quân Tây Sơn đã có những động thái gì? answer: quân Tây Sơn đã có những động thái gì? answer: quân Tây Sơn đã có những động thái gì? answer: quân Tây Sơn đã có những động thái gì? answer: quân Tây Sơn đã có những động thái gì? answer: quân Tây Sơn đã có những động thái gì? answer: quân Tây Sơn đã có những động thái gì","question: Từ đêm 30 Tết Nguyên đán Kỷ Dậu (1789), quân Tây Sơn đã có những động thái gì? answer: quân Tây Sơn lần lượt tiêu diệt các đồn luỹ của quân Thanh đóng ở phía nam Thăng Long. Mờ sáng ngày mồng 5 Tết, cánh quân do Quang Trung chỉ huy tiến đánh và hạ đồn Ngọc Hồi",0.7046
165,RAG_Chunking,3,"question: Ngày 14 tháng 6 năm 1940, Mitterrand bị bắt giam ở đâu? answer: Stalag IXA gần Ziegenhain (ngày nay được gọi là Trutzhain, một làng gần Kassel ở Hesse)","question: Ngày 14 tháng 6 năm 1940, Mitterrand bị bắt giam ở đâu? answer: Stalag IXA gần Ziegenhain (ngày nay được gọi là Trutzhain, một làng gần Kassel ở Hesse)",0.776
165,RAG_Chunking,4,question: Công việc làm công chức hạng trung trong chính phủ Vichy là gì? answer: chịu trách nhiệm về các quyền lợi của tù binh chiến tranh,question: Công việc làm công chức hạng trung trong chính phủ Vichy là gì? answer: chịu trách nhiệm về các quyền lợi của tù binh chiến tranh,0.7935
166,Chunking_Only,1,"question: Saddam Hussein tuyên bố gì? answer: Cuộc chiến vĩ đại, cuộc chiến của mọi cuộc chiến đã bắt đầu","question: Saddam Hussein tuyên bố gì? answer: Cuộc chiến vĩ đại, cuộc chiến của mọi cuộc chiến đã bắt đầu",0.8003
166,RAG_Chunking,1,"question: Thanh sử cáo, Quyển 527 theo: Châu Hải Đường, Việt Nam truyện, ghi chép về Việt Nam trong chính sử Trung Quốc xưa, NXB Hội Nhà văn, tr.141) (Thanh sử cáo, Quyển 527 theo: Châu Hải Đường, Việt Nam truyện, ghi chép về Việt Nam trong chính sử Trung Quốc xưa, NXB Hội Nhà văn, tr.141) (Thanh sử cáo, Quyển 527 theo: Châu Hải Đường, Việt Nam truyện, ghi chép về Việt Nam trong chính sử Trung Quốc xưa, NXB Hội Nhà văn, tr.","question: Thanh sử cáo, Quyển 527 theo: Châu Hải Đường, Việt Nam truyện, ghi chép về Việt Nam trong chính sử Trung Quốc xưa, NXB Hội Nhà văn, tr.141) (Thanh sử cáo, Quyển 527, theo: Châu Hải Đường, Việt Nam truyện, ghi chép về Việt Nam trong chính sử Trung Quốc xưa, NXB Hội Nhà văn, tr.141) (Thanh sử cáo, Quyển 527, theo: Châu Hải Đường, Việt Nam truyện, ghi chép về Việt Nam trong chính sử Trung Quốc xưa, NXB Hội Nhà văn,",0.7148
166,RAG_Chunking,2,question: Tôn Sĩ Nghị đã làm gì khi nghe tin quân Nguyễn Huệ đã đến nơi? answer: chặt cầu phao để đở quân địch,question: Tôn Sĩ Nghị đã làm gì khi nghe tin quân Nguyễn Huệ đã đến nơi? answer: chặt cầu phao để đở quân địch,0.7909
166,RAG_Chunking,3,"question: Vì sao những quân còn lại trên bờ Đề đốc Hứa Thế Hanh, Tổng binh Trương Triều Long, cùng quan quân phu dịch hơn vạn người đều chen nhau chết đuối? answer: vì sao những quân còn lại trên bờ, Đề đốc Hứa Thế Hanh, Tổng binh Trương Triều Long, cùng quan quân phu dịch hơn vạn người, đều chen nhau chết đuối","question: Vì sao những quân còn lại trên bờ, Đề đốc Hứa Thế Hanh, Tổng binh Trương Triều Long, cùng quan quân phu dịch hơn vạn người đều chen nhau chết đuối? answer: Tôn Sĩ Nghị đoạt đường vượt sông Phú Lương, rồi liền chặt cầu phao để đoạn hậu, vì vậy những quân còn lại trên bờ, Đề đốc Hứa Thế Hanh, Tổng binh Trương Triều Long, cùng quan quân phu dịch hơn vạn người, đều chen nhau chết đuối",0.8081
166,RAG_Chunking,4,question: Trận đánh nào đã diễn ra vào ngày mồng 5 Tết? answer: trận đánh nào đã diễn ra vào ngày mồng 5 Tết? answer: trận đánh nào đã diễn ra vào ngày mồng 5 Tết? answer: Trận đánh nào đã diễn ra vào ngày mồng 5 Tết? answer: Trận đánh nào đã diễn ra vào ngày mồng 5 Tết? answer: Trận đánh nào đã diễn ra vào ngày mồng 5 Tết? answer: Trận đánh nào đã diễn ra vào ngày mồng 5 Tết? answer: Trận đánh nào đã diễn ra vào ngày mồng 5 Tết,question: Trận đánh nào đã diễn ra vào ngày mồng 5 Tết? answer: cánh quân do Quang Trung chỉ huy tiến đánh và hạ đồn Ngọc Hồi,0.7263
166,RAG_Chunking,5,"question: Đài phát thanh quốc gia Bagdad phát đi âm thanh gì? answer: giọng nói được xác định là của Saddam Hussein tuyên bố rằng ""Cuộc chiến vĩ đại, cuộc chiến của mọi cuộc chiến đã bắt đầu. Bình minh thắng lợi đã rất gần khi cuộc thử thách cuối cùng đã đến."" answer: giọng nói được xác định là của Saddam Hussein tuyên bố rằng ""Cuộc chiến vĩ đại, cuộc chiến của mọi cuộc chiến đã bắt đầu. Bình minh thắng lợi đã rất gần khi cuộc thử thách cuối cùng đã đến."" answer: answer: giọng","question: Đài phát thanh quốc gia Bagdad phát đi âm thanh gì? answer: giọng nói được xác định là của Saddam Hussein tuyên bố rằng ""Cuộc chiến vĩ đại, cuộc chiến của mọi cuộc chiến đã bắt đầu. Bình minh thắng lợi đã rất gần khi cuộc thử thách cuối cùng đã đến.""",0.6876
167,Chunking_Only,1,"question: Answer: bắc bộ khu vực Yukon từ 24.500 TCN, và tại nam bộ Ontario từ 7500 TCN","question: Các nghiên cứu khảo cổ học và phân tích di truyền học đã cho biết có sự hiện diện của loài người tại đâu? answer: bắc bộ khu vực Yukon từ 24.500 TCN, và tại nam bộ Ontario từ 7500 TCN",0.8636
167,Chunking_Only,2,"question: Các đặc trưng của xã hội Thổ dân Canada là gì? answer: gồm có các khu định cư thường xuyên, nông nghiệp, kết cấu phân tầng xã hội phức tạp, và các mạng lưới mậu dịch","question: Các đặc trưng của xã hội Thổ dân Canada là gì? answer: gồm có các khu định cư thường xuyên, nông nghiệp, kết cấu phân tầng xã hội phức tạp, và các mạng lưới mậu dịch",0.6996
167,Chunking_Only,3,question: Những nhà thám hiểm người châu Âu đến vào thời gian nào? answer: cuối thế kỷ XV và đầu thế kỷ XVI,question: Những nhà thám hiểm người châu Âu đến vào thời gian nào? answer: cuối thế kỷ XV và đầu thế kỷ XVI,0.7452
167,RAG_Chunking,1,question: Những cư dân bản địa sinh sống lâu đời ở đâu? answer: vùng duyên hải và một phần cao nguyên miền Trung,question: Những cư dân bản địa sinh sống lâu đời ở đâu? answer: vùng duyên hải và một phần cao nguyên miền Trung,0.7341
167,RAG_Chunking,2,"question: Điều kiện tự nhiên thuận lợi cho sự phát triển kinh tế, chính trị, xã hội và dân cư là gì? answer: Sông Ấn và sông Hằng tạo ra những điều kiện tự nhiên thuận lợi cho sự phát triển của kinh tế, chính trị, xã hội và dân cư","question: Những điều kiện tự nhiên thuận lợi cho sự phát triển kinh tế, chính trị, xã hội và dân cư là gì? answer: Sông Ấn và sông Hằng tạo ra những điều kiện tự nhiên thuận lợi cho sự phát triển của kinh tế, chính trị, xã hội và dân cư",0.7438
167,RAG_Chunking,3,"question: Vì sao cư dân Phù Nam sớm có điều kiện giao lưu với các thương nhân? answer: Với vị trí địa lí tiếp giáp biển, có nhiều nơi thuận lợi cho việc tránh bão, neo đậu thuyền bè của các thương nhân","question: Vì sao cư dân Phù Nam sớm có điều kiện giao lưu với các thương nhân? answer: Với vị trí địa lí tiếp giáp biển, có nhiều nơi thuận lợi cho việc tránh bão, neo đậu thuyền bè của các thương nhân",0.6078
167,RAG_Chunking,4,"question: Vì sao cư dân Phù Nam sớm có điều kiện giao lưu với nền văn minh của nhiều quốc gia khác? answer: Việc tránh bão, neo đậu thuyền bè của các thương nhân nên cư dân Phù Nam sớm có điều kiện giao lưu với nền văn minh của nhiều quốc gia khác, đặc biệt là nền văn minh Ấn Độ","question: Vì sao cư dân Phù Nam sớm có điều kiện giao lưu với nền văn minh của nhiều quốc gia khác? answer: Việc tránh bão, neo đậu thuyền bè của các thương nhân nên cư dân Phù Nam sớm có điều kiện giao lưu với nền văn minh của nhiều quốc gia khác, đặc biệt là nền văn minh Ấn Độ",0.6568
167,RAG_Chunking,5,"question: Hội Thổ dân Canada gồm những gì? answer: các khu định cư thường xuyên, nông nghiệp, kết cấu phân tầng xã hội phức tạp, và các mạng lưới mậu dịch","question: Hội Thổ dân Canada gồm những gì? answer: các khu định cư thường xuyên, nông nghiệp, kết cấu phân tầng xã hội phức tạp, và các mạng lưới mậu dịch",0.6136
168,Chunking_Only,1,"question: Trong chương trình ""fireside chats"", Roosevelt đã phát biểu như thế nào? answer: Roosevelt đã phát biểu như thế nào? answer: Roosevelt đã phát biểu như thế nào? answer: Roosevelt đã phát biểu như thế nào? answer: Trong chương trình ""fireside chats"", Roosevelt đã phát biểu như thế nào? answer: Roosevelt đã phát biểu như thế nào? answer: Roosevelt đã phát biểu như thế nào? answer: Trong chương trình ""fireside chats"", Roosevelt đã phát biểu như thế","question: Trong chương trình ""fireside chats"", Roosevelt đã phát biểu như thế nào? answer: Roosevelt dùng uy tín cá nhân của mình để xây dựng sự ủng hộ cho việc can thiệp của Hoa Kỳ",0.8483
168,Chunking_Only,2,question: Vì sao Roosevelt nhờ đến Harry Hopkins? answer: các nguồn tài chính của Anh Quốc đã cạn kiệt vào cuối năm 1940,question: Vì sao Roosevelt nhờ đến Harry Hopkins? answer: các nguồn tài chính của Anh Quốc đã cạn kiệt vào cuối năm 1940,0.7905
168,Chunking_Only,3,question: Vì sao Roosevelt ủng hộ sự tự do mậu dịch và chống đối chủ nghĩa đế quốc? answer: Roosevelt là một người suốt đời ủng hộ sự tự do mậu dịch và chống đối chủ nghĩa đế quốc cho nên việc kết thúc chủ nghĩa thuộc địa của châu Âu là một trong những mục tiêu của ông,question: Vì sao Roosevelt ủng hộ sự tự do mậu dịch và chống đối chủ nghĩa đế quốc? answer: Roosevelt là một người suốt đời ủng hộ sự tự do mậu dịch và chống đối chủ nghĩa đế quốc cho nên việc kết thúc chủ nghĩa thuộc địa của châu Âu là một trong những mục tiêu của ông,0.7265
168,RAG_Chunking,1,"question: Ý nghĩa lịch sử của cuộc kháng chiến chống Mỹ là gì? answer: Kết thúc 30 năm chiến tranh giải phóng dân tộc. - Thống nhất đất nước, thống nhất đất nước, thống nhất đất nước, thống nhất đất nước, thống nhất đất nước, thống nhất đất nước, thống nhất đất nước, thống nhất đất nước, thống nhất đất nước, thống nhất đất nước, thống nhất đất nước, thống nhất đất nước, thống nhất đất nước, thống nhất đất nước, thống nhất đất nước, thống nhất đất nước, thống nhất đất nước, thống nhất đất nước, thống nhất đất","question: Ý nghĩa lịch sử của cuộc kháng chiến chống Mỹ là gì? answer: Kết thúc 30 năm chiến tranh giải phóng dân tộc. - Thống nhất đất nước,  thống nhất đất nước,  thống nhất đất nước,  thống nhất đất nước,  thống nhất đất nước,  thống nhất đất nước,  thống nhất đất nước,  thống nhất đất nước,  thống nhất đất nước,  thống nhất đất nước,  thống nhất đất nước,  thống nhất đất nước,  thống nhất đất nước,  thống nhất",0.6024
168,RAG_Chunking,2,"question: Ý nghĩa lịch sử của cuộc chiến tranh giải phóng dân tộc là gì? answer: Kết thúc 30 năm chiến tranh giải phóng dân tộc. - Thống nhất đất nước, hoàn thành cách mạng dân tộc dân chủ nhân dân. - Mở ra kỷ nguyên độc lập, thống nhất, đi lên chủ nghĩa xã hội. - Mở ra kỷ nguyên độc lập, thống nhất, đi lên chủ nghĩa xã hội. - Mở ra kỷ nguyên độc lập, thống nhất, đi lên chủ nghĩa xã hội. - Mở ra kỷ nguyên độc lập, thống nhất, đi lên chủ nghĩa xã hội","question: Ý nghĩa lịch sử của cuộc chiến tranh giải phóng dân tộc là gì? answer: Kết thúc 30 năm chiến tranh giải phóng dân tộc. - Thống nhất đất nước, hoàn thành cách mạng dân tộc dân chủ nhân dân. - Mở ra kỷ nguyên độc lập, thống nhất, đi lên chủ nghĩa xã hội. - Mở ra kỷ nguyên độc lập, thống nhất, đi lên chủ nghĩa xã hội. - Mở ra kỷ nguyên độc lập, thống nhất, đi lên chủ nghĩa xã hội. - Mở ra kỷ nguyên độc lập, thống nhất, đi lên chủ nghĩa xã hội",0.8044
168,RAG_Chunking,3,"question: Ngày 2 tháng 9 năm 1940, Roosevelt đã công khai thách thức các đạo luật trung lập bằng việc ký hiệp ước gì? answer: trao 50 chiếc khu trục hạm cho Anh Quốc để đổi lấy quyền sữ dụng quyền sữ dụng 50 chiếc khu trục hạm cho Anh Quốc để đổi lấy quyền sữ dụng quyền sữ dụng 50 chiếc khu trục hạm cho Anh Quốc để đổi lấy quyền sữ dụng quyền sữ dụng 50 chiếc khu trục hạm cho Anh Quốc để đổi lấy quyền sữ dụng quyền sữ dụng quyền sữ dụng 50 chiếc khu trục hạm","question: Ngày 2 tháng 9 năm 1940, Roosevelt đã công khai thách thức các đạo luật trung lập bằng việc ký hiệp ước gì? answer: trao 50 chiếc khu trục hạm cho Anh Quốc để đổi lấy quyền sữ dụng quyền sữ dụng 50 chiếc khu trục hạm cho Anh Quốc để đổi lấy quyền sữ dụng quyền sữ dụng",0.7165
168,RAG_Chunking,4,question: Vì sao Roosevelt nhờ đến Harry Hopkins? answer: vì các nguồn tài chính của Anh Quốc đã cạn kiệt vào cuối năm 1940,question: Vì sao Roosevelt nhờ đến Harry Hopkins? answer: vì các nguồn tài chính của Anh Quốc đã cạn kiệt vào cuối năm 1940,0.799
169,RAG_Chunking,1,question: Kết quả của chiến dịch Điện Biên Phủ là gì? answer: toàn thắng ngày 7-5-1954,question: Kết quả của chiến dịch Điện Biên Phủ là gì? answer: toàn thắng ngày 7-5-1954. - Pháp thực hiện kế hoạch Na-va. - Chiến dịch Điện Biên Phủ (3-1954 - 7-5-1954): toàn thắng ngày 7-5-1954. - Pháp thực hiện kế hoạch Na-va. - Chiến dịch Điện Biên Phủ (3-1954 - 7-5-1954): toàn thắng ngày 7-5-1954,0.7808
169,RAG_Chunking,2,question: Kết quả của cuộc khởi nghĩa Phùng Hưng là gì? answer: toàn thắng ngày 7-5-1954,question: Kết quả của cuộc khởi nghĩa Phùng Hưng là gì? answer: toàn thắng ngày 7-5-1954,0.7511
169,RAG_Chunking,3,"question: Vì sao Phùng An phải ra hàng? answer: Chính quyền đô hộ nhà Đường sau đó đưa quân đàn áp, buộc Phùng An phải ra hàng","question: Vì sao Phùng An phải ra hàng? answer: Chính quyền đô hộ nhà Đường sau đó đưa quân đàn áp, buộc Phùng An phải ra hàng",0.6781
169,RAG_Chunking,4,question: Vì sao Lord Willingdon bắt đầu một chiến dịch mới để đàn áp những đại biểu chủ nghĩa dân tộc? answer: nó chỉ lưu ý đến những tiểu vương cũng như những nhóm thiểu số Ấn Độ hơn là một sự phó truyền quyền lực (transfer of power),question: Vì sao Lord Willingdon bắt đầu một chiến dịch mới để đàn áp những đại biểu chủ nghĩa dân tộc? answer: nó chỉ lưu ý đến những tiểu vương cũng như những nhóm thiểu số Ấn Độ hơn là một sự phó truyền quyền lực (transfer of power),0.7984
170,Chunking_Only,1,"question: Người nào được trao danh hiệu avarga? answer: người thắng ở vòng thứ năm được danh hiệu nachin (chim ưng), ở vòng bảy và tám là arslan (sư tử)","question: Người nào được trao danh hiệu avarga? answer: người thắng ở vòng thứ năm được danh hiệu nachin (chim ưng), ở vòng bảy và tám là arslan (sư tử)",0.8587
170,Chunking_Only,2,"question: Từ năm 2003, nghị viện Mông Cổ đã thông qua điều gì? answer: thông qua một luật mới về Naadam, đưa ra những sửa đổi với một số danh hiệu vật","question: Từ năm 2003, nghị viện Mông Cổ đã thông qua điều gì? answer: thông qua một luật mới về Naadam, đưa ra những sửa đổi với một số danh hiệu vật",0.7436
170,RAG_Chunking,1,question: Cuộc thi HackTheOn Sejong 2025 do trường đại học nào tổ chức? answer: Trường Đại học Kỹ thuật Truyền thông và Tin học Moscow (MTUCI),question: Cuộc thi HackTheOn Sejong 2025 do trường đại học nào tổ chức? answer: Trường Đại học Kỹ thuật Truyền thông và Tin học Moscow (MTUCI),0.6287
170,RAG_Chunking,2,"question: Cuộc thi HackTheOn Sejong 2025 là cuộc thi gì? answer: một trong những cuộc thi CTF quốc tế danh giá do thành phố tự trị Sejong tổ chức, quy tụ các đội mạnh nhất khu vực và quốc tế","question: Cuộc thi HackTheOn Sejong 2025 là cuộc thi gì? answer: một trong những cuộc thi CTF quốc tế danh giá do thành phố tự trị Sejong tổ chức, quy tụ các đội mạnh nhất khu vực và quốc tế",0.8469
170,RAG_Chunking,3,question: Đội tuyển Alternative fr Knights đến từ Khoa Mạng máy tính & Truyền thông đã ghi tên mình vào Top 10 đội mạnh nhất tại CODEGATE CTF 2025 tại đâu? answer: đâu? answer: Top 10 đội mạnh nhất tại CODEGATE CTF 2025 (Preliminaries) - một trong những cuộc thi hacking hàng đầu Châu Á,question: Đội tuyển Alternative fr Knights đến từ Khoa Mạng máy tính & Truyền thông đã ghi tên mình vào Top 10 đội mạnh nhất tại CODEGATE CTF 2025 tại đâu? answer: CODEGATE CTF 2025 (Preliminaries) - một trong những cuộc thi hacking hàng đầu Châu Á,0.8035
170,RAG_Chunking,4,"question: Những người đỗ đầu trong kì thi Đình là những ai? answer: Nguyễn Hiển, Lê Văn Hưu, Mạc Đĩnh Chi","question: Những người đỗ đầu trong kì thi Đình là những ai? answer: Nguyễn Hiển, Lê Văn Hưu, Mạc Đĩnh Chi",0.6602
170,RAG_Chunking,5,"question: Những người thắng cuộc được vinh danh bằng những danh hiệu cổ nào? answer: người thắng ở vòng thứ năm được danh hiệu nachin (chim ưng), ở vòng bảy và tám là zaan (voi), và vòng mười và mười một là arslan (sư tử)","question: Những người thắng cuộc được vinh danh bằng những danh hiệu cổ nào? answer: người thắng ở vòng thứ năm được danh hiệu nachin (chim ưng), ở vòng bảy và tám là zaan (voi), và vòng mười và mười một là arslan (sư tử)",0.8473
170,RAG_Chunking,6,question: Các danh hiệu nào được thêm vào những quy định đã đề cập ở trên? answer: iarudi và Khartsaga (Chim ưng),question: Các danh hiệu nào được thêm vào những quy định đã đề cập ở trên? answer: iarudi và Khartsaga (Chim ưng),0.7524
171,Chunking_Only,1,question: Đế quốc được thành hình vào năm nào? answer: năm 962,question: Đế quốc được thành hình vào năm nào? answer: năm 962,0.6289
171,Chunking_Only,2,"question: Đế quốc La Mã Thần Thánh Dân tộc Đức tan vỡ khi nào? answer: Hoàng đế Franz II (1792-1806) thuộc dòng họ Nhà Habsburg từ bỏ Đế miện vào ngày 6 tháng 8 năm 1806, trở thành Hoàng đế đầu tiên của Đế quốc Áo",question: Đế quốc La Mã Thần Thánh Dân tộc Đức tan vỡ khi nào? answer: Hoàng đế Franz II (1792-1806) thuộc dòng họ Nhà Habsburg từ bỏ Đế miện vào ngày 6 tháng 8 năm 1806,0.799
171,Chunking_Only,3,question: Hoàng đế đầu tiên của Đế quốc Áo là ai? answer: Hoàng đế đầu tiên của Đế quốc Áo,question: Hoàng đế đầu tiên của Đế quốc Áo là ai? answer: Hoàng đế đầu tiên của Đế quốc Áo,0.6297
171,RAG_Chunking,1,"question: Nhà nước Phù Nam được tổ chức như thế nào? answer: theo thể chế quân chủ chuyên chế, vua là người đứng đầu có quyền lực tối cao","question: Nhà nước Phù Nam được tổ chức như thế nào? answer: theo thể chế quân chủ chuyên chế, vua là người đứng đầu có quyền lực tối cao",0.7453
171,RAG_Chunking,2,"question: Nhà vua là ai? answer: là chủ sở hữu tối cao về ruộng đất, là người có quyền quyết định duy nhất về việc ban tặng ruộng đất cho các đền miếu, ban cấp cho quan lại","question: Nhà vua là ai? answer: là chủ sở hữu tối cao về ruộng đất, là người có quyền quyết định duy nhất về việc ban tặng ruộng đất cho các đền miếu, ban cấp cho quan lại",0.8738
171,RAG_Chunking,3,"question: Đế quốc La Mã Thần Thánh Dân tộc Đức trở thành Đế quốc La Mã Thần Thánh Dân tộc Đức vào thời gian nào? answer: Từ năm 1157, đế quốc này có tên là Sacrum Imperium và vào năm 1254, lần đầu tiên tên Sacrum Romanum Imperium được chứng minh trong một văn kiện","question: Đế quốc La Mã Thần Thánh Dân tộc Đức trở thành Đế quốc La Mã Thần Thánh Dân tộc Đức vào thời gian nào? answer: Từ năm 1157, đế quốc này có tên là Sacrum Imperium và vào năm 1254, lần đầu tiên tên Sacrum Romanum Imperium được chứng minh trong một văn kiện",0.809
171,RAG_Chunking,4,"question: Đế quốc La Mã Thần Thánh Dân tộc Đức tan vỡ khi nào? answer: Hoàng đế Franz II (1792-1806) thuộc dòng họ Nhà Habsburg từ bỏ Đế miện vào ngày 6 tháng 8 năm 1806, trở thành Hoàng đế đầu tiên của Đế quốc Áo",question: Đế quốc La Mã Thần Thánh Dân tộc Đức tan vỡ khi nào? answer: Hoàng đế Franz II (1792-1806) thuộc dòng họ Nhà Habsburg từ bỏ Đế miện vào ngày 6 tháng 8 năm 1806,0.8204
172,Chunking_Only,1,question: Đảng nào muốn duy trì hiện trạng Puerto Rico với vai trò hiện nay là một lãnh thổ thịnh vượng chung thuộc Hoa Kỳ? answer: Đảng Dân chủ Nhân dân Puerto Rico,question: Đảng nào muốn duy trì hiện trạng Puerto Rico với vai trò hiện nay là một lãnh thổ thịnh vượng chung thuộc Hoa Kỳ? answer: Đảng Dân chủ Nhân dân Puerto Rico,0.8453
172,Chunking_Only,2,"question: Vì sao người Puerto Rico chọn giữ nguyên hiện trạng chính trị? answer: Trải qua nhiều cuộc trưng cầu dân ý trong suốt 6 thập kỉ qua, người dân Puerto Rico chọn lựa giữ nguyên hiện trạng chính trị","question: Vì sao người dân Puerto Rico chọn giữ nguyên hiện trạng chính trị? answer: Trải qua nhiều cuộc trưng cầu dân ý trong suốt 6 thập kỉ qua, người dân Puerto Rico chọn lựa giữ nguyên hiện trạng chính trị",0.7052
172,Chunking_Only,3,question: Puerto Rico đã chọn Puerto Rico như thế nào? answer: giữ nguyên hiện trạng chính trị như hiện nay như một vùng lãnh thổ quốc hải của Hoa Kỳ,question: Puerto Rico đã chọn Puerto Rico như thế nào? answer: giữ nguyên hiện trạng chính trị như hiện nay như một vùng lãnh thổ quốc hải của Hoa Kỳ,0.8496
172,RAG_Chunking,1,"question: Nguyên nhân thắng lợi của sự lãnh đạo đúng đắn của Đảng, Chủ tịch Hồ Chí Minh là gì? answer: - Sự lãnh đạo đúng đắn của Đảng, Chủ tịch Hồ Chí Minh. - Truyền thống yêu nước, đoàn kết, ý chí kiên cường của nhân dân. - Hệ thống chính quyền, mặt trận dân tộc thống nhất, lực lượng vũ trang lớn mạnh. - Đoàn kết ba nước Đông Dương. - Sự ủng hộ của các nước xã hội chủ nghĩa và nhân dân tiến bộ thế giới","question: Nguyên nhân thắng lợi của sự lãnh đạo đúng đắn của Đảng, Chủ tịch Hồ Chí Minh là gì? answer: Sự lãnh đạo đúng đắn của Đảng, Chủ tịch Hồ Chí Minh. - Truyền thống yêu nước, đoàn kết, ý chí kiên cường của nhân dân. - Hệ thống chính quyền, mặt trận dân tộc thống nhất, lực lượng vũ trang lớn mạnh. - Đoàn kết ba nước Đông Dương. - Sự ủng hộ của các nước xã hội chủ nghĩa và nhân dân tiến bộ thế giới. - Sự ủng hộ của các nước xã hội chủ nghĩa và nhân dân tiến bộ thế giới",0.8146
172,RAG_Chunking,2,"question: Bước phát triển mới của Đảng Lao động Việt Nam là gì? answer: Đảng ra hoạt động công khai với tên Đảng Lao động Việt Nam (1951). - Các chiến dịch: Hòa Bình (1951-1952), Tây Bắc (1952), Thượng Lào (1953). - Phát triển kinh tế, văn hóa, giáo dục phục vụ kháng chiến. - Phát triển kinh tế, văn hóa, giáo dục phục vụ kháng chiến. - Phát triển kinh tế, văn hóa, giáo dục phục vụ kháng chiến",question: Bước phát triển mới của Đảng Lao động Việt Nam là gì? answer: Đảng ra hoạt động công khai với tên Đảng Lao động Việt Nam (1951),0.8444
172,RAG_Chunking,3,"question: Hệ thống quan điểm lý luận về đường lối Đổi mới, về chủ nghĩa xã hội và con đường đi lên chủ nghĩa xã hội ở Việt Nam được hình thành như thế nào? answer: Hình thành hệ thống quan điểm lý luận về đường lối Đổi mới, về chủ nghĩa xã hội và con đường đi lên chủ nghĩa xã hội ở Việt Nam",question: Nền dân chủ xã hội chủ nghĩa được phát huy và ngày càng mở rộng như thế nào? answer: khối đại đoàn kết toàn dân tộc được củng cố và tăng cường,0.7511
172,RAG_Chunking,4,"question: Từ năm 1952 đến năm 1952, chính trường Puerto Rico có sự phân chia như thế nào? answer: chính trường Puerto Rico có sự phân chia giữa 3 đảng phái chính đại diện cho ba xu hướng chính trị khác nhau của đất nước này","question: Từ năm 1952 đến năm 1952, chính trường Puerto Rico có sự phân chia như thế nào? answer: chính trường Puerto Rico có sự phân chia giữa 3 đảng phái chính đại diện cho ba xu hướng chính trị khác nhau của đất nước này",0.8368
172,RAG_Chunking,5,question: Đảng nào muốn đưa Puerto Rico trở thành một tiểu bang của Hoa Kỳ? answer: Đảng Độc lập Puerto Rico,question: Đảng nào muốn đưa Puerto Rico trở thành một tiểu bang của Hoa Kỳ? answer: Đảng Độc lập Puerto Rico,0.832
172,RAG_Chunking,6,"question: Năm 2007, một đảng thứ tư của Đảng Puerto Rico cho người Puerto Rico xuất hiện trên chính trường Puerto Rico là đảng nào? answer: Đảng Puerto Rico cho người Puerto Rico (PPR)","question: Năm 2007, một đảng thứ tư của Đảng Puerto Rico cho người Puerto Rico xuất hiện trên chính trường Puerto Rico là đảng nào? answer: Đảng Puerto Rico cho người Puerto Rico (PPR)",0.7822
173,Chunking_Only,1,"question: Những tôn giáo nào ăn chay? answer: Ấn Độ giáo, Kì-na giáo và Phật giáo, và trong tiểu bang của Gandhi, Gujarat","question: Những tôn giáo nào ăn chay? answer: Ấn Độ giáo, Kì-na giáo và Phật giáo, và trong tiểu bang của Gandhi, Gujarat, phần lớn môn đồ Ấn giáo đều ăn chay",0.6845
173,Chunking_Only,2,question: Khi nào thì ông từ chối không ăn? answer: đến chết hoặc cho đến khi những yêu cầu của ông được thực hiện,question: Khi nào thì ông từ chối không ăn? answer: đến chết hoặc cho đến khi những yêu cầu của ông được thực hiện,0.6849
173,RAG_Chunking,1,question: Phật giáo ra đời vào khoảng thời gian nào? answer: khoảng thế kỉ VI TCN,question: Phật giáo ra đời vào khoảng thời gian nào? answer: khoảng thế kỉ VI TCN,0.6715
173,RAG_Chunking,2,"question: Tôn giáo nào của Ấn Độ có ảnh hưởng lớn đến cuộc sống của người dân Ấn Độ? answer: Các tôn giáo lớn của Ấn Độ có ảnh hưởng lớn đến cuộc sống của cư dân Ấn Độ và có ảnh hưởng mạnh mẽ ra bên ngoài, đặc biệt là Trung Hoa và khu vực Đông Nam Á","question: Tôn giáo nào của Ấn Độ có ảnh hưởng lớn đến cuộc sống của người dân Ấn Độ? answer: Các tôn giáo lớn của Ấn Độ có ảnh hưởng lớn đến cuộc sống của cư dân Ấn Độ và có ảnh hưởng mạnh mẽ ra bên ngoài, đặc biệt là Trung Hoa và khu vực Đông Nam Á",0.6961
173,RAG_Chunking,3,"question: Các tác phẩm tiêu biểu của ông là gì? answer: Luận Ngữ, Kinh Thi, Kinh Thư, Kinh Thư, Kinh Dịch, Kinh Xuân Thu...","question: Các tác phẩm tiêu biểu của ông là gì? answer: Luận Ngữ, Kinh Thi, Kinh Thư, Kinh Thư, Kinh Dịch, Kinh Xuân Thu... [Dân cư] 1.2. Những thành tựu tiêu biểu Đời sống vật chất Gạo nếp, gạo tẻ là nguồn lương thực chính của cư dân Chăm-pa, ngoài ra còn có các loại kê, đậu... Nguồn hải sản đa dạng với các loại cá, tôm, ốc... Nguồn hải sản đa dạng với các loại cá, tôm, ốc... Nguồn hải sản đa dạng với các loại cá, tôm, ốc... Nguồn hải sản",0.7814
173,RAG_Chunking,4,"question: Những tôn giáo nào ăn chay? answer: Ấn Độ giáo, Kì-na giáo và Phật giáo","question: Những tôn giáo nào ăn chay? answer: Ấn Độ giáo, Kì-na giáo và Phật giáo",0.6676
173,RAG_Chunking,5,question: Vì sao ông từ chối không ăn trứng? answer: ông từ chối không ăn cho đến chết hoặc cho đến khi những yêu cầu của ông được thực hiện,question: Vì sao ông từ chối không ăn trứng? answer: ông từ chối không ăn cho đến chết hoặc cho đến khi những yêu cầu của ông được thực hiện,0.7217
174,Chunking_Only,1,question: Việc cắt giảm ngân sách liên bang bao gồm những việc gì? answer: cắt giảm 40% phúc lợi dành cho cựu chiến binh và cắt giảm tổng thể chi tiêu quân sự,question: Ông cắt giảm bao nhiêu phần trăm phúc lợi dành cho cựu chiến binh? answer: 40% phúc lợi dành cho cựu chiến binh và cắt giảm tổng thể chi tiêu quân sự,0.6407
174,RAG_Chunking,1,"question: Phúc Loan chuyên quyền đến mức độ nào? answer: hơn 30 năm, tham lam tàn nhẫn, giết chóc rất nhiều... lăng bạc, châu ngọc, vật báu, gấm vóc, vườn ruộng, nhà cửa, tôi tớ, ngựa trâu, không biết bao nhiêu mà kể","question: Phúc Loan chuyên quyền đến mức độ nào? answer: hơn 30 năm, tham lam tàn nhẫn, giết chóc rất nhiều... lăng bạc, châu ngọc, vật báu, gấm vóc, vườn ruộng, nhà cửa, tôi tớ, ngựa trâu, không biết bao nhiêu mà kể. Linh sở quản mỗi năm nộp đến 5 gánh nặng dây mây để thay chuỗi tiền nát",0.6627
174,RAG_Chunking,2,question: Các cuộc kháng chiến không thành công? answer: - Thi hành chính sách tứ đẳng để tuyển chọn quan lại chủ yếu. - Thi hành chính sách tứ đẳng để tuyển chọn quan lại chủ yếu. - Thi hành chính sách tứ đẳng để tuyển chọn quan lại chủ yếu. - Thi hành chính sách tứ đẳng để tuyển chọn quan lại chủ yếu. - Thi hành chính sách tứ đẳng để tuyển chọn quan lại chủ yếu. - Thi hành chính sách tứ đẳng để tuyển chọn quan lại chủ yếu. - Thi hành chính sách tứ đẳng để tuyển chọn quan lại chủ yếu. - Thi hành chính sách tứ,question: Các cuộc kháng chiến không thành công? answer: - Thi hành chính sách tứ đẳng để tuyển chọn quan lại chủ yếu. - Thi hành chính sách tứ đẳng để tuyển chọn quan lại chủ yếu. - Thi hành chính sách tứ đẳng để tuyển chọn quan lại chủ yếu. - Thi hành chính sách tứ đẳng để tuyển chọn quan lại chủ yếu. - Thi hành chính sách tứ đẳng để tuyển chọn quan lại chủ yếu. - Thi hành chính sách tứ đẳng để tuyển chọn quan lại,0.653
174,RAG_Chunking,3,question: Các cuộc kháng chiến không tiển thành công? answer: Các cuộc kháng chiến không tiển thành công? answer: Các cuộc kháng chiến không tiển thành công? answer: Các cuộc kháng chiến không tiển thành công? answer: Các cuộc kháng chiến không tiển thành công? answer: Các cuộc kháng chiến không tiển thành công? answer: Các cuộc kháng chiến không tiển thành công? answer: Các cuộc kháng chiến không tiển thành công? answer: Các cuộc kháng chiến không tiển thành công? an,"question: Các cuộc kháng chiến không tiển thành công? answer: hồi những binh sĩ già yếu, lấy người khoẻ mạnh bổ sung vào quân ngũ",0.6568
174,RAG_Chunking,4,"question: Tiền nộp hàng năm của đình nam được quy định như thế nào? answer: Tiền nộp hàng năm của đình nam trước thu 3 quan, nay chiếu theo số ruộng, người nào chỉ có 5 sào ruộng thì thu 5 tiền giấy, từ 6 sào đến một mẫu thì thu 1 quan tiền giấy,.. Vĩnh nam không có ruộng và trẻ mồ côi, đàn bà góa, thì đâu có ruộng cũng thôi không thu","question: Tiền nộp hàng năm của đình nam được quy định như thế nào? answer: Tiền nộp hàng năm của đình nam trước thu 3 quan, nay chiếu theo số ruộng, người nào chỉ có 5 sào ruộng thì thu 5 tiền giấy, từ 6 sào đến một mẫu thì thu 1 quan tiền giấy,.. Vĩnh nam không có ruộng và trẻ mồ côi, đàn bà góa, thì đâu có ruộng cũng thôi không thu",0.7749
174,RAG_Chunking,5,question: Roosevelt đã cắt giảm bao nhiêu phần trăm phúc lợi dành cho cựu chiến binh? answer: 40% phúc lợi dành cho cựu chiến binh và cắt giảm tổng thể chi tiêu quân sự,question: Roosevelt đã cắt giảm bao nhiêu phần trăm phúc lợi dành cho cựu chiến binh? answer: 40% phúc lợi dành cho cựu chiến binh và cắt giảm tổng thể chi tiêu quân sự,0.7131
174,RAG_Chunking,6,question: Ông đã làm gì để giảm chi tiêu cho nghiên cứu và giáo dục? answer: Ông thành công trong nỗ lực cắt giảm tiền lương chính phủ và ngân sách dành cho lục quân và hải quân,question: Ông đã làm gì để giảm chi tiêu cho nghiên cứu và giáo dục? answer: Ông thành công trong nỗ lực cắt giảm tiền lương chính phủ và ngân sách dành cho lục quân và hải quân,0.8275
175,Chunking_Only,1,question: Lý do nào khiến nhiều gia đình chuyển ra sống ngoài ngoại ô? answer: các căn hộ không có diện tích rộng và giá bất động sản quá cao,question: Lý do nào khiến nhiều gia đình chuyển ra sống ngoài ngoại ô? answer: các căn hộ không có diện tích rộng và giá bất động sản quá cao,0.63
175,Chunking_Only,2,"question: Những khó khăn mà những người quyết định ở lại gặp phải là gì? answer: dân số quá đông, tâm lý stress của đô thị, ô nhiễm, giá cả đắt đỏ, kém an ninh... Về thâm niên các tòa nhà, vào năm 1999, 55,4% được xây trước 1949, và chỉ có 3,8% xây sau 1990","question: Những khó khăn mà những người quyết định ở lại gặp phải là gì? answer: dân số quá đông, tâm lý stress của đô thị, ô nhiễm, giá cả đắt đỏ, kém an ninh",0.7655
175,RAG_Chunking,1,"question: Những người cực khổ nhất trong xã hội là những người như thế nào? answer: không có ruộng đất, bị nhiều tầng lớp áp bức bóc lột","question: Những người cực khổ nhất trong xã hội là những người như thế nào? answer: không có ruộng đất, bị nhiều tầng lớp áp bức bóc lột",0.7409
175,RAG_Chunking,2,"question: Những điều kiện tự nhiên tạo thuận lợi cho sự phát triển kinh tế của khu vực Nam Âu là gì? answer: Phần lớn lãnh thổ là đồi núi, xen giữa là những cánh đồng nhỏ hẹp; đất đai khô cằn, trong lòng đất có nhiều khoáng sản, bờ biển khúc khuỷu có nhiều vũng, vịnh","question: Những điều kiện tự nhiên tạo thuận lợi cho sự phát triển kinh tế của khu vực Nam Âu là gì? answer: Phần lớn lãnh thổ là đồi núi, xen giữa là những cánh đồng nhỏ hẹp; đất đai khô cằn, trong lòng đất có nhiều khoáng sản, bờ biển khúc khuỷu có nhiều vũng, vịnh",0.7261
175,RAG_Chunking,3,question: Vì sao nền kinh tế Đàng Trong rơi vào khủng hoảng? answer: Do chế độ thuế khoá nặng nề và ngoại thương suy tàn,question: Vì sao nền kinh tế Đàng Trong rơi vào khủng hoảng? answer: Do chế độ thuế khoá nặng nề và ngoại thương suy tàn,0.7041
175,RAG_Chunking,4,question: Lý do nào khiến nhiều gia đình chuyển ra sống ngoài ngoại ô? answer: các căn hộ không có diện tích rộng và giá bất động sản quá cao,question: Lý do nào khiến nhiều gia đình chuyển ra sống ngoài ngoại ô? answer: các căn hộ không có diện tích rộng và giá bất động sản quá cao,0.6112
175,RAG_Chunking,5,"question: Nguyên nhân nào khiến nhiều gia đình chuyển ra sống ngoài ngoại ô? answer: dân số quá đông, tâm lý stress của đô thị, ô nhiễm, giá cả đắt đỏ, kém an ninh","question: Nguyên nhân nào khiến nhiều gia đình chuyển ra sống ngoài ngoại ô? answer: dân số quá đông, tâm lý stress của đô thị, ô nhiễm, giá cả đắt đỏ, kém an ninh",0.8461
175,RAG_Chunking,6,"question: Năm 1999 có bao nhiêu tòa nhà được xây trước 1949? answer: 55,4%","question: Năm 1999, có bao nhiêu tòa nhà được xây trước 1949? answer: 55,4%",0.7134
176,Chunking_Only,1,"question: Công việc của những con kiến thợ là gì? answer: chăm sóc kiến chúa, ấp trứng, chuyển trứng, nuôi kiến con, tìm kiếm thức ăn, đào đất xây dựng tổ, canh gác tổ (kiến lính)","question: Công việc của những con kiến thợ là gì? answer: chăm sóc kiến chúa, ấp trứng, chuyển trứng, nuôi kiến con, tìm kiếm thức ăn, đào đất xây dựng tổ, canh gác tổ (kiến lính)",0.7589
176,Chunking_Only,2,question: Vì sao những con kiến thợ không thể sinh sản? answer: vì cơ cấu giới tính của chúng chưa phát triển đầy đủ,question: Vì sao những con kiến thợ không thể sinh sản được? answer: vì cơ cấu giới tính của chúng chưa phát triển đầy đủ,0.8778
176,RAG_Chunking,1,"question: Hình như chúng cũng có giọng nói? answer: Hình như chúng cũng có giọng nói, và khi chúng đứng lên, người ta thấy chúng có bộ mặt người. Quả thực chúng là người... Đêm đến, chúng rúc vào hang, sống bằng bánh mì đen, nư answer: đêm đến, chúng rúc vào hang, sống bằng bánh mì đen, nư answer: ấy đi đâu thì cưỡi voi, phụ nữ cũng cưỡi được voi","question: Hình như chúng cũng có giọng nói? answer: Hình như chúng cũng có giọng nói, và khi chúng đứng lên, người ta thấy chúng có bộ mặt người. Quả thực chúng là người... (Nam Tề thư) [Hạn chế] Người ta thấy một số thú vật dữ tợn, đực và cái, rải khắp các làng xóm, sạm đen, hốc hác và rám nắng, gắn chặt vào mảnh đất mà chúng đào xới một cách cực kì nhẫn nại. Hình như chúng cũng có giọng nói, và khi chúng đứng lên, người ta thấy chúng có bộ mặt người",0.8006
176,RAG_Chunking,2,question: Vì sao những con kiến thợ không thể sinh sản? answer: vì cơ cấu giới tính của chúng chưa phát triển đầy đủ,question: Vì sao những con kiến thợ không thể sinh sản được? answer: vì cơ cấu giới tính của chúng chưa phát triển đầy đủ,0.8687
177,Chunking_Only,1,"question: Trong những năm sống tại Nam Phi, Gandhi đã lấy cảm hứng từ quyển sách nào? answer: quyển Chí Tôn ca cũng như những tác phẩm của Lev Nikolayevich Tolstoy (đặc biệt là quyển ""Thiên đường nằm trong Bạn"")","question: Trong những năm sống tại Nam Phi, Gandhi đã lấy cảm hứng từ quyển sách nào? answer: quyển Chí Tôn ca cũng như những tác phẩm của Lev Nikolayevich Tolstoy (đặc biệt là quyển ""Thiên đường nằm trong Bạn"")",0.8737
177,Chunking_Only,2,question: Bức thư của Tolstoi dùng triết học Ấn Độ có nguồn gốc từ đâu? answer: các Phệ-đà và những lời khuyên của Hắc thiên,question: Bức thư của Tolstoi dùng triết học Ấn Độ có nguồn gốc từ đâu? answer: các Phệ-đà và những lời khuyên của Hắc thiên,0.8006
177,RAG_Chunking,1,"question: Văn học Đông Nam Á chịu ảnh hưởng của văn học nào? answer: văn học Ấn Độ, Trung Hoa, Ả Rập và phương Tây","question: Văn học Đông Nam Á chịu ảnh hưởng của văn học nào? answer: văn học Ấn Độ, Trung Hoa, Ả Rập và phương Tây",0.6741
177,RAG_Chunking,2,question: Các tác phẩm văn học của Cam-pu-chia được viết bằng gì? answer: chữ Phạn và chữ Khơ-me cổ trên các văn bia và có sử dụng nhiều điển tích Hin-đu giáo,question: Các tác phẩm văn học của Cam-pu-chia được viết bằng gì? answer: chữ Phạn và chữ Khơ-me cổ trên các văn bia và có sử dụng nhiều điển tích Hin-đu giáo,0.7806
177,RAG_Chunking,3,"question: Trong những năm sống tại Nam Phi, Gandhi đã lấy cảm hứng từ quyển sách nào? answer: quyển Chí Tôn ca cũng như những tác phẩm của Lev Nikolayevich Tolstoy (đặc biệt là quyển ""Thiên đường nằm trong Bạn"")","question: Trong những năm sống tại Nam Phi, Gandhi đã lấy cảm hứng từ quyển sách nào? answer: quyển Chí Tôn ca cũng như những tác phẩm của Lev Nikolayevich Tolstoy (đặc biệt là quyển ""Thiên đường nằm trong Bạn"")",0.7141
177,RAG_Chunking,4,"question: Ai là người dịch bài ""Thư gửi đến một môn đồ Ấn Độ giáo"" (A Letter to a Hindu) của Tolstoi? answer: Gandhi","question: Ai là người dịch bài ""Thư gửi đến một môn đồ Ấn Độ giáo"" (A Letter to a Hindu) của Tolstoi? answer: Gandhi",0.8659
177,RAG_Chunking,5,"question: Khi Chiến tranh thế giới thứ nhất kết thúc, ông quyết định trở về Ấn Độ để làm gì? answer: để làm gì? answer: để làm gì? answer: để làm gì? answer: để làm gì? answer: để làm gì? answer: để làm gì? answer: để làm gì? answer: để làm gì? answer: để làm gì? answer: để làm gì? answer: để làm gì? answer: để làm gì? answer: để làm","question: Khi Chiến tranh thế giới thứ nhất kết thúc, ông quyết định trở về Ấn Độ để làm gì? answer: mang theo tất cả những gì ông đã học được từ những kinh nghiệm tại Nam Phi",0.7913
178,Chunking_Only,1,"question: Sau khi Iraq xâm chiếm Kuwait, Iraq đã làm gì? answer: tìm thấy một bản ghi nhớ liên quan tới cuộc trao đổi giữa họ","question: Sau khi Iraq xâm chiếm Kuwait, Iraq đã làm gì? answer: tìm thấy một bản ghi nhớ liên quan tới cuộc trao đổi giữa họ",0.6941
178,Chunking_Only,2,question: Iraq cho rằng bản ghi nhớ là bằng chứng về một âm mưu của CIA và Kuwait nhằm mục đích gì? answer: làm mất ổn định kinh tế và chính trị Iraq,question: Iraq cho rằng bản ghi nhớ là bằng chứng về một âm mưu của CIA và Kuwait nhằm mục đích gì? answer: làm mất ổn định kinh tế và chính trị Iraq,0.856
178,RAG_Chunking,1,"question: Cuộc kháng chiến chống quân Xiêm diễn ra vào thời gian nào? answer: Giữa năm 1784, 5 vạn quân Xiêm kéo vào Gia Định (Nam Bộ ngày nay) với danh nghĩa giúp Nguyễn Ánh","question: Cuộc kháng chiến chống quân Xiêm diễn ra vào thời gian nào? answer: Giữa năm 1784, 5 vạn quân Xiêm kéo vào Gia Định (Nam Bộ ngày nay) với danh nghĩa giúp Nguyễn Ánh",0.7684
178,RAG_Chunking,2,"question: Trận đánh quyết định giữa quân Tây Sơn và quân Xiêm diễn ra vào thời gian nào? answer: Ngày 19-1-1785, trên sông Tiên (đoạn từ Rạch Gầm đến Xoài Mút) đã diễn ra trận đánh quyết định giữa quân Tây Sơn và quân Xiêm","question: Trận đánh quyết định giữa quân Tây Sơn và quân Xiêm diễn ra vào thời gian nào? answer: Ngày 19-1-1785, trên sông Tiên (đoạn từ Rạch Gầm đến Xoài Mút) đã diễn ra trận đánh quyết định giữa quân Tây Sơn và quân Xiêm",0.8107
178,RAG_Chunking,3,"question: Sau khi Iraq xâm chiếm Kuwait, Iraq đã làm gì? answer: tìm thấy một bản ghi nhớ liên quan tới cuộc trao đổi giữa họ","question: Sau khi Iraq xâm chiếm Kuwait, Iraq đã làm gì? answer: tìm thấy một bản ghi nhớ liên quan tới cuộc trao đổi giữa họ",0.7072
178,RAG_Chunking,4,question: Iraq cho rằng bản ghi nhớ là bằng chứng về một âm mưu của CIA và Kuwait nhằm mục đích gì? answer: làm mất ổn định kinh tế và chính trị Iraq,question: Iraq cho rằng bản ghi nhớ là bằng chứng về một âm mưu của CIA và Kuwait nhằm mục đích gì? answer: làm mất ổn định kinh tế và chính trị Iraq,0.8493
179,Chunking_Only,1,"question: Answer: các vấn đề liên quan tới các cuộc xung đột giành độc lập và lãnh thổ của Gruzia, Armenia, Azerbaijan và phần còn lại của Transcaucasus  là phần không thể tách rời của Liên bang Xô viết với các biên giới quốc tế không hề thay đổi từ thập niên 1920","question: Vấn đề nội bộ của Liên Xô là gì? answer: các vấn đề liên quan tới các cuộc xung đột giành độc lập và lãnh thổ của Gruzia, Armenia, Azerbaijan và phần còn lại của Transcaucasus  là phần không thể tách rời của Liên bang Xô viết với các biên giới quốc tế không hề thay đổi từ thập niên 1920",0.8909
179,RAG_Chunking,1,"question: Hoạt động đối ngoại chủ yếu trong kháng chiến chống Mỹ là gì? answer: Đấu tranh yêu cầu thực hiện Hiệp định Genève. - Củng cố quan hệ với các nước xã hội chủ nghĩa. - Tăng cường đoàn kết ba nước Đông Dương. - Đàm phán, ký Hiệp định Paris (1973). - Mở rộng quan hệ ngoại giao, đẩy mạnh đối ngoại nhân dân","question: Hoạt động đối ngoại chủ yếu trong kháng chiến chống Mỹ là gì? answer: Đấu tranh yêu cầu thực hiện Hiệp định Genève. - Củng cố quan hệ với các nước xã hội chủ nghĩa. - Tăng cường đoàn kết ba nước Đông Dương. - Đàm phán, ký Hiệp định Paris (1973). - Mở rộng quan hệ ngoại giao, đẩy mạnh đối ngoại nhân dân",0.9144
179,RAG_Chunking,2,"question: Hiệp định Genève đã chia cắt Việt Nam như thế nào? answer: Miền Bắc xây dựng CNXH, miền Nam bị Mỹ - Diệm chia cắt, đàn áp. Khi Liên bang Xô viết giải tán, chính phủ Hoa Kỳ công nhận các biên giới thời trước Hiệp ước Molotov-Ribentrop, chính phủ Hoa Kỳ công nhận các biên giới thời trước Hiệp ước Molotov-Ribentrop, chính phủ Hoa Kỳ công nhận các biên giới thời trước Hiệp ước Molotov-Ribentrop, chính phủ Hoa Kỳ công nhận các biên giới thời trước Hiệp ước Molotov-Ribentrop, chính phủ Hoa Kỳ","question: Hiệp định Genève đã chia cắt Việt Nam như thế nào? answer: Miền Bắc xây dựng CNXH, miền Nam bị Mỹ - Diệm chia cắt, đàn áp. Khi Liên bang Xô viết giải tán, chính phủ Hoa Kỳ công nhận các biên giới thời trước Hiệp ước Molotov-Ribentrop, chính phủ Hoa Kỳ công nhận các biên giới thời trước Hiệp ước Molotov-Ribentrop, chính phủ Hoa Kỳ công nhận các biên giới thời trước Hiệp ước Molotov-Ribentrop, chính phủ Hoa Kỳ công nhận các biên giới thời trước Hiệp ước Molotov-Ribentrop, chính phủ Hoa Kỳ",0.8407
179,RAG_Chunking,3,"question: Vì sao chính quyền George H. W. Bush lại ủng hộ sự ly khai của các nước vùng Baltic? answer: Vì điều này, chính quyền George H. W. Bush công khai ủng hộ sự ly khai của các nước vùng Baltic, nhưng coi các vấn đề liên quan tới các cuộc xung đột giành độc lập và lãnh thổ của Gruen","question: Vì sao chính quyền George H. W. Bush lại ủng hộ sự ly khai của các nước vùng Baltic? answer: chính quyền George H. W. Bush công khai ủng hộ sự ly khai của các nước vùng Baltic, nhưng coi các vấn đề liên quan tới các cuộc xung đột giành độc lập và lãnh thổ của Gruen",0.6651
179,RAG_Chunking,4,"question: Các vấn đề liên quan tới các cuộc xung đột giành độc lập và lãnh thổ của Gruzia, Armenia, Azerbaijan là những vấn đề gì? answer: các vấn đề liên quan tới các cuộc xung đột giành độc lập và lãnh thổ của Gruzia, Armenia, Azerbaijan và phần còn lại của Transcaucasus  là phần không thể tách rời của Liên bang Xô viết với các biên giới quốc tế không hề thay đổi từ thập niên 1920  là vấn đề nội bộ của Liên Xô","question: Các vấn đề liên quan tới các cuộc xung đột giành độc lập và lãnh thổ của Gruzia, Armenia, Azerbaijan là những vấn đề gì? answer: các vấn đề liên quan tới các cuộc xung đột giành độc lập và lãnh thổ của Gruzia, Armenia, Azerbaijan và phần còn lại của Transcaucasus  là phần không thể tách rời của Liên bang Xô viết với các biên giới quốc tế không hề thay đổi từ thập niên 1920",0.8024
180,Chunking_Only,1,"question: Gandhi đã phê bình Subhas Chandra Bose như thế nào? answer: Gandhi cơ bản phản đối việc Bose không thừa nhận nguyên tắc bất bạo lực cũng như dân quyền, hai điểm được Gandhi xem là nền tảng cho cuộc đấu tranh","question: Gandhi đã phê bình Subhas Chandra Bose như thế nào? answer: Gandhi cơ bản phản đối việc Bose không thừa nhận nguyên tắc bất bạo lực cũng như dân quyền, hai điểm được Gandhi xem là nền tảng cho cuộc đấu tranh",0.8877
180,Chunking_Only,2,"question: Trong năm đầu giữ quyền chủ tịch, Bose tập trung vào việc gì? answer: đưa những người thân cận lên nắm những chức quan trọng","question: Trong năm đầu giữ quyền chủ tịch, Bose tập trung vào việc gì? answer: đưa những người thân cận lên nắm những chức quan trọng",0.7002
180,RAG_Chunking,1,"question: Mối nguy hại ngày nay có thể là gì? answer: do gây bè cánh, tiến cử không công bằng, có thể vì cậy thế công thân nơi tiềm để cho vợ con chạy chọt nhờ vả nơi quyền thế, có thể do để bạn gia nô làm hại dân lành, hay thậm thịt ở các nhà quyền thế để xin khỏi tội...","question: Mối nguy hại ngày nay có thể là gì? answer: do gây bè cánh, tiến cử không công bằng, có thể vì cậy thế công thân nơi tiềm để cho vợ con chạy chọt nhờ vả nơi quyền thế, có thể do để bạn gia nô làm hại dân lành, hay thậm thịt ở các nhà quyền thế để xin khỏi tội...",0.6956
180,RAG_Chunking,2,"question: Vì sao các cuộc kháng chiến không thành công trong lịch sử Việt Nam? answer: do: - Lực lượng địch quá mạnh, có ưu thế tuyệt đối về quân số, vũ khí, phương tiện chiến tranh. - Nội bộ triều đình hoặc lực lượng kháng chiến có sự chia rẽ, thiếu đoàn kết","question: Vì sao các cuộc kháng chiến không thành công trong lịch sử Việt Nam? answer: do: - Lực lượng địch quá mạnh, có ưu thế tuyệt đối về quân số, vũ khí, phương tiện chiến tranh",0.9107
180,RAG_Chunking,3,"question: Nguyên nhân dẫn đến sự chia rẽ trong nội bộ triều đình hoặc lực lượng kháng chiến là gì? answer: nội bộ triều đình hoặc lực lượng kháng chiến có sự chia rẽ, thiếu đoàn kết, thiếu sự lãnh đạo thống nhất","question: Nguyên nhân dẫn đến sự chia rẽ trong nội bộ triều đình hoặc lực lượng kháng chiến là gì? answer: nội bộ triều đình hoặc lực lượng kháng chiến có sự chia rẽ, thiếu đoàn kết, thiếu sự lãnh đạo thống nhất",0.6447
180,RAG_Chunking,4,"question: Nội dung chính của các cuộc khởi nghĩa tiêu biểu trong thời kì Bắc thuộc là gì? answer: Nêu được bối cảnh lịch sử, trình bày được diễn biến chính và nêu được ý nghĩa của khởi nghĩa Lam Sơn","question: Nội dung chính của các cuộc khởi nghĩa tiêu biểu trong thời kì Bắc thuộc là gì? answer: Nêu được bối cảnh lịch sử, trình bày được diễn biến chính và nêu được ý nghĩa của khởi nghĩa Lam Sơn",0.8252
180,RAG_Chunking,5,question: Nêu được giá trị của các bài học lịch sử chính của các cuộc khởi nghĩa và chiến tranh giải phóng trong lịch sử Việt Nam? answer: answer: Nêu được giá trị của các bài học lịch sử chính của các cuộc khởi nghĩa và chiến tranh giải phóng trong lịch sử Việt Nam,question: Nêu được giá trị của các bài học lịch sử chính của các cuộc khởi nghĩa và chiến tranh giải phóng trong lịch sử Việt Nam? answer: Nêu được giá trị của các bài học lịch sử chính của các cuộc khởi nghĩa và chiến tranh giải phóng trong lịch sử Việt Nam,0.696
180,RAG_Chunking,6,"question: Gandhi đã có thái độ như thế nào đối với Subhas Chandra Bose? answer: Gandhi cơ bản phản đối việc Bose không thừa nhận nguyên tắc bất bạo lực cũng như dân quyền, hai điểm được Gandhi xem là nền tảng cho cuộc đấu tranh","question: Gandhi đã có thái độ như thế nào đối với Subhas Chandra Bose? answer: Gandhi cơ bản phản đối việc Bose không thừa nhận nguyên tắc bất bạo lực cũng như dân quyền, hai điểm được Gandhi xem là nền tảng cho cuộc đấu tranh",0.8471
180,RAG_Chunking,7,"question: Trong năm đầu giữ quyền chủ tịch, Bose tập trung vào việc gì? answer: đưa những người thân cận lên nắm những chức quan trọng","question: Trong năm đầu giữ quyền chủ tịch, Bose tập trung vào việc gì? answer: đưa những người thân cận lên nắm những chức quan trọng",0.7099
181,Chunking_Only,1,"question: Vì sao Canada chủ trương đa phương hóa, tiến hành các nỗ lực nhằm giải quyết các vấn đề toàn cầu bằng cách cộng tác với các quốc gia khác? answer: Canada chủ trương đa phương hóa, tiến hành các nỗ lực nhằm giải quyết các vấn đề toàn cầu bằng cách cộng tác với các quốc gia khác","question: Vì sao Canada chủ trương đa phương hóa, tiến hành các nỗ lực nhằm giải quyết các vấn đề toàn cầu bằng cách cộng tác với các quốc gia khác? answer: Canada chủ trương đa phương hóa, tiến hành các nỗ lực nhằm giải quyết các vấn đề toàn cầu bằng cách cộng tác với các quốc gia khác",0.7071
181,Chunking_Only,2,question: không vũ trụ Bắc Mỹ NORAD có nhiệm vụ gì? answer: hợp tác để phòng thủ chống lại các cuộc tấn công trên không tiềm tàng của Liên Xô,question: Không vũ trụ Bắc Mỹ NORAD có nhiệm vụ gì? answer: phòng thủ chống lại các cuộc tấn công trên không tiềm tàng của Liên Xô,0.8439
181,RAG_Chunking,1,question: Vì sao các cuộc cách mạng tư sản lại khác nhau? answer: Do điều kiện lịch sử ở mỗi nước khác nhau nên mức độ thắng lợi của các cuộc cách mạng tư sản cũng khác nhau,question: Vì sao các cuộc cách mạng tư sản lại khác nhau? answer: Do điều kiện lịch sử ở mỗi nước khác nhau nên mức độ thắng lợi của các cuộc cách mạng tư sản cũng khác nhau,0.7207
181,RAG_Chunking,2,"question: Cách mạng tư sản Pháp đã lật đổ chế độ nào? answer: phong kiến, thiết lập chế độ cộng hoà","question: Cách mạng tư sản Pháp đã lật đổ chế độ nào? answer: phong kiến, thiết lập chế độ cộng hoà",0.7793
181,RAG_Chunking,3,"question: Canada tham gia nhiều trong các nỗ lực quân sự của Anh Quốc trong các cuộc chiến nào? answer: Chiến tranh Boer lần thứ hai, Chiến tranh thế giới thứ nhất và Chiến tranh thế giớ","question: Canada tham gia nhiều trong các nỗ lực quân sự của Anh Quốc trong các cuộc chiến nào? answer: Chiến tranh Boer lần thứ hai, Chiến tranh thế giới thứ nhất và Chiến tranh thế giớ",0.6705
181,RAG_Chunking,4,question: Canada là thành viên sáng lập của tổ chức nào? answer: Liên Hiệp Quốc,question: Canada là thành viên sáng lập của tổ chức nào? answer: Liên Hiệp Quốc,0.6612
181,RAG_Chunking,5,question: Bộ Tư lệnh phòng thủ hành không vũ trụ Bắc Mỹ NORAD được thành lập nhằm mục đích gì? answer: phòng thủ chống lại các cuộc tấn công trên không tiềm tàng của Liên Xô,question: Bộ Tư lệnh phòng thủ hành không vũ trụ Bắc Mỹ NORAD được thành lập nhằm mục đích gì? answer: phòng thủ chống lại các cuộc tấn công trên không tiềm tàng của Liên Xô,0.7026
182,Chunking_Only,1,"question: Hai người được bầu vào Hạ viện Hoa Kỳ gồm những ai? answer: FDR, Jr. phục vụ ba nhiệm kỳ, đại diện khu vực phía tây Thượng Manhattan","question: Hai người được bầu vào Hạ viện Hoa Kỳ gồm những ai? answer: FDR, Jr. phục vụ ba nhiệm kỳ, đại diện khu vực phía tây Thượng Manhattan. Còn James phục vụ 6 nhiệm kỳ, đại diện khu quốc hội số 26 của tiểu bang California",0.9113
182,RAG_Chunking,1,"question: Nội dung của chính sách tứ đẳng là gì? answer: chỉ chọn những người giỏi võ nghệ làm tướng chỉ huy, không căn cứ vào nguồn gốc tôn thất như trước. - Thải hồi những binh sĩ già yếu, lấy người khoẻ mạnh bổ sung vào quân ngũ. - Tăng cường tuyển quân quy mô lớn; bổ sung lực lượng hương quân ở các địa phương. - Tăng cường tuyển quân quy mô lớn; bổ sung lực lượng hương quân ở các địa phương. - Tăng cường tuyển quân quy mô lớn; bổ sung lực lượng hương quân ở các địa phương","question: Nội dung của chính sách tứ đẳng là gì? answer: chỉ chọn những người giỏi võ nghệ làm tướng chỉ huy, không căn cứ vào nguồn gốc tôn thất như trước. - Thải hồi những binh sĩ già yếu, lấy người khoẻ mạnh bổ sung vào quân ngũ. - Tăng cường tuyển quân quy mô lớn; bổ sung lực lượng hương quân ở các địa phương. - Tăng cường tuyển quân quy mô lớn; bổ sung lực lượng hương quân ở các địa phương. - Tăng cường tuyển quân quy mô lớn; bổ sung lực lượng hương quân ở các địa phương",0.8738
182,RAG_Chunking,2,"question: Tên gọi khác của bãi dâu triều trước là gì? answer: Bãi dâu triều trước thu mỗi mẫu 9 quan hoặc 7 quan tiền, nay thu hạng thượng đẳng mỗi mẫu 3 quan tiền giấy, hạng trung đẳng 2 quan tiền giấy, hạng hạ đẳng 1 quan tiền giấy",question: Tiền nộp hàng năm của đình nam trước thu bao nhiêu quan? answer: 3 quan,0.6503
182,RAG_Chunking,3,question: Tiền nộp hàng năm của đình nam trước thu bao nhiêu quan? answer: 3 quan,question: Tiền nộp hàng năm của đình nam trước thu bao nhiêu quan? answer: 3 quan,0.718
182,RAG_Chunking,4,"question: Theo Ngô Sĩ Liên và các sử thần triều Hậu Lê, ai là người mất khi chưa tròn 1 tuổi? answer: Năm người con còn lại","question: Theo Ngô Sĩ Liên và các sử thần triều Hậu Lê, ai là người mất khi chưa tròn 1 tuổi? answer: Năm người con còn lại",0.7197
182,RAG_Chunking,5,"question: Bao nhiêu người con trai của FDR, Jr. đều là sĩ quan quân đội tham gia Chiến tranh thế giới thứ hai? answer: 19 lần kết hôn, 15 lần ly dị và sinh 29 người con","question: Bao nhiêu người con trai của FDR, Jr. đều là sĩ quan quân đội tham gia Chiến tranh thế giới thứ hai? answer: 19 lần kết hôn, 15 lần ly dị và sinh 29 người con",0.8228
182,RAG_Chunking,6,"question: FDR, Jr. là ai? answer: phục vụ ba nhiệm kỳ, đại diện khu vực phía tây Thượng Manhattan","question: FDR, Jr. là ai? answer: phục vụ ba nhiệm kỳ, đại diện khu vực phía tây Thượng Manhattan. Còn James phục vụ 6 nhiệm kỳ, đại diện khu quốc hội số 26 của tiểu bang California",0.8932
183,Chunking_Only,1,"question: Mục tiêu của chương trình ""cứu nguy, hồi phục và cải cách"" là gì? answer: thúc đẩy nền kinh tế quay trở về trạng thái bình thường","question: Mục tiêu của chương trình ""cứu nguy, hồi phục và cải cách"" là gì? answer: thúc đẩy nền kinh tế quay trở về trạng thái bình thường",0.6986
183,Chunking_Only,2,"question: Trong 30 lần nói chuyện buổi tối trên sóng phát thanh, Roosevelt đã làm gì? answer: giới thiệu những đề nghị của ông trực tiếp đến công chúng Mỹ","question: Trong 30 lần nói chuyện buổi tối trên sóng phát thanh, Roosevelt đã làm gì? answer: giới thiệu những đề nghị của ông trực tiếp đến công chúng Mỹ",0.8661
183,RAG_Chunking,1,question: Vì sao nền kinh tế Đàng Trong rơi vào khủng hoảng? answer: Do chế độ thuế khoá nặng nề và ngoại thương suy tàn,question: Vì sao nền kinh tế Đàng Trong rơi vào khủng hoảng? answer: Do chế độ thuế khoá nặng nề và ngoại thương suy tàn,0.7051
183,RAG_Chunking,2,"question: Mục đích của chương trình ""cứu nguy, hồi phục và cải cách"" là gì? answer: thúc đẩy nền kinh tế quay trở về trạng thái bình thường","question: Mục đích của chương trình ""cứu nguy, hồi phục và cải cách"" là gì? answer: thúc đẩy nền kinh tế quay trở về trạng thái bình thường",0.6792
183,RAG_Chunking,3,"question: Trong 30 lần nói chuyện buổi tối trên sóng phát thanh, được biết đến là gì? answer: ""fireside chats""","question: Trong 30 lần nói chuyện buổi tối trên sóng phát thanh, Roosevelt đã làm gì? answer: giới thiệu những đề nghị của ông trực tiếp đến công chúng Mỹ",0.8629
184,Chunking_Only,1,question: Ngày 2 tháng 8 năm 1589 đã diễn ra sự kiện gì? answer: diễn ra sự kiện gì? answer: diễn ra sự kiện gì? answer: diễn ra sự kiện gì? answer: diễn ra sự kiện gì? answer: diễn ra sự kiện gì? answer: diễn ra sự kiện gì? answer: diễn ra sự kiện gì? answer: diễn ra sự kiện gì? answer: diễn ra sự kiện gì? answer: diễn ra sự kiện gì? answer: diễn ra sự,"question: Ngày 2 tháng 8 năm 1589 đã diễn ra sự kiện gì? answer: Henri III bị ám sát, Henri de Navarre trở thành vua Henri IV của Pháp năm 1589",0.8261
184,RAG_Chunking,1,question: Bài học lịch sử của các cuộc kháng chiến bảo vệ Tổ quốc từ năm 1945 đến nay là gì? answer: Lịch sử của các cuộc kháng chiến bảo vệ Tổ quốc từ năm 1945 đến nay,question: Bài học lịch sử của các cuộc kháng chiến bảo vệ Tổ quốc từ năm 1945 đến nay là gì? answer: Lịch sử của các cuộc kháng chiến bảo vệ Tổ quốc từ năm 1945 đến nay: 52 - Bài 10: Khái quát về công cuộc Đổi mới ở Việt Nam từ đầu thế kỷ XX đến năm 1975: 79 - Bài 14: Hoạt động đối ngoại của Việt Nam từ đầu thế kỷ XX đến năm 1975: 79 - Bài 14: Hoạt động đối ngoại của Việt Nam từ đầu thế kỷ XX đến,0.9188
184,RAG_Chunking,2,question: Hoạt động đối ngoại của Việt Nam từ năm 1975 đến năm 1975 là gì? answer: từ năm 1975 đến năm 1975,question: Hoạt động đối ngoại của Việt Nam từ năm 1975 đến năm 1975 là gì? answer: từ năm 1975 đến năm 1975,0.8211
184,RAG_Chunking,3,question: Vào khoảng thời gian nào thì Phùng Hưng cùng em trai khởi nghĩa? answer: khoảng những năm 766 - 780,question: Vào khoảng thời gian nào thì Phùng Hưng cùng em trai khởi nghĩa? answer: khoảng những năm 766 - 780,0.7059
184,RAG_Chunking,4,question: Sự kiện gì đã xảy ra vào ngày 24 tháng 8 năm 1572? answer: vụ Thảm sát Ngày lễ Thánh Barthélemy,question: Sự kiện gì đã xảy ra vào ngày 24 tháng 8 năm 1572? answer: vụ Thảm sát Ngày lễ Thánh Barthélemy,0.6195
184,RAG_Chunking,5,"question: Sự kiện gì đã diễn ra vào ngày 2 tháng 8 năm 1589? answer: Henri III bị ám sát, Henri de Navarre trở thành vua Henri IV của Pháp năm 1589","question: Ngày 2 tháng 8 năm 1589 đã diễn ra sự kiện gì? answer: Henri III bị ám sát, Henri de Navarre trở thành vua Henri IV của Pháp năm 1589",0.7554
184,RAG_Chunking,6,"question: Kẻ cuồng tín ám sát Henri IV trên phố Ferronnerie, Paris vào năm nào? answer: Năm 1610","question: Kẻ cuồng tín ám sát Henri IV trên phố Ferronnerie, Paris vào năm nào? answer: Năm 1610",0.6823
185,Chunking_Only,1,question: Có bao nhiêu quảng trường lớn nhỏ ở Paris? answer: khoảng gần 500 quảng trường,question: Có bao nhiêu quảng trường lớn nhỏ ở Paris? answer: khoảng gần 500 quảng trường,0.7373
185,Chunking_Only,2,"question: Địa điểm chính ngắm tháp Eiffel là ở đâu? answer: quảng trường Étoile, nối với đại lộ Champs-Élysées, là nơi có Khải Hoàn Môn; quảng trường Trocadéro nằm ở khu phố sang trọng, là địa điểm chính ngắm tháp Eiffel... answer: quảng trường Trocadéro nằm ở khu phố sang trọng, là địa điểm chính ngắm tháp Eiffel... answer: quảng trường Trocadéro nằm ở khu phố sang trọng, là địa điểm chính ngắm tháp Eiffel... answer: địa điểm chính ngắm tháp Eiffel","question: Địa điểm chính ngắm tháp Eiffel là ở đâu? answer: quảng trường Étoile, nối với đại lộ Champs-Élysées, là nơi có Khải Hoàn Môn; quảng trường Trocadéro nằm ở khu phố sang trọng, là địa điểm chính ngắm tháp Eiffel",0.6953
185,RAG_Chunking,1,"question: Những ngôi chùa nổi tiếng nào được xây dựng ở nhiều nơi? answer: chùa Một Cột, Sùng Thiện Diên Linh, chùa Trấn Quốc, chùa Phật Tích, chùa Thiên Mụ","question: Những ngôi chùa nổi tiếng nào được xây dựng ở nhiều nơi? answer: chùa Một Cột, Sùng Thiện Diên Linh, chùa Trấn Quốc, chùa Phật Tích, chùa Thiên Mụ",0.8088
185,RAG_Chunking,2,"question: Khu vực Nam Âu có những ngôi chùa nào? answer: chùa Một Cột, Sùng Thiện Diên Linh, chùa Trấn Quốc, chùa Phật Tích, chùa Thiên Mụ","question: Khu vực Nam Âu có những ngôi chùa nào? answer: chùa Một Cột, Sùng Thiện Diên Linh, chùa Trấn Quốc, chùa Phật Tích, chùa Thiên Mụ",0.6292
185,RAG_Chunking,3,"question: Những điều kiện tự nhiên thuận lợi cho sự phát triển của thủ công nghiệp, thương nghiệp và hàng hải là gì? answer: Phần lớn lãnh thổ là đồi núi, xen giữa là những cánh đồng nhỏ hẹp; đất đai khô cằn, trong lòng đất có nhiều khoáng sản, bờ biển khúc khuỷu có nhiều vũng, vịnh","question: Những điều kiện tự nhiên thuận lợi cho sự phát triển của thủ công nghiệp, thương nghiệp và hàng hải là gì? answer: Phần lớn lãnh thổ là đồi núi, xen giữa là những cánh đồng nhỏ hẹp; đất đai khô cằn, trong lòng đất có nhiều khoáng sản, bờ biển khúc khuỷu có nhiều vũng, vịnh",0.6661
185,RAG_Chunking,4,question: Ngày 14-7-1789 là ngày diễn ra sự kiện gì? answer: hàng nghìn người dân Pa-ri đã nổi dậy đánh chiếm ngục Ba-xti từ tay quân lính của triều đình,question: Ngày 14-7-1789 là ngày diễn ra sự kiện gì? answer: hàng nghìn người dân Pa-ri đã nổi dậy đánh chiếm ngục Ba-xti từ tay quân lính của triều đình,0.695
185,RAG_Chunking,5,question: Có bao nhiêu quảng trường lớn nhỏ ở Paris? answer: khoảng gần 500 quảng trường,question: Có bao nhiêu quảng trường lớn nhỏ ở Paris? answer: khoảng gần 500 quảng trường,0.6501
185,RAG_Chunking,6,"question: Quảng trường Vendôme nổi tiếng với những sự kiện lịch sử nào? answer: Concorde không chỉ là một quảng trường đẹp và quan trọng của giao thông Paris, mà ở đây đã từng xảy ra nhiều sự kiện lịch sử","question: Quảng trường Vendôme nổi tiếng với những sự kiện lịch sử nào? answer: Concorde không chỉ là một quảng trường đẹp và quan trọng của giao thông Paris, mà ở đây đã từng xảy ra nhiều sự kiện lịch sử",0.7238
185,RAG_Chunking,7,"question: Một số quảng trường nổi tiếng khác của Vendôme là gì? answer: quảng trường Bastille là nơi có ngục Bastille bị phá hủy trong Cách mạng; quảng trường Étoile, nối với đại lộ Champs-Élysé answer: answer: answer: quảng trường Bastille là nơi có ngục Bastille bị phá hủy trong Cách mạng; quảng trường Étoile, nối với đại lộ Champs-Élysé answer: answer: answer: quảng trường Étoile, nối với đại lộ Champs-Élysé","question: Một số quảng trường nổi tiếng khác của Vendôme là gì? answer: quảng trường Bastille là nơi có ngục Bastille bị phá hủy trong Cách mạng; quảng trường Étoile, nối với đại lộ Champs-Élysé",0.8302
185,RAG_Chunking,8,"question: Địa điểm chính ngắm tháp Eiffel là ở đâu? answer: quảng trường Étoile, nối với đại lộ Champs-Élysées, là nơi có Khải Hoàn Môn; quảng trường Trocadéro nằm ở khu phố sang trọng, là địa điểm chính ngắm tháp Eiffel... answer: là nơi có Khải Hoàn Môn; quảng trường Trocadéro nằm ở khu phố sang trọng, là địa điểm chính ngắm tháp Eiffel... answer: là nơi có Khải Hoàn Môn; quảng trường Trocadéro nằm ở khu phố sang trọng, là địa điểm chính ngắm tháp Eiffel...","question: Địa điểm chính ngắm tháp Eiffel là ở đâu? answer: quảng trường Étoile, nối với đại lộ Champs-Élysées, là nơi có Khải Hoàn Môn; quảng trường Trocadéro nằm ở khu phố sang trọng, là địa điểm chính ngắm tháp Eiffel",0.784
186,Chunking_Only,1,"question: Các ngành công nghiệp nào chiếm tỉ trọng cao nhất trong nền kinh tế? answer: vật liệu xây dựng, khai mỏ (than, đồng, môlípđen, fluorspar, kẽm, tungsten, và vàng), dầu, thực phẩm và đồ uống, chế biến các sản phẩm từ gia súc, và casơmia và sản xuất sợi tự nhiên",question: Lĩnh vực nào chiếm tỉ trọng cao nhất trong nền kinh tế? answer: nông nghiệp,0.6496
186,RAG_Chunking,1,"question: Các ngành nghề nào được phát triển chủ yếu ở các địa phương? answer: dệt lụa, làm đồ gốm, đồ trang sức, rèn sắt, đúc đồng, làm giấy, nhuộm","question: Các ngành nghề nào được phát triển chủ yếu ở các địa phương? answer: dệt lụa, làm đồ gốm, đồ trang sức, rèn sắt, đúc đồng, làm giấy, nhuộm",0.7857
186,RAG_Chunking,2,question: Chính sách trọng nông ức thương của một số triều đại phong kiến đã tác động như thế nào đến kinh tế hàng hoá? answer: tác động như thế nào đến kinh tế hàng hoá,"question: Chính sách trọng nông ức thương của một số triều đại phong kiến đã tác động như thế nào đến kinh tế hàng hoá? answer: góp phần làm nảy sinh tính thụ động, tư tưởng quân bình, thiếu năng động, sáng tạo của cá nhâ",0.6902
186,RAG_Chunking,3,"question: Ngành công nghiệp khai mỏ phát triển như thế nào? answer: ngành công nghiệp gồm vật liệu xây dựng, khai mỏ (than, đồng, môlípđen, fluorspar, kẽm, tungsten, và vàng), dầu, thực phẩm và đồ uống, chế biến các sản phẩm từ gia súc, và casơmia và sản xuất sợi tự nhiên","question: Ngành công nghiệp khai mỏ phát triển như thế nào? answer: vật liệu xây dựng, khai mỏ (than, đồng, môlípđen, fluorspar, kẽm, tungsten, và vàng), dầu, thực phẩm và đồ uống, chế biến các sản phẩm từ gia súc, và casơmia và sản xuất sợi tự nhiên",0.7186
186,RAG_Chunking,4,"question: Số lượng công ty Trung Quốc, Nga và Canada có mặt tại Mông Cổ là bao nhiêu? answer: bao nhiêu","question: Số lượng công ty Trung Quốc, Nga và Canada có mặt tại Mông Cổ là bao nhiêu? answer: số lượng công ty Trung Quốc, Nga và Canada",0.6044
187,RAG_Chunking,1,question: Nguyên nhân dẫn tới thắng lợi của Cách mạng Tháng Tám năm 1945 là gì? answer: Sự chuẩn bị chu đáo về lực lượng chính trị và lực lượng vũ trang,question: Nguyên nhân dẫn tới thắng lợi của Cách mạng Tháng Tám năm 1945 là gì? answer: Sự lãnh đạo đúng đắn của Đảng Cộng sản Đông Dương đứng đầu là Chủ tịch Hồ Chí Minh,0.922
187,RAG_Chunking,2,"question: Vì sao chính quyền tay sai Nhật mất khả năng kiểm soát? answer: - Khối đại đoàn kết toàn dân tộc được củng cố vững chắc dưới ngọn cờ Mặt trận Việt Minh. - Sự ủng hộ, giúp đỡ của phong trào cách mạng thế giới và sức mạnh thời đại","question: Vì sao chính quyền tay sai Nhật mất khả năng kiểm soát? answer: - Khối đại đoàn kết toàn dân tộc được củng cố vững chắc dưới ngọn cờ Mặt trận Việt Minh. - Sự ủng hộ, giúp đỡ của phong trào cách mạng thế giới và sức mạnh thời đại",0.6932
187,RAG_Chunking,3,question: Sự lãnh đạo đúng đắn của Đảng Cộng sản Việt Nam được đánh giá như thế nào? answer: Sự lãnh đạo đúng đắn của Đảng Cộng sản Việt Nam là gì? answer: Sự lãnh đạo đúng đắn của Đảng Cộng sản Việt Nam là gì? answer: Sự lãnh đạo đúng đắn của Đảng Cộng sản Việt Nam là gì? answer: Sự lãnh đạo đúng đắn của Đảng Cộng sản Việt Nam là gì? answer: Sự lãnh đạo đúng đắn của Đảng Cộng sản Việt Nam là gì? answer: Sự lãnh đạo đúng đắn của Đảng Cộng sản Việt Nam,question: Sự lãnh đạo đúng đắn của Đảng Cộng sản Việt Nam là gì? answer: Sự lãnh đạo đúng đắn của Đảng Cộng sản Việt Nam,0.6434
187,RAG_Chunking,4,"question: Bài học kinh nghiệm của Cách mạng Tháng Tám là gì? answer: - Sự lãnh đạo đúng đắn của Đảng Cộng sản. - Kết hợp sức mạnh dân tộc với sức mạnh thời đại. - Có đường lối chiến lược đúng đắn, vận dụng sáng tạo, linh hoạt vào điều kiện cụ thể của đất nước. - Xác định rõ thời cơ, chủ động tạo thời","question: Bài học kinh nghiệm của Cách mạng Tháng Tám là gì? answer: Sự lãnh đạo đúng đắn của Đảng Cộng sản. - Kết hợp sức mạnh dân tộc với sức mạnh thời đại. - Có đường lối chiến lược đúng đắn, vận dụng sáng tạo, linh hoạt vào điều kiện cụ thể của đất nước. - Tập hợp, tổ chức các lực lượng yêu nước rộng rãi trong Mặt trận dân tộc thống nhất, phát huy sức mạnh đoàn kết toàn dân. - Tập hợp, tổ chức các lực lượng yêu nước rộng rãi trong Mặt trận dân tộc thống nhất, phát huy sức mạnh đoàn kết toàn dân",0.9638
187,RAG_Chunking,5,question: Khi nào Roosevelt trở thành chủ tịch Quỹ hội Hướng đạo Thành phố New York? answer: Năm 1924,question: Khi nào Roosevelt trở thành chủ tịch Quỹ hội Hướng đạo Thành phố New York? answer: Năm 1924,0.7704
187,RAG_Chunking,6,question: Hội Nam Hướng đạo Mỹ được thành lập vào năm nào? answer: năm 1937,question: Hội Nam Hướng đạo Mỹ được thành lập vào năm nào? answer: năm 1937,0.6265
188,Chunking_Only,1,question: Dân số thổ dân Canada vào thời điểm người châu Âu thiết lập các khu định cư đầu tiên là bao nhiêu? answer: từ 200.000 đến hai triệu,question: Dân số thổ dân Canada vào thời điểm người châu Âu thiết lập các khu định cư đầu tiên là bao nhiêu? answer: từ 200.000 đến hai triệu,0.8147
188,Chunking_Only,2,question: Người Métis hình thành từ khi nào? answer: thế kỷ XVII khi những người Dân tộc T,question: Người Métis hình thành từ khi nào? answer: thế kỷ XVII khi những người Dân tộc T,0.6005
188,RAG_Chunking,1,"question: Các hiện tượng nào xảy ra ở các làng xã? answer: tình trạng che giấu, gian dối về ruộng đất và dân đinh","question: Các hiện tượng nào xảy ra ở các làng xã? answer: tình trạng che giấu, gian dối về ruộng đất và dân đinh",0.6676
188,RAG_Chunking,2,"question: Dân tộc nào chiếm khoảng 82,1 triệu người? answer: dân tộc Kinh","question: Dân tộc nào chiếm khoảng 82,1 triệu người? answer: dân tộc Kinh",0.6004
188,RAG_Chunking,3,question: Dân số thổ dân Canada vào thời điểm người châu Âu thiết lập các khu định cư đầu tiên là bao nhiêu? answer: từ 200.000 đến hai triệu,question: Dân số thổ dân Canada vào thời điểm người châu Âu thiết lập các khu định cư đầu tiên là bao nhiêu? answer: từ 200.000 đến hai triệu,0.7668
188,RAG_Chunking,4,"question: Tại sao các dân tộc Thổ dân Canada phải chịu tổn thất? answer: do các dịch bệnh truyền nhiễm mới được đưa đến bùng phát lặp lại nhiều lần, như dịch cúm, dịch sởi, dịch đầu mùa (do Thổ dân không có miễn dịch tự nhiêm tự nhiêm tự nhiêu lần, như dịch cúm, dịch sởi, dịch đầu mùa), dịch đầu mùa (do Thổ dân không có miễn dịch tự nhi answer: do Thổ dân không có miễn dịch tự nhi answer: do Thổ dân không có miễn dịch tự nhi answer: do Thổ dân không có miễn dịch tự","question: Tại sao các dân tộc Thổ dân Canada phải chịu tổn thất? answer: do các dịch bệnh truyền nhiễm mới được đưa đến bùng phát lặp lại nhiều lần, như dịch cúm, dịch sởi, dịch đầu mùa (do Thổ dân không có miễn dịch tự nhiêm tự nhiêm tự nhiêu lần, như dịch cúm, dịch sởi, dịch đầu mùa), dịch đầu mùa (do Thổ dân không có miễn dịch tự nhiêm tự nhiêm tự nhiêu lần, như dịch cúm, dịch sởi, dịch đầu mùa)",0.7556
188,RAG_Chunking,5,question: Người Métis hình thành từ khi nào? answer: thế kỷ XVII khi những người Dân tộc Trước tiên và người Inuit kết hôn vớ nhau,question: Người Métis hình thành từ khi nào? answer: thế kỷ XVII khi những người Dân tộc Trước tiên và người Inuit kết hôn vớ nhau,0.6729
188,RAG_Chunking,6,question: Người dân tộc Trước tiên và người Inuit kết hôn với dân định cư người châu Âu vào thời gian nào? answer: thế kỷ XVII,question: Người dân tộc Trước tiên và người Inuit kết hôn với dân định cư người châu Âu vào thời gian nào? answer: thế kỷ XVII,0.8164
189,Chunking_Only,1,question: Hai đảo của sông Seine tạo nên điều gì? answer: trung tâm lịch sử của thành phố: le de la Cité ở phía tây và le Saint-Louis ở phía đông,question: Hai đảo của sông Seine tạo nên gì? answer: trung tâm lịch sử của thành phố: le de la Cité ở phía tây và le Saint-Louis ở phía đông,0.7732
189,Chunking_Only,2,question: Hai bên sông Seine có những khu vực nào? answer: một số vùng đất tạo bởi đá thạch cao nhô lên thành những quả đồi nhỏ,question: Hai bên sông Seine có những khu vực nào? answer: một số vùng đất tạo bởi đá thạch cao nhô lên thành những quả đồi nhỏ,0.6174
189,Chunking_Only,3,question: Phía tả ngạn: Montparnasse cao bao nhiêu mét? answer: bao nhiêu mét,question: Phía tả ngạn: Montparnasse cao bao nhiêu mét? answer: Montparnasse cao 66 m; Butte aux Cailles 63 m,0.8285
189,RAG_Chunking,1,question: Khu vực Nam Âu có những bán đảo nào? answer: bán đảo Ban-căng và bán đảo I-ta-li-a,question: Khu vực Nam Âu có những bán đảo nào? answer: bán đảo Ban-căng và bán đảo I-ta-li-a,0.7339
189,RAG_Chunking,2,question: Văn minh Phù Nam hình thành trên lưu vực nào? answer: lưu vực châu thổ sông Cửu Long,question: Văn minh Phù Nam hình thành trên lưu vực nào? answer: lưu vực châu thổ sông Cửu Long,0.6238
189,RAG_Chunking,3,"question: Vì sao cư dân Phù Nam sớm có điều kiện giao lưu với nền vât chất và con người? answer: Với vị trí địa lí tiếp giáp biển, có nhiều nơi thuận lợi cho việc tránh bão, neo đậu thuyền bè của các thương nhân","question: Vì sao cư dân Phù Nam sớm có điều kiện giao lưu với nền vât chất và con người? answer: Với vị trí địa lí tiếp giáp biển, có nhiều nơi thuận lợi cho việc tránh bão, neo đậu thuyền bè của các thương nhân",0.6538
189,RAG_Chunking,4,question: Hai đảo của sông Seine tạo nên trung tâm lịch sử của thành phố là gì? answer: le de la Cité ở phía tây và le Saint-Louis ở phía đông,question: Hai đảo của sông Seine tạo nên trung tâm lịch sử của thành phố là gì? answer: le de la Cité ở phía tây và le Saint-Louis ở phía đông,0.732
189,RAG_Chunking,5,"question: Đồi Montmartre có vị trí như thế nào? answer: đồi Montmartre có độ cao là 131 mét, đỉnh là vị trí nhà thờ Saint-Pierre; Belleville cao 128,5 m tại phố Télégraphe; Ménilmontant 108 m; công viên Buttes-Chaumont 103 m; Passy 71 m","question: Đồi Montmartre có vị trí như thế nào? answer: đồi Montmartre có độ cao là 131 mét, đỉnh là vị trí nhà thờ Saint-Pierre; Belleville cao 128,5 m tại phố Télégraphe; Ménilmontant 108 m; công viên Buttes-Chaumont 103 m; Passy 71 m",0.9102
190,Chunking_Only,1,"question: Vào tháng 8 năm 1984, tình trạng sức khỏe của Tsedenbal như thế nào? answer: tình trạng sức khỏe rất xấu của ông khiến quốc hội tuyên bố ông nghỉ hưu và thay thế ông bằng Jambyn Batmnkh","question: Vào tháng 8 năm 1984, tình trạng sức khỏe của Tsedenbal như thế nào? answer: tình trạng sức khỏe rất xấu của ông khiến quốc hội tuyên bố ông nghỉ hưu và thay thế ông bằng Jambyn Batmnkh",0.6796
190,RAG_Chunking,1,"question: Hoạt động đối ngoại chủ yếu trong kháng chiến chống Pháp là gì? answer: Hoạt động đối ngoại chủ yếu trong kháng chiến chống Pháp (1945-1954): - Chủ tịch Hồ Chí Minh gửi thư, công hàm khẳng định tính hợp pháp của nhà nước Việt Nam Dân chủ Cộng hòa. - Chủ tịch Hồ Chí Minh gửi thư, công hàm khẳng định tính hợp pháp của nhà nước Việt Nam Dân chủ Cộng hòa. - Chủ tịch Hồ Chí Minh gửi thư, công hàm khẳng định tính hợp pháp của nhà nước Việt Nam Dân chủ Cộng hòa","question: Hoạt động đối ngoại chủ yếu trong kháng chiến chống Pháp là gì? answer: Hoạt động đối ngoại chủ yếu trong kháng chiến chống Pháp (1945-1954): - Chủ tịch Hồ Chí Minh gửi thư, công hàm khẳng định tính hợp pháp của nhà nước Việt Nam Dân chủ Cộng hòa. - Chủ tịch Hồ Chí Minh gửi thư, công hàm khẳng định tính hợp pháp của nhà nước Việt Nam Dân chủ Cộng hòa. - Chủ tịch Hồ Chí Minh gửi thư, công hàm khẳng định tính hợp pháp của nhà nước Việt Nam Dân chủ Cộng hòa",0.8497
190,RAG_Chunking,2,question: Ai là người nắm quyền tại Mông Cổ vào ngày 26 tháng 1 năm 1952? answer: Yumjaagiin Tsedenbal,question: Ai là người nắm quyền tại Mông Cổ vào ngày 26 tháng 1 năm 1952? answer: Yumjaagiin Tsedenbal,0.766
190,RAG_Chunking,3,question: Tình trạng sức khỏe của Tsedenbal như thế nào? answer: tình trạng sức khỏe rất xấu của ông khiến quốc hội tuyên bố ông nghỉ hưu và thay thế ông answer: answer: tình trạng sức khỏe rất xấu của ông khiến quốc hội tuyên bố ông nghỉ hưu và thay thế ông answer: answer: tình trạng sức khỏe rất xấu của ông khiến quốc hội tuyên bố ông nghỉ hưu và thay thế ông answer: answer: tình trạng sức khỏe rất xấu của ông khiến quốc hội tuyên bố ông nghỉ hưu và thay thế ông,question: Tình trạng sức khỏe của Tsedenbal như thế nào? answer: tình trạng sức khỏe rất xấu của ông khiến quốc hội tuyên bố ông nghỉ hưu và thay thế ông,0.6245
191,Chunking_Only,1,question: Đế quốc không phải là một quốc gia liên bang và cũng không phải là một liên minh của nhiều quốc gia? answer: Đế quốc không phải là một quốc gia liên bang và cũng không phải là một liên minh của nhiều quốc gia,question: Đế quốc không phải là một quốc gia liên bang và cũng không phải là một liên minh của nhiều quốc gia? answer: Đế quốc không phải là một quốc gia liên bang và cũng không phải là một liên minh của nhiều quốc gia,0.6901
191,Chunking_Only,2,question: Đế quốc kết hợp những đặc điểm của các hình thức quốc gia nào? answer: Đế quốc lại kết hợp những đặc điểm của các hình thức quốc gia này,question: Đế quốc kết hợp những đặc điểm của các hình thức quốc gia nào? answer: Đế quốc lại kết hợp những đặc điểm của các hình thức quốc gia này,0.6477
191,RAG_Chunking,1,question: Nhiệm vụ của Lục khoa là gì? answer: giám sát Lục bộ và các cơ quan ở kinh đô,question: Nhiệm vụ của Lục khoa là gì? answer: giám sát Lục bộ và các cơ quan ở kinh đô,0.6233
191,RAG_Chunking,2,question: Answer: không nằm hoàn toàn trong tay của hoàng đế mà cũng không nằm hoàn toàn trong tay của các tuyển hầu tước hay của một tập thể như Quốc hội Đế chế,question: Quyền lực cai trị của đế quốc được quy định như thế nào? answer: không nằm hoàn toàn trong tay của hoàng đế mà cũng không nằm hoàn toàn trong tay của các tuyển hầu tước hay của một tập thể như Quốc hội Đế chế,0.8551
191,RAG_Chunking,3,question: Đế quốc không phải là một liên minh của nhiều quốc gia nhưng là một liên minh của những quốc gia nào? answer: ang và cũng không phải là một liên minh của nhiều quốc gia,question: Đế quốc không phải là một liên minh của nhiều quốc gia nhưng là một liên minh của những quốc gia nào? answer: ang và cũng không phải là một liên minh của nhiều quốc gia,0.6965
192,Chunking_Only,1,question: Paris nổi tiếng với tên gọi nào? answer: Kinh đô ánh sáng,question: Paris nổi tiếng với tên gọi nào? answer: Kinh đô ánh sáng,0.6578
192,Chunking_Only,2,"question: Những hoạt động đa dạng về tài chính, kinh doanh, chính trị và du lịch đã giúp cho Paris trở thành nơi như thế nào? answer: Paris trở thành một trong những trung tâm trung chuyển lớn nhất trên thế giới và được coi như một trong bốn ""thành phố toàn cầu"" cùng với New York, Luân Đôn và Tokyo","question: Những hoạt động đa dạng về tài chính, kinh doanh, chính trị và du lịch đã giúp cho Paris trở thành nơi như thế nào? answer: Paris trở thành một trong những trung tâm trung chuyển lớn nhất trên thế giới và được coi như một trong bốn ""thành phố toàn cầu"" cùng với New York, Luân Đôn và Tokyo",0.8559
192,RAG_Chunking,1,question: Thành phố Phờ-lo-ren là nơi khởi nguồn của điều gì? answer: một trong những lí do khiến thành phố Phờ-lo-ren (I-ta-li-a) trở thành nơi khởi nguồn của điều gì? answer: một trong những lí do khiến thành phố Phờ-lo-ren (I-ta-li-a) trở thành nơi khởi nguồn của điều gì? answer: một trong những lí do khiến thành phố Phờ-lo-ren (I-ta-li-a) trở thành nơi khởi nguồn của điều gì,"question: Thành phố Phờ-lo-ren (I-ta-li-a) là nơi khởi nguồn của điều gì? answer: Quan hệ sản xuất tư bản chủ nghĩa hình thành cùng với sự phát triển kinh tế công thương nghiệp, sự tiến bộ của khoa học  kĩ thuật",0.6669
192,RAG_Chunking,2,"question: Vai trò của dòng họ Mê-đi-xi là gì? answer: đóng vai trò quan trọng trong nền chính trị thành phố, đồng thời cũng chủ trương khuyến khích phát triển nghệ thuật","question: Vai trò của dòng họ Mê-đi-xi là gì? answer: đóng vai trò quan trọng trong nền chính trị thành phố, đồng thời cũng chủ trương khuyến khích phát triển nghệ thuật",0.6384
192,RAG_Chunking,3,"question: Nền văn minh thời Phục Hưng là nền văn minh như thế nào? answer: tinh thần nhân văn và tiến bộ trong tư tưởng và văn học, là sự sáng tạo và phát minh trong khoa học với những ý tưởng đi trước thời đại, là chủ nghĩa hiện thực trong nghệ thuật","question: Nền văn minh thời Phục Hưng là nền văn minh như thế nào? answer: tinh thần nhân văn và tiến bộ trong tư tưởng và văn học, là sự sáng tạo và phát minh trong khoa học với những ý tưởng đi trước thời đại, là chủ nghĩa hiện thực trong nghệ thuật",0.6868
192,RAG_Chunking,4,question: Thành phố nào nổi tiếng với tên gọi Kinh đô ánh sáng? answer: Paris,question: Thành phố nào nổi tiếng với tên gọi Kinh đô ánh sáng? answer: Paris,0.6856
192,RAG_Chunking,5,"question: Những tổ chức quốc tế nào đã giúp cho Paris trở thành kinh đô thời trang cao cấp? answer: OECD, UNESCO...","question: Những tổ chức quốc tế nào đã giúp cho Paris trở thành kinh đô thời trang cao cấp? answer: OECD, UNESCO...",0.7848
192,RAG_Chunking,6,"question: Tại sao Paris trở thành một trong những trung tâm trung chuyển lớn nhất thế giới? answer: Paris trở thành một trong những trung tâm trung chuyển lớn nhất trên thế giới và được coi như một trong bốn ""thành phố toàn cầu"" cùng với New York, Luân Đôn và Tokyo","question: Tại sao Paris trở thành một trong những trung tâm trung chuyển lớn nhất thế giới? answer: Paris trở thành một trong những trung tâm trung chuyển lớn nhất trên thế giới và được coi như một trong bốn ""thành phố toàn cầu"" cùng với New York, Luân Đôn và Tokyo",0.8426
193,Chunking_Only,1,"question: Bộ phận Nhân quyền cùng làm việc bên cạnh với Hội Quốc gia vì Tiến bộ của Người da màu có nhiệm vụ gì? answer: Roosevelt làm việc với các nhóm nhân quyền khác trong các trường hợp đối phó với sự hung bạo của cảnh sát, các vụ hợp tác hành quyết nạn nh","question: Bộ phận Nhân quyền cùng làm việc bên cạnh với Hội Quốc gia vì Tiến bộ của Người da màu có nhiệm vụ gì? answer: Roosevelt làm việc với các nhóm nhân quyền khác trong các trường hợp đối phó với sự hung bạo của cảnh sát, các vụ hợp tác hành quyết nạn nhơn",0.7419
193,RAG_Chunking,1,"question: Nội dung cải cách là gì? answer: Thiết lập nền dân chủ tư sản, mở rộng quyền dân chủ cho nhân dân","question: Nội dung cải cách là gì? answer: Thiết lập nền dân chủ tư sản, mở rộng quyền dân chủ cho nhân dân",0.7586
193,RAG_Chunking,2,"question: Bài học kinh nghiệm của Cách mạng Tháng Tám là gì? answer: - Sự lãnh đạo đúng đắn của Đảng Cộng sản. - Kết hợp sức mạnh dân tộc với sức mạnh thời đại. - Có đường lối chiến lược đúng đắn, vận dụng sáng tạo, linh hoạt vào điều kiện cụ thể của đất nước. - Tập hợp, tổ chức các lực lượng yêu nước rộng rãi trong Mặt trận dân tộc thống nhất, phát huy sức mạnh đoàn kết toàn dâ","question: Bài học kinh nghiệm của Cách mạng Tháng Tám là gì? answer: - Sự lãnh đạo đúng đắn của Đảng Cộng sản. - Kết hợp sức mạnh dân tộc với sức mạnh thời đại. - Có đường lối chiến lược đúng đắn, vận dụng sáng tạo, linh hoạt vào điều kiện cụ thể của đất nước. - Tập hợp, tổ chức các lực lượng yêu nước rộng rãi trong Mặt trận dân tộc thống nhất, phát huy sức mạnh đoàn kết toàn dâ",0.9676
193,RAG_Chunking,3,"question: Ý nghĩa lịch sử của cuộc chiến tranh giải phóng dân tộc là gì? answer: Kết thúc 30 năm chiến tranh giải phóng dân tộc. - Thống nhất đất nước, hoàn thành cách mạng dân tộc dân chủ nhân dân. - Thống nhất đất nước, hoàn thành cách mạng dân tộc dân chủ nhân dân. - Thống nhất đất nước, hoàn thành cách mạng dân tộc dân chủ nhân dân. - Thống nhất đất nước, hoàn thành cách mạng dân tộc dân chủ nhân dân. - Thống nhất đất nước, hoàn thành cách mạng dân tộc dân chủ nhân dân","question: Ý nghĩa lịch sử của cuộc chiến tranh giải phóng dân tộc là gì? answer: Kết thúc 30 năm chiến tranh giải phóng dân tộc. - Thống nhất đất nước, thành cách mạng dân tộc dân chủ nhân dân. - Thống nhất đất nước, hoàn thành cách mạng dân tộc dân chủ nhân dân. - Thống nhất đất nước, hoàn thành cách mạng dân tộc dân chủ nhân dân. - Thống nhất đất nước, hoàn thành cách mạng dân tộc dân chủ nhân dân. - Thống nhất đất nước, hoàn thành cách mạng dân tộc dân chủ nhân dân",0.6904
193,RAG_Chunking,4,question: Các bước dài tiến triển trong thời kỳ tranh giải phóng dân tộc đã là nền tảng cho phong trào nhân quyền của người Mỹ gốc châu Phi là nền tảng cho điều gì? answer: nền tảng cho phong trào nhân quyền của người Mỹ gốc châu Phi,question: Sử gia Kevin J. McMahon cho rằng các bước dài tiến triển trong thời kỳ tranh giải phóng dân tộc đã là nền tảng cho phong trào nhân quyền của người Mỹ gốc châu Phi là nền tảng cho điều gì? answer: các bước dài tiến triển trong thời kỳ này đã là nền tảng cho phong trào nhân quyền của người Mỹ gốc châu Phi,0.7653
193,RAG_Chunking,5,"question: Roosevelt làm việc với các nhóm nhân quyền khác trong các trường hợp nào? answer: đối phó với sự hung bạo của cảnh sát, các vụ hợp tác hành quyết nạn nhân, và các vụ vi phạm quyền đầu phiếu","question: Roosevelt làm việc với các nhóm nhân quyền khác trong các trường hợp nào? answer: đối phó với sự hung bạo của cảnh sát, các vụ hợp tác hành quyết nạn nhân, và các vụ vi phạm quyền đầu phiếu",0.8047
193,RAG_Chunking,6,question: Những kẻ theo chủ nghĩa da trắng ưu việt ở miền Nam Hoa Kỳ và các đồng minh chính trị của bọn họ ở thủ đô Washington là những ai? answer: những kẻ theo chủ nghĩa da trắng ưu việt (white supremacist) ở miền Nam Hoa Kỳ và các đồng minh chính trị của bọn họ ở thủ đô Washington,question: Những kẻ theo chủ nghĩa da trắng ưu việt ở miền Nam Hoa Kỳ và các đồng minh chính trị của bọn họ ở thủ đô Washington là những ai? answer: những kẻ theo chủ nghĩa da trắng ưu việt (white supremacist) ở miền Nam Hoa Kỳ và các đồng minh chính trị của bọn họ ở thủ đô Washington,0.6565
194,Chunking_Only,1,"question: Trong nhiệm kỳ đầu tiên của mình, FDR đã làm gì? answer: FDR đã hướng dẫn Quốc hội Hoa Kỳ thông qua chương trình kinh tế Kinh tế Mới",question: FDR đã hướng dẫn Quốc hội Hoa Kỳ thông qua chương trình gì? answer: kinh tế Kinh tế Mới,0.7173
194,Chunking_Only,2,"question: Sự kiện gì đã diễn ra vào năm 1937? answer: Liên minh bảo thủ lưỡng đảng hình thành vào năm 1937 đã ngăn cản ông ""đưa ra quy định kiểm soát đối với Phố Wall, ngân hàng và giao thông"" và cải cách kinh tế (theo ông có nghĩa là lập ra quy định kiểm soát đối với Phố Wall, ngân hàng và giao thông) và cải cách kinh tế (theo ông có nghĩa là lập ra quy định kiểm soát đối với Phố Wall, ngân hàng và giao thông)","question: Sự kiện gì đã diễn ra vào năm 1937? answer: Liên minh bảo thủ lưỡng đảng hình thành vào năm 1937 đã ngăn cản ông ""đưa ra quy định kiểm soát đối với Phố Wall, ngân hàng và giao thông"" và cải cách kinh tế (theo ông có nghĩa là lập ra quy định kiểm soát đối với Phố Wall, ngân hàng và giao thông)",0.7487
194,Chunking_Only,3,"question: Khi tình trạng thất nghiệp thực tế chấm dứt thì liên minh bảo thủ lưỡng đảng đã làm gì? answer: ngăn cản ông ""đưa người"" vào Tối cao Pháp viện Hoa Kỳ hoặc thông qua quá nhiều luật mới","question: Khi tình trạng thất nghiệp thực tế chấm dứt thì liên minh bảo thủ lưỡng đảng đã làm gì? answer: ngăn cản ông ""đưa người"" vào Tối cao Pháp viện Hoa Kỳ hoặc thông qua quá nhiều luật mới",0.7418
194,Chunking_Only,4,question: Các quy định kiểm soát thương nghiệp chấm dứt vào thời gian nào? answer: từ năm 197585,question: Các quy định kiểm soát thương nghiệp chấm dứt vào thời gian nào? answer: từ năm 197585,0.7409
194,RAG_Chunking,1,question: Cuộc Cách mạng công nghiệp lần thứ tư bắt đầu từ khi nào? answer: đầu thế kỉ XXI,question: Cuộc Cách mạng công nghiệp lần thứ tư bắt đầu từ khi nào? answer: đầu thế kỉ XXI,0.8031
194,RAG_Chunking,2,question: Chủ tịch Hồ Chí Minh ra Lời kêu gọi toàn quốc kháng chiến vào thời gian nào? answer: Ngày 19-12-1946,question: Chủ tịch Hồ Chí Minh ra Lời kêu gọi toàn quốc kháng chiến vào thời gian nào? answer: Ngày 19-12-1946,0.7871
194,RAG_Chunking,3,"question: Trong nhiệm kỳ đầu tiên của mình, FDR đã có những động thái gì? answer: FDR đã hướng dẫn Quốc hội Hoa Kỳ answer: FDR đã hướng dẫn Quốc hội Hoa Kỳ answer: FDR đã hướng dẫn Quốc hội Hoa Kỳ answer: FDR đã hướng dẫn Quốc hội Hoa Kỳ answer: FDR đã hướng dẫn Quốc hội Hoa Kỳ answer: FDR đã hướng dẫn Quốc hội Hoa Kỳ answer: FDR đã hướng dẫn Quốc hội Hoa Kỳ answer: FDR đã hướng dẫn Quốc hội Hoa Kỳ ans","question: Trong nhiệm kỳ đầu tiên của mình, Roosevelt đã có những động thái gì? answer: Roosevelt đã khởi động rất nhiều chương trình lớn khác nhau. Trong một trăm ngày đầu tiên với vai trò tổng thống, bắt đầu từ ngày 4 tháng 3 năm 1933, Roosevelt đã khởi động rất nhiều chương trình lớn khác nhau. Trong một trăm ngày đầu tiên với vai trò tổng thống, bắt đầu từ ngày 4 tháng 3 năm 1933, Roosevelt đã khởi động rất nhiều chương trình lớn khác nhau",0.7423
194,RAG_Chunking,4,question: FDR đã hướng dẫn Quốc hội thông qua chương trình kinh tế Kinh tế Mới vào thời gian nào? answer: nhiệm kỳ đầu tiên (193337),question: FDR đã hướng dẫn Quốc hội thông qua chương trình kinh tế Kinh tế Mới vào thời gian nào? answer: nhiệm kỳ đầu tiên (193337),0.8231
194,RAG_Chunking,5,"question: Sự kiện gì đã diễn ra vào năm 1937? answer: Liên minh bảo thủ lưỡng đảng hình thành vào năm 1937 đã ngăn cản ông ""đưa người"" vào Tối cao Pháp viện Hoa Kỳ hoặc thông qua quá nhiều luật mới","question: Sự kiện gì đã diễn ra vào năm 1937? answer: Liên minh bảo thủ lưỡng đảng hình thành vào năm 1937 đã ngăn cản ông ""đưa người"" vào Tối cao Pháp viện Hoa Kỳ hoặc thông qua quá nhiều luật mới",0.6796
194,RAG_Chunking,6,question: Chương trình An sinh Xã hội được Quốc hội thông qua vào năm nào? answer: năm 1935,question: Chương trình An sinh Xã hội được Quốc hội thông qua vào năm nào? answer: năm 1935,0.6762
195,Chunking_Only,1,"question: Có bao nhiêu chi còn tồn tại đến ngày nay? answer: 56% trong các chi được phát hiện trong hổ phách vùng Baltic (đầu Oligocene), và 92% các chi trong hổ phách ở Dominica (xuất hiện đầu Miocene)","question: Có bao nhiêu chi còn tồn tại đến ngày nay? answer: 56% trong các chi được phát hiện trong hổ phách vùng Baltic (đầu Oligocene), và 92% các chi trong hổ phách ở Dominica (xuất hiện đầu Miocene)",0.7552
195,RAG_Chunking,1,"question: Thành phần tộc người ở Đông Nam Á như thế nào? answer: phong phú, mỗi tộc người hay nhóm tộc người lại có những nét văn hoá khác nhau","question: Thành phần tộc người ở Đông Nam Á như thế nào? answer: phong phú, mỗi tộc người hay nhóm tộc người lại có những nét văn hoá khác nhau",0.8463
195,RAG_Chunking,2,question: Khu vực Nam Âu có hai bán đảo nhỏ vươn ra Địa Trung Hải là bán đảo nào? answer: bán đảo Ban-căng và bán đảo I-ta-li-a,question: Khu vực Nam Âu có hai bán đảo nhỏ vươn ra Địa Trung Hải là bán đảo nào? answer: bán đảo Ban-căng và bán đảo I-ta-li-a,0.7816
195,RAG_Chunking,3,question: Các loài nào còn tồn tại đến ngày nay còn tồn tại đến ngày nay? answer: Các chi còn tồn tại đến ngày nay chiếm 56% trong các chi được phát hiện trong hổ phác,question: Các loài nào còn tồn tại đến ngày nay còn tồn tại đến ngày nay? answer: Vao Oligocene và Miocene,0.669
195,RAG_Chunking,4,"question: Những chi nào còn tồn tại đến ngày nay? answer: Các chi còn tồn tại đến ngày nay chiếm 56% trong các chi được phát hiện trong hổ phách vùng Baltic (đầu Oligocene), và 92% các chi trong hổ phách ở Dominica (xuất hiện đầu Miocene)","question: Những chi nào còn tồn tại đến ngày nay? answer: Các chi còn tồn tại đến ngày nay chiếm 56% trong các chi được phát hiện trong hổ phách vùng Baltic (đầu Oligocene), và 92% các chi trong hổ phách ở Dominica (xuất hiện đầu Miocene)",0.8691
196,Chunking_Only,1,question: Le Fabuleux Destin d'Amélie Poulain (2001) là câu quận hoang tưởng trong một Paris huyền thoại và vĩnh cửu? answer: Le Fabuleux Destin d'Amélie Poulain (2001) là câu quận hoang tưởng trong một Paris huyền thoại và vĩnh cửu? answer: Le Fabuleux Destin d'Amélie Poulain (2001) là câu quận hoang tưởng trong một Paris huyền thoại và vĩnh cửu,question: Đâu là câu quận hoang tưởng trong một Paris huyền thoại và vĩnh cửu? answer: Le Fabuleux Destin d'Amélie Poulain,0.6906
196,RAG_Chunking,1,question: Những bài học lịch sử của các cuộc kháng chiến bảo vệ Tổ quốc từ năm 1945 đến nay là gì? answer: Những bài học lịch sử của các cuộc kháng chiến bảo vệ Tổ quốc từ năm 1945 đến nay là gì? answer: Những bài học lịch sử của các cuộc kháng chiến bảo vệ Tổ quốc từ năm 1945 đến nay là gì? answer: Những bài học lịch sử của các cuộc kháng chiến bảo vệ Tổ quốc từ năm 1945 đến nay là gì? answer: Những bài học lịch sử của các,question: Những bài học lịch sử của các cuộc kháng chiến bảo vệ Tổ quốc từ năm 1945 đến nay là gì? answer: 52 - Bài 10: Khái quát về công cuộc Đổi mới từ năm 1986 đến nay: 60 - Bài 11: Thành tựu cơ bản và bài ài 11: Thành tựu cơ bản và bài ài 11: Thành tựu cơ bản và bài ài 11: Thành tựu cơ bản và bài ài 11: Thành tựu cơ bản và bài ài 11: Thành tựu cơ bản và bài ài 1,0.7896
196,RAG_Chunking,2,"question: La Traversée de Paris có nội dung như thế nào? answer: gợi lại những hiện thực về thời gian thành phố bị Đức Quốc xã chiếm đóng năm 1943, và Paris brle t-il? (1966) về giải phóng Paris vào tháng 8 năm 1944","question: La Traversée de Paris có nội dung như thế nào? answer: gợi lại những hiện thực về thời gian thành phố bị Đức Quốc xã chiếm đóng năm 1943, và Paris brle t-il? (1966) về giải phóng Paris vào tháng 8 năm 1944",0.721
197,Chunking_Only,1,"question: Tại sao kiến không có cánh? answer: khi chúng sống trong tổ trong thời gian dài và được che chở, nơi này sẽ tạo ra cánh cho chúng","question: Tại sao kiến không có cánh? answer: khi chúng sống trong tổ trong thời gian dài và được che chở, nơi này sẽ tạo ra cánh cho chúng",0.8791
197,Chunking_Only,2,"question: Con đực chết, cánh của những con đực rụng xuống cộng với phần cơ bắp của chúng là gì? answer: thức ăn duy trì sự sống cho con cái để sản sinh ra những con kiến thợ đầu tiên","question: Con đực chết, cánh của những con đực rụng xuống cộng với phần cơ bắp của chúng là gì? answer: cánh của những con đực rụng xuống cộng với phần cơ bắp của chúng chính là thức ăn duy trì sự sống cho con cái để sản sinh ra những con kiến thợ đầu tiên",0.8011
197,RAG_Chunking,1,"question: Hình như chúng cũng có giọng nói? answer: Hình như chúng cũng có giọng nói, và khi chúng đứng lên, người ta thấy chúng có bộ mặt người. Quả thực chúng là người... Đêm đến, chúng rúc vào hang, sống bằng bánh mì đen, nư answer: đêm đến, chúng rúc vào hang, sống bằng bánh mì đen, nư answer: ấy đi đâu thì cưỡi voi, phụ nữ cũng cưỡi được voi","question: Hình như chúng cũng có giọng nói? answer: Hình như chúng cũng có giọng nói, và khi chúng đứng lên, người ta thấy chúng có bộ mặt người. Quả thực chúng là người... (Nam Tề thư) [Hạn chế] Người ta thấy một số thú vật dữ tợn, đực và cái, rải khắp các làng xóm, sạm đen, hốc hác và rám nắng, gắn chặt vào mảnh đất mà chúng đào xới một cách cực kì nhẫn nại. Hình như chúng cũng có giọng nói, và khi chúng đứng lên, người ta thấy chúng có bộ mặt người",0.8006
197,RAG_Chunking,2,"question: Những con kiến nào không có cánh khi chúng sống trong tổ? answer: chúng sống trong tổ trong thời gian dài và được che chở, nơi này sẽ tạo ra cánh cho chúng","question: Những con kiến nào không có cánh khi chúng sống trong tổ? answer: chúng sống trong tổ trong thời gian dài và được che chở, nơi này sẽ tạo ra cánh cho chúng",0.6809
197,RAG_Chunking,3,"question: Những con kiến thợ nào đang phối giống? answer: con đực chết, cánh của những con đực rụng xuống cộng với phần cơ bắp của chúng chính là thức ăn duy trì sự sống cho con cái để sản sinh ra những con kiến thợ đầu tiên","question: Những con kiến thợ nào đang phối giống? answer: con đực chết, cánh của những con đực rụng xuống cộng với phần cơ bắp của chúng chính là thức ăn duy trì sự sống cho con cái để sản sinh ra những con kiến thợ đầu tiên",0.8765
198,Chunking_Only,1,question: Vì sao Lester B. Pearson được công nhận là người sáng tạo ra khái niệm này? answer: đây là sứ mệnh gìn giữ hòa bình đầu tiên của Liên Hiệp Quốc,question: Vì sao Lester B. Pearson được công nhận là người sáng tạo ra khái niệm này? answer: hành động này mà ông nhận được Giải Nobel Hòa bình năm 1957,0.7318
198,Chunking_Only,2,"question: Kể từ năm 1989, Canada đã tham gia bao nhiêu sứ mệnh gìn giữ hòa bình? answer: 50 sứ mệnh",question: Canada đã tham gia trong bao nhiêu sứ mệnh gìn giữ hòa bình? answer: 50 sứ mệnh,0.8204
198,Chunking_Only,3,question: Vụ việc Somalia xảy ra vào năm nào? answer: năm 1993,question: Vụ việc Somalia xảy ra vào năm nào? answer: năm 1993,0.7127
198,RAG_Chunking,1,"question: Answer: Hoạt động đối ngoại chủ yếu trong kháng chiến chống Mỹ (1954-1975): - Đấu tranh yêu cầu thực hiện Hiệp định Genève. - Củng cố quan hệ với các nước xã hội chủ nghĩa. - Tăng cường đoàn kết ba nước Đông Dương. - Đàm phán, ký Hiệp định Paris (1973). - Mở rộng quan hệ ngoại giao, đẩy mạnh đối ngoại nhân dân","question: Hoạt động đối ngoại chủ yếu trong kháng chiến chống Mỹ là gì? answer: Đấu tranh yêu cầu thực hiện Hiệp định Genève. - Củng cố quan hệ với các nước xã hội chủ nghĩa. - Tăng cường đoàn kết ba nước Đông Dương. - Đàm phán, ký Hiệp định Paris (1973). - Mở rộng quan hệ ngoại giao, đẩy mạnh đối ngoại nhân dân",0.9207
198,RAG_Chunking,2,"question: Năm 2007, thành viên của 63 tổ chức quốc tế là bao nhiêu? answer: 63 tổ chức quốc tế","question: Năm 2007, thành viên của 63 tổ chức quốc tế là bao nhiêu? answer: 63 tổ chức quốc tế",0.6346
198,RAG_Chunking,3,question: Giải Nobel Hòa bình năm 1957 thuộc về ai? answer: Lester B. Pearson,question: Giải Nobel Hòa bình năm 1957 thuộc về ai? answer: Lester B. Pearson,0.7355
198,RAG_Chunking,4,question: Sứ mệnh gìn giữ hòa bình đầu tiên của Liên Hiệp Quốc là gì? answer: Lester B. Pearson,question: Sứ mệnh gìn giữ hòa bình đầu tiên của Liên Hiệp Quốc là gì? answer: Lester B. Pearson,0.7657
199,Chunking_Only,1,"question: Vì sao một số người Mỹ không đồng tình với cách giải thích của Hoa Kỳ? answer: một số người Mỹ không bằng lòng với cách giải thích đó và khẩu hiệu ""Không đổi máu lấy dầu"" đã trở thành tiếng kêu thường thấy nhất trong các cuộc biểu tình phản đối từ bên trong nước Mỹ","question: Vì sao một số người Mỹ không đồng tình với cách giải thích của Hoa Kỳ? answer: một số người Mỹ không bằng lòng với cách giải thích đó và khẩu hiệu ""Không đổi máu lấy dầu"" đã trở thành tiếng kêu thường thấy nhất trong các cuộc biểu tình phản đối từ bên trong nước Mỹ",0.7507
199,Chunking_Only,2,"question: Nguyên nhân nào dẫn đến cuộc chiến tranh Việt Nam? answer: lịch sử vi phạm nhân quyền của Iraq dưới chế độ Tổng thống Saddam Hussein, nguy cơ Iraq có thể phát triển vũ khí hạt nhân hay vũ khí hủy diệt hàng loạt và rằng ""sự gây hấn lộ liễu sẽ không có chỗ đứng"" (naked aggression will not stand)","question: Nguyên nhân nào dẫn đến cuộc chiến tranh Việt Nam? answer: lịch sử vi phạm nhân quyền của Iraq dưới chế độ Tổng thống Saddam Hussein, nguy cơ Iraq có thể phát triển vũ khí hạt nhân hay vũ khí hủy diệt hàng loạt và rằng ""sự gây hấn lộ liễu sẽ không có chỗ đứng"" (naked aggression will not stand)",0.771
199,RAG_Chunking,1,question: Những cuộc kháng chiến thắng lợi tiêu biểu nào? answer: Có những cuộc kháng chiến thắng lợi tiêu biểu nào? answer: Có những cuộc kháng chiến thắng lợi tiêu biểu nào? answer: Có những cuộc kháng chiến thắng lợi tiêu biểu nào? answer: Có những cuộc kháng chiến thắng lợi tiêu biểu nào? answer: Có những cuộc kháng chiến thắng lợi tiêu biểu nào? answer: Có những cuộc kháng chiến thắng lợi tiêu biểu nào? answer: Có những cuộc kháng chiến thắng lợi tiêu biểu nào? answer: Có những cuộc kháng,question: Những cuộc kháng chiến thắng lợi tiêu biểu nào? answer: Có những cuộc kháng chiến thắng lợi tiêu biểu nào? Có những cuộc kháng chiến nào không thành công? Nguyên nhân chính dẫn đến thắng lợi hoặc thất bại trong các cuộc kháng chiến là gì?,0.6656
199,RAG_Chunking,2,"question: Tác dụng của kháng chiến chống ngoại xâm đối với sự hình thành của dân tộc Việt Nam là gì? answer: answer: đối với một kẻ thù hung bạo và có tiềm lực mạnh, tổ tiên chúng ta còn phải chú ý đặc biệt đến việc củng cố nội bộ lãnh thổ. Phải xây dựng đường sá, cầu cống, vét sông, khơi nguồn thường xuyên để có thể nhanh chóng chuyển quân rút lui chiến lược hay tổng phản công nhanh chóng",question: Tác dụng của kháng chiến chống ngoại xâm đối với sự hình thành của dân tộc Việt Nam là gì? answer: Tác dụng của kháng chiến chống ngoại xâm đối với sự hình thành của dân tộc Việt Nam,0.6281
199,RAG_Chunking,3,"question: Vì sao Mỹ không đồng tình với cách giải thích của Mỹ? answer: lịch sử vi phạm nhân quyền của Iraq dưới chế độ Tổng thống Saddam Hussein, nguy cơ Iraq có thể phát triển vũ khí hạt nh","question: Vì sao Mỹ không đồng tình với cách giải thích của Mỹ? answer: lịch sử vi phạm nhân quyền của Iraq dưới chế độ Tổng thống Saddam Hussein, nguy cơ Iraq có thể phát triển vũ khí hạt nhâ",0.7252
199,RAG_Chunking,4,question: Iraq có thể phát triển vũ khí hạt nhân hay vũ khí hủy diệt hàng loạt? answer: vũ khí hủy diệt hàng loạt,question: Iraq có thể phát triển vũ khí hạt nhân hay vũ khí hủy diệt hàng loạt? answer: vũ khí hủy diệt hàng loạt,0.7574
200,Chunking_Only,1,question: Vào thời gian nào thì Nouvelle-Calédonie trở thành thuộc địa hình sự? answer: từ thập niên 1860 cho đến khi kết thúc vận chuyển tù nhân vào năm 1854,question: Vào thời gian nào thì Nouvelle-Calédonie trở thành thuộc địa hình sự? answer: từ thập niên 1860 cho đến khi kết thúc vận chuyển tù nhân vào năm 1854,0.697
200,Chunking_Only,2,"question: Số lượng tù nhân bị đưa sang Nouvelle-Calédonie là bao nhiêu? answer: 10.428 tù nhân, bao gồm 2.329 người đã được phóng thích, ở trên đảo vào ngày 1 tháng 5 năm 1888, số lượng tù nhân lớn nhất và vượt xa số tù nhân bị giữ tại các trại tù","question: Số lượng tù nhân bị đưa sang Nouvelle-Calédonie là bao nhiêu? answer: 10.428 tù nhân, bao gồm 2.329 người đã được phóng thích, ở trên đảo vào ngày 1 tháng 5 năm 1888, số lượng tù nhân lớn nhất và vượt xa số tù nhân bị giữ tại các trại tù trong suốt thập niên 1860 cho đến khi kết thúc vận chuyển tù nhân vào năm 1897, có khoản 22.000 tù nhân hình sự và chính trị bị đưa sang Nouvelle-Calédonie",0.8631
200,Chunking_Only,3,question: Số lượng tù nhân tại Nouvelle-Calédonie là bao nhiêu? answer: 4.200,question: Số lượng tù nhân tại Nouvelle-Calédonie là bao nhiêu? answer: 4.200,0.6277
200,Chunking_Only,4,"question: Answer: chỉ có 40 trong số này định cư tại thuộc địa, phần còn lại trở về Pháp sau khi được ân xá vào năm 1879 và 1880","question: Số lượng người định cư tại thuộc địa là bao nhiêu? answer: chỉ có 40 trong số này định cư tại thuộc địa, phần còn lại trở về Pháp sau khi được ân xá vào năm 1879 và 1880",0.7354
200,RAG_Chunking,1,question: Ngày 14-7-1789 diễn ra sự kiện gì? answer: hàng nghìn người dân Pa-ri đã nổi dậy đánh chiếm ngục Ba-xti từ tay quân lính của triều đình,question: Ngày 14-7-1789 là ngày diễn ra sự kiện gì? answer: hàng nghìn người dân Pa-ri đã nổi dậy đánh chiếm ngục Ba-xti từ tay quân lính của triều đình,0.6827
200,RAG_Chunking,2,question: Kết quả của chiến dịch Điện Biên Phủ là gì? answer: toàn thắng ngày 7-5-1954,"question: Kết quả của chiến dịch Điện Biên Phủ là gì? answer: toàn thắng ngày 7-5-1954. - Làm phá sản kế hoạch Na-va, tạo điều kiện cho Hội nghị Genève. [2. Nội dung cải cách] 4. Kết thúc cuộc kháng chiến (1953 - 1954): - Pháp thực hiện kế hoạch Na-va. - Chiến dịch Điện Biên Phủ (3-1954 - 7-5-1954): toàn thắng ngày 7-5-1954",0.9031
200,RAG_Chunking,3,question: Vào ngày nào thì Nouvelle-Calédonie trở thành thuộc địa hình sự? answer: Ngày 24 tháng 9 năm 1853,question: Vào ngày nào thì Nouvelle-Calédonie trở thành thuộc địa hình sự? answer: Ngày 24 tháng 9 năm 1853,0.6542
200,RAG_Chunking,4,"question: Số lượng tù nhân của Nouvelle-Calédonie là bao nhiêu? answer: 10.428 tù nhân, bao gồm 2.329 người đã được phóng thích, ở trên đảo vào ngày 1 tháng 5 năm 1888, số lượng tù nhân lớn nhất và vượt xa số lượng tù nhân lớn nhất và vượt xa số lượng tù nhân lớn nhất và vượt xa số lượng tù nhân lớn nhất và vượt xa số lượng tù nhân lớn nhất và vượt xa số lượng tù nhân lớn nhất và vượt xa số lượng tù nhân lớn nhất và vượt xa số lượng tù nhân lớn","question: Số lượng tù nhân của Nouvelle-Calédonie là bao nhiêu? answer: 10.428 tù nhân, bao gồm 2.329 người đã được phóng thích, ở trên đảo vào ngày 1 tháng 5 năm 1888, số lượng tù nhân lớn nhất và vượt xa số lượng tù nhân lớn nhất và vượt xa số lượng tù nhân lớn nhất và vượt xa số lượng tù nhân lớn nhất và vượt xa số lượng tù nhân lớn nhất và vượt xa số lượng tù nhân lớn nhất và vượt xa số lượng tù nhân lớn nhất và vượt xa số lượng tù nhân lớn",0.8331
200,RAG_Chunking,5,question: Từ năm 1873 đến năm 1876 có bao nhiêu tù nhân chính trị được chuyển đến Nouvelle-Calédonie? answer: 4.200,question: Từ năm 1873 đến năm 1876 có bao nhiêu tù nhân chính trị được chuyển đến Nouvelle-Calédonie? answer: 4.200,0.7402
200,RAG_Chunking,6,question: Số phận của những người định cư tại Nouvelle-Calédonie là như thế nào? answer: Số phận của những người định cư tại Nouvelle-Calédonie là như thế nào? answer: Số phận của những người định cư tại Nouvelle-Calédonie là như thế nào? answer: Số phận của những người định cư tại Nouvelle-Calédonie là như thế nào? answer: Số phận của những người định cư tại Nouvelle-Calédonie là như thế nào? answer: Số phận của những người định cư tại,"question: Số phận của những người định cư tại Nouvelle-Calédonie là như thế nào? answer: Chỉ có 40 trong số này định cư tại thuộc địa, phần còn lại trở về Pháp sau khi được ân xá vào năm 1879 và 1880",0.7377
201,Chunking_Only,1,question: Tổ chức các công dân cho một nước Kuwait tự do được thành lập ở Mỹ với mục đích gì? answer: với mục đích gì? answer: với mục đích gì? answer: tổ chức các công dân cho một nước Kuwait tự do được thành lập ở Mỹ,question: Tổ chức các công dân cho một nước Kuwait tự do được thành lập ở Mỹ với mục đích gì? answer: thuê công ty quan hệ công chúng Hill and Knowlton với giá 11 triệu dollar do chính phủ Kuwait cung cấp,0.803
201,Chunking_Only,2,question: Gia đình hoàng gia Kuwait sống ở đâu khi xảy ra chiến tranh? answer: Paris,question: Gia đình hoàng gia Kuwait sống ở đâu khi xảy ra chiến tranh? answer: Paris,0.7488
201,RAG_Chunking,1,"question: Sô-phi-a là gì? answer: là một rô-bốt được chế tạo và thiết kế năm 2015, mang hình dáng giống con người","question: Sô-phi-a là gì? answer: là một rô-bốt được chế tạo và thiết kế năm 2015, mang hình dáng giống con người",0.7683
201,RAG_Chunking,2,"question: Nêu được tầm quan trọng chiến lược của Biển Đông đối với Việt Nam về mặt nào? answer: quốc phòng, an ninh và phát triển các ngành kinh tế trọng điểm","question: Nêu được tầm quan trọng chiến lược của Biển Đông đối với Việt Nam về mặt nào? answer: quốc phòng, an ninh và phát triển các ngành kinh tế trọng điểm",0.8737
201,RAG_Chunking,3,question: Việt Nam xác lập chủ quyền và quản lí liên tục đối với quần đảo Hoàng Sa và quần đảo Trường Sa bằng biện pháp gì? answer: hoà bình,question: Việt Nam xác lập chủ quyền và quản lí liên tục đối với quần đảo Hoàng Sa và quần đảo Trường Sa bằng biện pháp gì? answer: hoà bình,0.834
201,RAG_Chunking,4,question: Những vụ vi phạm nhân quyền của chính quyền Iraq trước và sau khi xâm chiếm Kuwait được ghi chép như thế nào? answer: ghi chép rất nhiều,question: Những vụ vi phạm nhân quyền của chính quyền Iraq trước và sau khi xâm chiếm Kuwait được ghi chép như thế nào? answer: ghi chép rất nhiều,0.6508
201,RAG_Chunking,5,question: Tổ chức các công dân cho một nước Kuwait tự do được thành lập ở đâu? answer: Mỹ,question: Tổ chức các công dân cho một nước Kuwait tự do được thành lập ở đâu? answer: Mỹ,0.7767
201,RAG_Chunking,6,question: Ai là người đã làm chứng cho việc lôi những đứa trẻ ra khỏi lồng ấp trong các bệnh viện Kuwait? answer: một thành viên của Gia đình hoàng gia Kuwait sống tại Paris khi xảy ra chiến tranh,question: Ai là người đã làm chứng cho việc lôi những đứa trẻ ra khỏi lồng ấp trong các bệnh viện Kuwait? answer: một thành viên của Gia đình hoàng gia Kuwait sống tại Paris khi xảy ra chiến tranh,0.7253
201,RAG_Chunking,7,"question: Vì sao hoàng gia Kuwait không thể có mặt ở Iraq vào thời điểm xảy ra cái gọi là tội ác? answer: hoàng gia Kuwait sống tại Paris khi xảy ra chiến tranh, và vì thế không thể có mặt ở Iraq vào thời điểm xảy ra cái gọi là tội ác","question: Vì sao hoàng gia Kuwait không thể có mặt ở Iraq vào thời điểm xảy ra cái gọi là tội ác? answer: hoàng gia Kuwait sống tại Paris khi xảy ra chiến tranh, và vì thế không thể có mặt ở Iraq vào thời điểm xảy ra cái gọi là tội ác",0.7898
202,Chunking_Only,1,question: Ai là người lãnh đạo Quốc tế cộng sản Bohumír meral? answer: Bohumír meral,"question: Năm 1952, Choibalsan đã chết ở đâu? answer: Liên Xô",0.7373
202,RAG_Chunking,1,question: Vào khoảng thời gian nào thì Phùng Hưng cùng em trai khởi nghĩa? answer: khoảng những năm 766 - 780,question: Vào khoảng thời gian nào thì Phùng Hưng cùng em trai khởi nghĩa? answer: khoảng những năm 766 - 780,0.6802
202,RAG_Chunking,2,question: Trận đánh nào đã diễn ra vào cuối năm 1788? answer: hàng chục vạn quân Thanh tiến vào Đại Việt và bị quân Tây Sơn đánh tan trong trận Ngọc Hồi - Đống Đa (1789),question: Trận đánh nào đã diễn ra vào cuối năm 1788? answer: hàng chục vạn quân Thanh tiến vào Đại Việt và bị quân Tây Sơn đánh tan trong trận Ngọc Hồi - Đống Đa (1789),0.6359
202,RAG_Chunking,3,question: Lực lượng của Nguyễn Ánh từng bước chiếm lại Gia Định vào thời gian nào? answer: Năm 1802,question: Lực lượng của Nguyễn Ánh từng bước chiếm lại Gia Định vào thời gian nào? answer: Năm 1802,0.6354
202,RAG_Chunking,4,"question: Vì sao Nguyễn Ánh cầu viện vua Xiêm? answer: Sau nhiều lần bị Tây Sơn đánh bại, Nguyễn Ánh cầu viện vua Xiêm answer: Sau nhiều lần bị Tây Sơn đánh bại, Nguyễn Ánh cầu viện vua Xiêm answer: Sau nhiều lần bị Tây Sơn đánh bại, Nguyễn Ánh cầu viện vua Xiêm answer: Sau nhiều lần bị Tây Sơn đánh bại, Nguyễn Ánh cầu viện vua Xiêm answer: Sau nhiều lần bị Tây Sơn đánh bại, Nguyễn Ánh cầu viện vua Xiêm answer: Sau nhiều lần bị Tây Sơn đánh bại, Nguyễn Ánh cầu viện vua Xiêm","question: Vì sao Nguyễn Ánh cầu viện vua Xiêm? answer: Sau nhiều lần bị Tây Sơn đánh bại, Nguyễn Ánh cầu viện vua Xiêm",0.7998
202,RAG_Chunking,5,question: Vì sao Nga ngăn chặn người Buryat di cư sang Mông Cổ? answer: đề phòng tái thống nhất liên Mông Cổ,question: Vì sao Nga ngăn chặn người Buryat di cư sang Mông Cổ? answer: đề phòng tái thống nhất liên Mông Cổ,0.6133
202,RAG_Chunking,6,question: Những ai bị Nga hành quyết? answer: cựu chủ tịch và thủ tướng Peljidiin Genden và cựu thủ tướng Anandyn Amar,question: Những ai bị Nga hành quyết? answer: cựu chủ tịch và thủ tướng Peljidiin Genden và cựu thủ tướng Anandyn Amar,0.7294
202,RAG_Chunking,7,"question: Bohumír meral đã nói gì về nhân dân Mông Cổ? answer: Nhân dân Mông Cổ không quan trọng, đất mới quan trọng. Đất Mông Cổ lớn hơn Anh, Pháp và Đức","question: Bohumír meral đã nói gì về nhân dân Mông Cổ? answer: Nhân dân Mông Cổ không quan trọng, đất mới quan trọng. Đất Mông Cổ lớn hơn Anh, Pháp và Đức",0.6466
203,Chunking_Only,1,question: Nhiệm vụ của các thành viên UNSCOM là gì? answer: thường có những cuộc tiếp xúc với các cơ quan tình báo để cung cấp các thông tin về các địa điểm tàng trữ vũ khí,question: Các thành viên UNSCOM thường có những cuộc tiếp xúc với các cơ quan tình báo để làm gì? answer: cung cấp các thông tin về các địa điểm tàng trữ vũ khí,0.6864
203,Chunking_Only,2,question: Vì sao chính quyền Clinton lại cản trở các cuộc thanh sát? answer: vì họ không muốn đối đầu thực sự với Iraq,question: Vì sao chính quyền Clinton lại cản trở các cuộc thanh sát? answer: vì họ không muốn đối đầu thực sự với Iraq,0.6822
203,Chunking_Only,3,question: Iraq trở thành mục tiêu trong Cuộc chiến chống khủng bố của Hoa Kỳ vào năm nào? answer: Năm 2002,question: Iraq trở thành mục tiêu trong Cuộc chiến chống khủng bố của Hoa Kỳ vào năm nào? answer: Năm 2002,0.7599
203,RAG_Chunking,1,"question: Answer: Hoạt động đối ngoại chủ yếu trong kháng chiến chống Mỹ (1954-1975): - Đấu tranh yêu cầu thực hiện Hiệp định Genève. - Củng cố quan hệ với các nước xã hội chủ nghĩa. - Tăng cường đoàn kết ba nước Đông Dương. - Đàm phán, ký Hiệp định Paris (1973). - Mở rộng quan hệ ngoại giao, đẩy mạnh đối ngoại nhân dân","question: Hoạt động đối ngoại chủ yếu trong kháng chiến chống Mỹ là gì? answer: Đấu tranh yêu cầu thực hiện Hiệp định Genève. - Củng cố quan hệ với các nước xã hội chủ nghĩa. - Tăng cường đoàn kết ba nước Đông Dương. - Đàm phán, ký Hiệp định Paris (1973). - Mở rộng quan hệ ngoại giao, đẩy mạnh đối ngoại nhân dân",0.9207
203,RAG_Chunking,2,"question: Năm 2007, thành viên của 63 tổ chức quốc tế là bao nhiêu? answer: 63 tổ chức quốc tế","question: Năm 2007, thành viên của 63 tổ chức quốc tế là bao nhiêu? answer: 63 tổ chức quốc tế",0.6346
203,RAG_Chunking,3,question: Iraq trục xuất toàn bộ các thành viên người Mỹ bên trong phái đoàn thanh sát vũ khí vào năm nào? answer: Năm 1997,question: Iraq trục xuất toàn bộ các thành viên người Mỹ bên trong phái đoàn thanh sát vũ khí vào năm nào? answer: Năm 1997,0.7017
203,RAG_Chunking,4,question: Đội thanh sát vũ khí tiếp tục quay lại Iraq trong giai đoạn nào? answer: 1997 và 1999,question: Đội thanh sát vũ khí tiếp tục quay lại Iraq trong giai đoạn nào? answer: 1997 và 1999,0.7233
203,RAG_Chunking,5,question: Iraq trở thành mục tiêu trong Cuộc chiến chống khủng bố của Hoa Kỳ vào năm nào? answer: Năm 2002,question: Iraq trở thành mục tiêu trong Cuộc chiến chống khủng bố của Hoa Kỳ vào năm nào? answer: Năm 2002,0.7284
204,Chunking_Only,1,"question: Trong lúc Churchill xem Stalin là một bạo chúa thì Roosevelt đã có hành động gì? answer: tuyên bố tóm tắt lý lẽ quan hệ của ông đối với Stalin như sau: ""Tôi thì có một linh cảm rằng Stalin không phải láu cá khi ông cảnh báo về một mối thống trị tiềm năng độc tài của Stalin đối với châu Âu","question: Trong lúc Churchill xem Stalin là một bạo chúa thì Roosevelt đã có hành động gì? answer: tuyên bố tóm tắt lý lẽ quan hệ của ông đối với Stalin như sau: ""Tôi thì có một linh cảm rằng Stalin không phải láu cá khi ông cảnh báo về một mối thống trị tiềm năng độc tài của Stalin đối với châu Âu thì Roosevelt đáp lời bằng một lời tuyên bố tóm tắt lý lẽ quan hệ của ông đối với Stalin như sau: Tôi thì có một linh cảm rằng Stalin không phải láu cá khi ông cảnh báo về một mối thống trị tiềm năng độc tài của Stalin đối với",0.8576
204,Chunking_Only,2,"question: Roosevelt và Churchill đã nói với Stalin điều gì? answer: answer: Stalin không phải là hạng người như thế.... Tôi nghĩ rằng nếu tôi cho ông ta mọi thứ mà tôi có thể cho và không đòi hỏi ông ta cho lại cái gì, theo nghĩa vụ quý phái, ông ta sẽ không tìm cách thôn tính bất cứ mọi thứ và sẽ làm việc với tôi vì một thế giới dân chủ và hòa bình","question: Roosevelt và Churchill đã nói với Stalin điều gì? answer: Stalin không phải là hạng người như thế.... Tôi nghĩ rằng nếu tôi cho ông ta mọi thứ mà tôi có thể cho và không đòi hỏi ông ta cho lại cái gì, theo nghĩa vụ quý phái, ông ta sẽ không tìm cách thôn tính bất cứ mọi thứ và sẽ làm việc với tôi vì một thế giới dân chủ và hòa bình.""",0.9145
204,Chunking_Only,3,question: Các kế hoạch của Roosevelt nhằm mục đích gì? answer: thành lập một tổ chức quốc tế thời hậu chiến,question: Các kế hoạch của Roosevelt nhằm thành lập một tổ chức quốc tế thời hậu chiến là nhằm mục đích gì? answer: thành lập một tổ chức quốc tế thời hậu chiến,0.6541
204,Chunking_Only,4,question: kế hoạch của Roosevelt về việc thành lập Liên Hiệp Quốc là gì? answer: hứa tham chiến chống Nhật Bản 90 ngày sau khi Đức bị đánh bại,question: kế hoạch của Roosevelt về việc thành lập Liên Hiệp Quốc là gì? answer: thành lập Liên Hiệp Quốc và hứa tham chiến chống Nhật Bản 90 ngày sau khi Đức bị đánh bại,0.8489
204,RAG_Chunking,1,question: Sau sự kiện nào thì hệ thống xã hội chủ nghĩa ra đời? answer: Sau Chiến tranh thế giới thứ hai,question: Sau sự kiện nào thì hệ thống xã hội chủ nghĩa ra đời? answer: Sau Chiến tranh thế giới thứ hai,0.7326
204,RAG_Chunking,2,question: Nguyên nhân dẫn tới thắng lợi của Cách mạng Tháng Tám năm 1945 là gì? answer: Sự lãnh đạo đúng đắn của Đảng Cộng sản Đông Dương đứng đầu là Chủ tịch Hồ Chí Minh,question: Nguyên nhân dẫn tới thắng lợi của Cách mạng Tháng Tám năm 1945 là gì? answer: Sự lãnh đạo đúng đắn của Đảng Cộng sản Đông Dương đứng đầu là Chủ tịch Hồ Chí Minh,0.9307
204,RAG_Chunking,3,"question: Chủ tịch Hồ Chí Minh đã làm gì để khẳng định tính hợp pháp của nhà nước Việt Nam Dân chủ Cộng hòa? answer: gửi thư, công hàm khẳng định tính hợp pháp của nhà nước Việt Nam Dân chủ Cộng hòa","question: Chủ tịch Hồ Chí Minh đã làm gì để khẳng định tính hợp pháp của nhà nước Việt Nam Dân chủ Cộng hòa? answer: gửi thư, công hàm khẳng định tính hợp pháp của nhà nước Việt Nam Dân chủ Cộng hòa. - Chủ tịch Hồ Chí Minh gửi thư, công hàm khẳng định tính hợp pháp của nhà nước Việt Nam Dân chủ Cộng hòa. - Chủ tịch Hồ Chí Minh gửi thư, công hàm khẳng định tính hợp pháp của nhà nước Việt Nam Dân chủ Cộng hòa. - Chủ tịch Hồ Chí Minh gửi thư, công hàm khẳng định tính hợp pháp của nhà nước Việt Nam Dân chủ",0.6831
204,RAG_Chunking,4,question: Trong lúc Churchill xem Stalin là một bạo chúa thì Roosevelt đã có phản ứng như thế nào? answer: Roosevelt đáp lời bằng một lời tuyên bố tóm tắt lý lẽ quan hựu quan hựu quan hựu quan hựu quan hựu quan hựu quan hựu quan hựu quan hựu quan hựu quan hựu quan hựu quan hựu quan hựu quan hựu quan hựu quan hựu quan hựu quan hựu quan hựu quan hựu quan hựu quan hựu quan hựu quan hựu quan hựu quan hựu quan hựu quan hựu quan,question: Trong lúc Churchill xem Stalin là một bạo chúa thì Roosevelt đã có phản ứng như thế nào? answer: Churchill xem Stalin là một bạo chúa khi ông cảnh báo về một mối thống trị tiềm năng độc tài của Stalin đối với châu Âu thì Roosevelt đáp lời bằng một lời tuyên bố tóm tắt lý lẽ quan hựu quan hựu quan hựu quan hựu quan hựu quan hựu quan hựu quan hựu quan hựu quan hựu quan hựu quan hựu quan hựu quan hựu quan hựu quan hựu quan hựu quan hựu quan hựu quan hựu,0.8215
204,RAG_Chunking,5,"question: Roosevelt có linh cảm như thế nào về Stalin? answer: Stalin không phải là hạng người như thế.... Tôi nghĩ rằng nếu tôi cho ông ta mọi thứ mà tôi có thể cho và không đòi hỏi ông ta cho lại cái gì, theo nghĩa vụ quý phái, ông ta sẽ không tìm cách thôn tính bất cứ mọi thứ và sẽ làm việc với tôi vì một thế giới answer: Stalin không phải là hạng người như thế.... Tôi nghĩ rằng nếu tôi cho ông ta mọi thứ mà tôi có thể cho và không đòi hỏi ông ta cho lại cái gì, theo nghĩa vụ quý phái","question: Roosevelt có linh cảm như thế nào về Stalin? answer: Stalin không phải là hạng người như thế.... Tôi nghĩ rằng nếu tôi cho ông ta mọi thứ mà tôi có thể cho và không đòi hỏi ông ta cho lại cái gì, theo nghĩa vụ quý phái, ông ta sẽ không tìm cách thôn tính bất cứ mọi thứ và sẽ làm việc với tôi vì một thế giới",0.9527
204,RAG_Chunking,6,question: Các kế hoạch của Roosevelt nhằm mục đích gì? answer: thành lập một tổ chức quốc tế thời hậu chiến,question: Các kế hoạch của Roosevelt nhằm mục đích gì? answer: thành lập một tổ chức quốc tế thời hậu chiến,0.6841
204,RAG_Chunking,7,question: Vì sao Stalin cứ khăng khăng đòi vẽ lại các ranh giới của Ba Lan? answer: Vì sao Stalin cứ khăng khăng đòi vẽ lại các ranh giới của Ba Lan,question: Vì sao Stalin cứ khăng khăng đòi vẽ lại các ranh giới của Ba Lan? answer: Stalin ủng hộ kế hoạch của Roosevelt về việc thành lập Liên Hiệp Quốc và hứa tham chiến chống Nhật Bản 90 ngày sau khi Đức bị đánh bại,0.8905
205,Chunking_Only,1,"question: Phong cách kiến trúc yurt được Chultem phân biệt như thế nào? answer: Chultem phân biệt ba kiểu kiến trúc truyền thống Mông Cổ: Mông Cổ, Tây Tạng và Trung Quốc và kiểu kết hợp","question: Phong cách kiến trúc yurt được Chultem phân biệt như thế nào? answer: Chultem phân biệt ba kiểu kiến trúc truyền thống Mông Cổ: Mông Cổ, Tây Tạng và Trung Quốc và kiểu kết hợp",0.7873
205,Chunking_Only,2,question: Đền bậc hai Tsogchin tại lama Gandan ở Ulan Bator là một ví dụ về điều gì? answer: là một sự tổng hợp truyền thống Mông Cổ và Trung Quốc,question: Đền bậc hai Tsogchin tại lama Gandan ở Ulan Bator là một ví dụ về điều gì? answer: là một sự tổng hợp truyền thống Mông Cổ và Trung Quốc,0.7781
205,Chunking_Only,3,question: Tu viện Dashi-Choiling đã làm gì? answer: bắt đầu motọ dự án xây dựng lại đền và 80 ft điêu khắc Maitreya,question: Tu viện Dashi-Choiling đã làm gì? answer: bắt đầu motọ dự án xây dựng lại đền và 80 ft điêu khắc Maitreya,0.8672
205,RAG_Chunking,1,"question: Những ngôi chùa nổi tiếng nào được xây dựng ở nhiều nơi? answer: chùa Một Cột, Sùng Thiện Diên Linh, chùa Trấn Quốc, chùa Phật Tích, chùa Thiên Mụ","question: Những ngôi chùa nổi tiếng nào được xây dựng ở nhiều nơi? answer: chùa Một Cột, Sùng Thiện Diên Linh, chùa Trấn Quốc, chùa Phật Tích, chùa Thiên Mụ",0.8088
205,RAG_Chunking,2,"question: Những công trình kiến trúc nổi tiếng của Ấn Độ là những công trình nào? answer: chùa Một Cột, Sùng Thiện Diên Linh, chùa Trấn Quốc, chùa Phật Tích, chùa Thiên Mụ","question: Những công trình kiến trúc nổi tiếng của Ấn Độ là những công trình nào? answer: chùa Một Cột, Sùng Thiện Diên Linh, chùa Trấn Quốc, chùa Phật Tích, chùa Thiên Mụ",0.7494
205,RAG_Chunking,3,"question: Những công trình kiến trúc nào tiêu biểu cho nghệ thuật thời trung đại? answer: lăng Ta-giơ Ma-han, Pháo đài Đỏ (La Ki-la), đền Kha-giu-ra-hô...","question: Những công trình kiến trúc nào tiêu biểu cho nghệ thuật thời trung đại? answer: lăng Ta-giơ Ma-han, Pháo đài Đỏ (La Ki-la), đền Kha-giu-ra-hô... [Dân cư] Cư dân Phù Nam có tư duy thẩm mĩ phát triển ở trình độ khá",0.7765
205,RAG_Chunking,4,"question: Ba vị thần được thờ phổ biến ở Phù Nam là? answer: Bra-ma, Vit-xnu, Si-va","question: Ba vị thần được thờ phổ biến ở Phù Nam là gì? answer: Bra-ma, Vit-xnu, Si-va",0.7158
205,RAG_Chunking,5,"question: Phong cách kiến trúc yurt được Chultem phân biệt như thế nào? answer: phân biệt ba kiểu kiến trúc truyền thống Mông Cổ: Mông Cổ, Tây Tạng và Trung Quốc và kiểu kết hợp","question: Phong cách kiến trúc yurt được Chultem phân biệt như thế nào? answer: phân biệt ba kiểu kiến trúc truyền thống Mông Cổ: Mông Cổ, Tây Tạng và Trung Quốc và kiểu kết hợp",0.7795
205,RAG_Chunking,6,question: Một ví dụ về kiến trúc Tây Tạng-Mô answer: Đền bậc hai Tsogchin tại lama Gandan ở Ulan Bator là một sự tổng hợp truyền thống Mông Cổ và Trung Quốc,question: Đền bậc hai Tsogchin tại lama Gandan ở Ulan Bator là một ví dụ về điều gì? answer: là một sự tổng hợp truyền thống Mông Cổ và Trung Quốc,0.7795
205,RAG_Chunking,7,question: Tu viện Dashi-Choiling đã làm gì vào năm 1938? answer: bắt đầu motọ dự án xây dựng lại đền và 80 ft điêu khắc Maitreya,question: Tu viện Dashi-Choiling đã làm gì vào năm 1938? answer: bắt đầu motọ dự án xây dựng lại đền và 80 ft điêu khắc Maitreya,0.7398
206,Chunking_Only,1,"question: Theo điều tra năm 2009, 97,3% dân số từ 15 tuổi trở lên có trình độ tiếng Pháp như thế nào? answer: 97,3% dân số từ 15 tuổi trở lên tường trình rằng h answer: hên độ thông thạo khác biệt đáng kể trong toàn thể dân số, chủ yếu là do thiếu tiếp cận phổ thông đối với giáo dục công lập trước năm 1953, song cũng là do nhập cư và đa dạng dân tộc","question: Theo điều tra năm 2009, 97,3% dân số từ 15 tuổi trở lên có trình độ tiếng Pháp như thế nào? answer: 97,3% dân số từ 15 tuổi trở lên tường trình rằng hên độ thông thạo khác biệt đáng kể trong toàn thể dân số, chủ yếu là do thiếu tiếp cận phổ thông đối với giáo dục công lập trước năm 1953, song cũng là do nhập cư và đa dạng dân tộc",0.8789
206,Chunking_Only,2,"question: Theo điều tra năm 2009, có bao nhiêu phần trăm dân số từ 15 tuổi trở lên tường trình rằng họ có thể nói, đọc và viết tiếng Pháp? answer: 97,3% dân số từ 15 tuổi trở lên tường trình rằng họ có thể nói, đọc và viết tiếng Pháp, trong khi chỉ 1,1% tường trình rằng họ không có kiến thức về tiếng Pháp","question: Theo điều tra năm 2009, có bao nhiêu phần trăm dân số từ 15 tuổi trở lên tường trình rằng họ có thể nói, đọc và viết tiếng Pháp? answer: 97,3% dân số từ 15 tuổi trở lên tường trình rằng họ có thể nói, đọc và viết tiếng Pháp, trong khi chỉ 1,1% tường trình rằng họ không có kiến thức về tiếng Pháp",0.8421
206,RAG_Chunking,1,"question: Những người cực khổ nhất trong xã hội là những người như thế nào? answer: không có ruộng đất, bị nhiều tầng lớp áp bức bóc lột","question: Những người cực khổ nhất trong xã hội là những người như thế nào? answer: không có ruộng đất, bị nhiều tầng lớp áp bức bóc lột",0.7196
206,RAG_Chunking,2,question: Nhà nước đã có những chính sách gì để khuyến khích nhân dân học tập? answer: Nhà nước tăng cường khuyến khích nhân dân học tập,question: Nhà nước đã có những chính sách gì để khuyến khích nhân dân học tập? answer: Nhà nước tăng cường khuyến khích nhân dân học tập,0.6077
206,RAG_Chunking,3,question: Những bài học lịch sử của các cuộc kháng chiến bảo vệ Tổ quốc từ năm 1945 đến nay là gì? answer: Những bài học lịch sử của các cuộc kháng chiến bảo vệ Tổ quốc từ năm 1945 đến nay là gì? answer: Những bài học lịch sử của các cuộc kháng chiến bảo vệ Tổ quốc từ năm 1945 đến nay là gì? answer: Những bài học lịch sử của các cuộc kháng chiến bảo vệ Tổ quốc từ năm 1945 đến nay là gì? answer: Những bài học lịch sử của các,question: Những bài học lịch sử của các cuộc kháng chiến bảo vệ Tổ quốc từ năm 1945 đến nay là gì? answer: 52 - Bài 10: Khái quá trình đấu tranh bảo vệ Tổ quốc từ sau tháng 4 năm 1975 đến nay,0.8185
206,RAG_Chunking,4,question: Bài học lịch sử của các cuộc kháng chiến bảo vệ Tổ quốc từ năm 1945 đến nay là gì? answer: từ năm 1945 đến nay,question: Bài học lịch sử của các cuộc kháng chiến bảo vệ Tổ quốc từ năm 1945 đến nay là gì? answer: từ năm 1945 đến nay,0.747
206,RAG_Chunking,5,"question: Tiếng Pháp bắt đầu được truyền bá khi nào? answer: khi các khu định cư của người Pháp hình thành, và tiếng Pháp nay còn thâm chí được nói trong các làng hẻo lánh nhất","question: Tiếng Pháp bắt đầu được truyền bá khi nào? answer: khi các khu định cư của người Pháp hình thành, và tiếng Pháp nay còn thâm chí được nói trong các làng hẻo lánh nhất",0.7928
206,RAG_Chunking,6,"question: Theo điều tra năm 2009, có bao nhiêu phần trăm dân số từ 15 tuổi trở lên tường trình rằng họ có thể nói, đọc và viết tiếng Pháp? answer: 97,3% dân số từ 15 tuổi trở lên tường trình rằng họ có thể nói, đọc và viết tiếng Pháp, trong khi chỉ 1,1% tường trình rằng họ không có kiến thức về tiếng Pháp","question: Theo điều tra năm 2009, có bao nhiêu phần trăm dân số từ 15 tuổi trở lên tường trình rằng họ có thể nói, đọc và viết tiếng Pháp? answer: 97,3% dân số từ 15 tuổi trở lên tường trình rằng họ có thể nói, đọc và viết tiếng Pháp, trong khi chỉ 1,1% tường trình rằng họ không có kiến thức về tiếng Pháp",0.8085
207,Chunking_Only,1,question: Lễ hội Fédération được tổ chức ở đâu? answer: Champ-de-Mars,question: Lễ hội Fédération được tổ chức ở đâu? answer: Champ-de-Mars,0.6302
207,Chunking_Only,2,question: Sự kiện gì đã diễn ra vào ngày 10 tháng 8 năm 1792? answer: đám đông vây hãm cung điện Tuileries với sự ủng hộ của chính quyền thành phố mới,question: Sự kiện gì đã diễn ra vào ngày 10 tháng 8 năm 1792? answer: đám đông vây hãm cung điện Tuileries với sự ủng hộ của chính quyền thành phố mới,0.8078
207,Chunking_Only,3,question: Sự kiện gì đã diễn ra vào ngày 21 tháng 1? answer: tại quảng trường Louis XV - được đặt tên lại là quảng trường Cách mạng - Louis XVI bị hành quyết bởi tội danh âm mưu chống lại tự do nhân dân và an ninh chung,question: Sự kiện gì đã diễn ra vào ngày 21 tháng 1? answer: tại quảng trường Louis XV - được đặt tên lại là quảng trường Cách mạng - Louis XVI bị hành quyết bởi tội danh âm mưu chống lại tự do nhân dân và an ninh chung,0.86
207,Chunking_Only,4,"question: Ai bị kết tội phản cách mạng? answer: nette, Danton, Lavoisier và Robespierre cùng khoảng 1200 người khác","question: Ai bị kết tội phản cách mạng? answer: nette, Danton, Lavoisier và Robespierre cùng khoảng 1200 người khác",0.7867
207,RAG_Chunking,1,question: Vào khoảng thời gian nào thì Phùng Hưng cùng em trai khởi nghĩa? answer: khoảng những năm 766 - 780,question: Vào khoảng thời gian nào thì Phùng Hưng cùng em trai khởi nghĩa? answer: khoảng những năm 766 - 780,0.6802
207,RAG_Chunking,2,question: Kết quả của cuộc kháng chiến chống thực dân Pháp là gì? answer: mở đầu cuộc chiến tranh xâm lược lần thứ hai,"question: Kết quả của cuộc kháng chiến chống thực dân Pháp là gì? answer: mở đầu cuộc chiến tranh xâm lược lần thứ hai. - Ngày 23-9-1945, Pháp đánh úp Sài Gòn, mở đầu cuộc chiến tranh xâm lược lần thứ hai. - Quân dân Nam Bộ chiến đấu anh dũng, giáng đòn đầu tiên vào kế hoạch ""đánh úp Sài Gòn, mở đầu cuộc chiến tranh xâm lược lần thứ hai. - Quân dân Nam Bộ chiến đấu anh dũng, giáng đòn đầu tiên vào kế hoạch ""đánh úp Sài Gòn, mở đầu cuộc chiến tranh xâm lược",0.821
207,RAG_Chunking,3,"question: Quân đội Nam Bộ đã chiến đấu như thế nào? answer: chiến đấu anh dũng, giáng đòn đầu tiên vào kế hoạch ""đánh nhanh thắng nhanh"" của Pháp","question: Quân đội Nam Bộ đã chiến đấu như thế nào? answer: chiến đấu anh dũng, giáng đòn đầu tiên vào kế hoạch ""đánh nhanh thắng nhanh"" của Pháp. - Quân dân Nam Bộ chiến đấu anh dũng, giáng đòn đầu tiên vào kế hoạch ""đánh nhanh thắng nhanh"" của Pháp. - Quân dân Nam Bộ chiến đấu anh dũng, giáng đòn đầu tiên vào kế hoạch ""đánh nhanh thắng nhanh"" của Pháp. - Quân dân Nam Bộ chiến đấu anh dũng, giáng đòn đầu tiên vào kế hoạch ""đánh nhanh thắng nhanh"" của Pháp",0.7529
207,RAG_Chunking,4,question: Ngày 14 tháng 7 năm 1790 diễn ra lễ hội gì? answer: lễ hội Fédération được tổ chức ở Champ-de-Mars mừng một năm ngày phá ngục Bastille,question: Ngày 14 tháng 7 năm 1790 đã diễn ra lễ hội gì? answer: lễ hội Fédération được tổ chức ở Champ-de-Mars mừng một năm ngày phá ngục Bastille,0.6892
207,RAG_Chunking,5,question: Những người cách mạng đã chiếm Tòa thị chính thành phố vào thời gian nào? answer: Đêm 9 tháng 7 năm 1792,question: Những người cách mạng đã chiếm Tòa thị chính thành phố vào thời gian nào? answer: Đêm 9 tháng 7 năm 1792,0.6206
207,RAG_Chunking,6,question: Sự kiện gì đã diễn ra vào ngày 10 tháng 8 năm 1792? answer: đám đông vây hãm cung điện Tuileries với sự ủng hộ của chính quyền thành phố mới,question: Sự kiện gì đã diễn ra vào ngày 10 tháng 8 năm 1792? answer: đám đông vây hãm cung điện Tuileries với sự ủng hộ của chính quyền thành phố mới,0.8094
207,RAG_Chunking,7,"question: Ai bị kết tội phản cách mạng? answer: Marie-Antoinette, Danton, Lavoisier và Robespierre","question: Ai bị kết tội phản cách mạng? answer: Marie-Antoinette, Danton, Lavoisier và Robespierre",0.6592
208,Chunking_Only,1,"question: Những du khách tới Paris và mang về các bộ quần áo rồi lại được những nhà may địa phương bắt chước? answer: Tới khi đường sắt và tàu thủy hơi nước giúp đi lại ở châu Âu được dễ dàng hơn, những phụ nữ giàu có đã tìm tới Paris để mua sắm quần áo","question: Những du khách tới Paris và mang về các bộ quần áo rồi lại được những nhà may địa phương bắt chước? answer: Tới khi đường sắt và tàu thủy hơi nước giúp đi lại ở châu Âu được dễ dàng hơn, những phụ nữ giàu có đã tìm tới Paris để mua sắm quần áo. Tới khi đường sắt và tàu thủy hơi nước giúp đi lại ở châu Âu được dễ dàng hơn, những phụ nữ giàu có đã tìm tới Paris để mua sắm quần áo",0.8032
208,Chunking_Only,2,question: Những phụ nữ giàu có đã tìm đến Paris để làm gì? answer: mua sắm quần áo,question: Những phụ nữ giàu có đã tìm đến Paris để làm gì? answer: mua sắm quần áo,0.7996
208,RAG_Chunking,1,"question: Nền văn minh thời Phục Hưng là nền văn minh như thế nào? answer: tinh thần nhân văn và tiến bộ trong tư tưởng và văn học, là sự sáng tạo và phát minh trong khoa học với những ý tưởng đi trước thời đại, là chủ nghĩa hiện thực trong nghệ thuật","question: Nền văn minh thời Phục Hưng là nền văn minh như thế nào? answer: tinh thần nhân văn và tiến bộ trong tư tưởng và văn học, là sự sáng tạo và phát minh trong khoa học với những ý tưởng đi trước thời đại, là chủ nghĩa hiện thực trong nghệ thuật",0.6739
208,RAG_Chunking,2,question: Các nước tư bản đã tiến hành cách mạng công nghiệp vào thời gian nào? answer: cuối thế kỉ XVIII đầu thế kỉ XIX,question: Các nước tư bản đã tiến hành cách mạng công nghiệp vào thời gian nào? answer: cuối thế kỉ XVIII  đầu thế kỉ XIX,0.8077
208,RAG_Chunking,3,"question: Từ thế kỷ 18, nước Pháp có những thay đổi như thế nào? answer: nước Pháp có thể xem như đã đi đầu châu Âu về thờ cúng","question: Từ thế kỷ 18, nước Pháp đã có những thay đổi như thế nào? answer: nước Pháp có thể xem như đã đi đầu châu Âu về thờ cúng",0.6799
208,RAG_Chunking,4,"question: Sự tiến bộ của khoa học  kĩ thuật của nước Pháp từ thế kỷ 18 là gì? answer: nước Pháp có thể xem như đã đi đầu châu Âu về thời trang khi nghệ thuật, kiến trúc, âm nhạc và các ăn mặc của triều đình Pháp tại Versailles ảnh hưởng tới khắp châu Âu","question: Sự tiến bộ của khoa học  kĩ thuật của nước Pháp từ thế kỷ 18 là gì? answer: nước Pháp có thể xem như đã đi đầu châu Âu về thời trang khi nghệ thuật, kiến trúc, âm nhạc và các ăn mặc của triều đình Pháp tại Versailles ảnh hưởng tới khắp châu Âu",0.8561
208,RAG_Chunking,5,question: Tại sao những phụ nữ giàu có lại tìm đến Paris để mua sắm quần áo? answer: Những thợ may Pháp được xem như hàng đầu và cách ăn mặc của người Paris gây ảnh hưởng tới các nơi khác,question: Tại sao những phụ nữ giàu có lại tìm đến Paris để mua sắm quần áo? answer: Những thợ may Pháp được xem như hàng đầu và cách ăn mặc của người Paris gây ảnh hưởng tới các nơi khác,0.8758
209,Chunking_Only,1,"question: Năm 2007, thu nhập bình quân của Puerto Rico là bao nhiêu? answer: 19.600 USD","question: Năm 2007, thu nhập bình quân của Puerto Rico là bao nhiêu? answer: 19.600 USD",0.7844
209,Chunking_Only,2,"question: Năm 1998, chỉ số Phát triển Con người của Puerto Rico đạt bao nhiêu điểm? answer: 0,942 điểm","question: Năm 1998, chỉ số Phát triển Con người của Puerto Rico đạt bao nhiêu điểm? answer: 0,942 điểm",0.6218
209,RAG_Chunking,1,question: Khu vực Nam Âu có những bán đảo nào? answer: bán đảo Ban-căng và bán đảo I-ta-li-a,question: Khu vực Nam Âu có những bán đảo nào? answer: bán đảo Ban-căng và bán đảo I-ta-li-a,0.7339
209,RAG_Chunking,2,"question: Tình trạng nào đã diễn ra ở nhiều nơi? answer: nạn cường hào lộng hành và quan lại tham ô, nhũng nhiễu ngày càng nhức nhối, tình trạng coi thường pháp luật trở nên phổ biến","question: Tình trạng nào đã diễn ra ở nhiều nơi? answer: nạn cường hào lộng hành và quan lại tham ô, nhũng nhiễu ngày càng nhức nhối, tình trạng coi thường pháp luật trở nên phổ biến",0.7671
209,RAG_Chunking,3,"question: Năm 2007, thu nhập bình quân của Puerto Rico là bao nhiêu? answer: 19.600 USD","question: Năm 2007, thu nhập bình quân của Puerto Rico là bao nhiêu? answer: 19.600 USD",0.8318
209,RAG_Chunking,4,"question: Chỉ số Phát triển Con người của Puerto Rico đạt bao nhiêu điểm? answer: 0,942 điểm","question: Chỉ số Phát triển Con người của Puerto Rico đạt bao nhiêu điểm? answer: 0,942 điểm",0.6888
210,Chunking_Only,1,question: Những trận chiến xe tăng nổ ra khi nào? answer: khi Vệ binh cộng hòa tìm cách rút lui,question: Những trận chiến xe tăng nổ ra khi nào? answer: Vệ binh cộng hòa tìm cách rút lui,0.6449
210,RAG_Chunking,1,question: Kết quả của cuộc kháng chiến chống thực dân Pháp lần thứ hai là gì? answer: mở đầu cuộc chiến tranh xâm lược lần thứ hai,question: Kết quả của cuộc kháng chiến chống thực dân Pháp lần thứ hai là gì? answer: mở đầu cuộc chiến tranh xâm lược lần thứ hai,0.7529
210,RAG_Chunking,2,"question: Từ đêm 30 Tết Nguyên đán Kỷ Dậu (1789), quân Tây Sơn lần lượt tiêu diệt các đồn luỹ của quân Thanh ở phía nam Thăng Long như thế nào? answer: quân Tây Sơn lần lượt tiêu diệt các đồn luỹ của quân Thanh đóng ở phía nam Thăng Long","question: Từ đêm 30 Tết Nguyên đán Kỷ Dậu (1789), quân Tây Sơn lần lượt tiêu diệt các đồn luỹ của quân Thanh ở phía nam Thăng Long như thế nào? answer: quân Tây Sơn lần lượt tiêu diệt các đồn luỹ của quân Thanh đóng ở phía nam Thăng Long",0.7812
210,RAG_Chunking,3,"question: Quân đoàn VII Hoa Kỳ tấn công Iraq vào thời gian nào? answer: Cùng thời gian này, đạo quân của Đô đốc Long tấn công và hạ đồn Đống Đa","question: Quân đoàn VII Hoa Kỳ tấn công Iraq vào thời gian nào? answer: Cùng thời gian này, đạo quân của Đô đốc Long tấn công và hạ đồn Đống Đa",0.6667
210,RAG_Chunking,4,"question: Sư đoàn bọc thép hạng nhẹ số 6 của Pháp được bảo vệ như thế nào? answer: được Sư đoàn bọc thép hạng nhẹ số 6 của Pháp bảo vệ (gồm cả các đơn vị của Tiểu đoàn Lê dương Pháp), và sườn phải bởi Sư đoàn thiết giáp số 1 Hoàng gia Anh","question: Sư đoàn bọc thép hạng nhẹ số 6 của Pháp được bảo vệ như thế nào? answer: được Sư đoàn bọc thép hạng nhẹ số 6 của Pháp bảo vệ (gồm cả các đơn vị của Tiểu đoàn Lê dương Pháp), và sườn phải bởi Sư đoàn thiết giáp số 1 Hoàng gia Anh",0.6934
210,RAG_Chunking,5,question: Những trận chiến xe tăng xảy ra khi nào? answer: khi Vệ binh cộng hòa tìm cách rút lui,question: Những trận chiến xe tăng xảy ra khi nào? answer: khi Vệ binh cộng hòa tìm cách rút lui,0.6998
211,Chunking_Only,1,question: Thành phố nào trở thành thủ đô của Pháp vào thế kỷ 1? answer: Paris,question: Thành phố nào trở thành thủ đô của Pháp vào thế kỷ 1? answer: Paris,0.7728
211,Chunking_Only,2,question: Thành phố nào trở thành thủ đô của Đệ nhất đế chế thời Napoléon Bonaparte? answer: thủ đô của Đệ nhất đế chế thời Napoléon Bonaparte,question: Thành phố nào trở thành thủ đô của Đệ nhất đế chế thời Napoléon Bonaparte? answer: thủ đô của Đệ nhất đế chế thời Napoléon Bonaparte,0.6615
211,Chunking_Only,3,"question: Sau hai cuộc chiến tranh thế giới, Paris đã có những thay đổi như thế nào? answer: Paris ít bị hủy hoại và tiếp tục phát triển mạnh mẽ trong giai đoạn hậu chiến","question: Sau hai cuộc chiến tranh thế giới, Paris đã có những thay đổi như thế nào? answer: Paris ít bị hủy hoại và tiếp tục phát triển mạnh mẽ trong giai đoạn hậu chiến",0.7666
211,RAG_Chunking,1,question: Ngày 14-7-1789 diễn ra sự kiện gì? answer: hàng nghìn người dân Pa-ri đã nổi dậy đánh chiếm ngục Ba-xti từ tay quân lính của triều đình,question: Ngày 14-7-1789 là ngày diễn ra sự kiện gì? answer: hàng nghìn người dân Pa-ri đã nổi dậy đánh chiếm ngục Ba-xti từ tay quân lính của triều đình,0.6827
211,RAG_Chunking,2,question: Các nước tư bản đã tiến hành cách mạng công nghiệp vào thời gian nào? answer: cuối thế kỉ XVIII đầu thế kỉ XIX,question: Các nước tư bản đã tiến hành cách mạng công nghiệp vào thời gian nào? answer: cuối thế kỉ XVIII  đầu thế kỉ XIX,0.7834
211,RAG_Chunking,3,"question: Bối cảnh lịch sử của Paris là gì? answer: Thời hậu kì trung đại, đặc biệt là với sự phát triển của các thành thị và tác động của các cuộc phát kiến địa lí, kinh tế Tây Âu có nhiều thay đổi","question: Bối cảnh lịch sử của Paris là gì? answer: Thời hậu kì trung đại, đặc biệt là với sự phát triển của các thành thị và tác động của các cuộc phát kiến địa lí, kinh tế Tây Âu có nhiều thay đổi. Quan hệ sản xuất tư bản chủ nghĩa hình thành cùng với sự phát triển kinh tế công thương nghiệp, sự tiến bộ của khoa học  kĩ thuật",0.8701
211,RAG_Chunking,4,"question: Từ một thành trì của người Parisii thuộc bộ tộc Gaulois, nơi đây trở thành một thành phố La Mã vào thế kỷ mấy? answer: thế kỷ thứ mấy? answer: một thành phố La Mã vào thế kỷ 1","question: Từ một thành trì của người Parisii thuộc bộ tộc Gaulois, nơi đây trở thành một thành phố La Mã vào thế kỷ thứ mấy? answer: thế kỷ 1",0.6656
211,RAG_Chunking,5,question: Thành phố nào trở thành trung tâm văn hóa của cả châu Âu? answer: Paris,question: Thành phố nào trở thành trung tâm văn hóa của cả châu Âu? answer: Paris,0.643
211,RAG_Chunking,6,"question: Sau hai cuộc chiến tranh thế giới, Paris đã có những thay đổi như thế nào? answer: Paris ít bị hủy hoại và tiếp tục phát triển mạnh mẽ trong giai đoạn hậu chiến","question: Sau hai cuộc chiến tranh thế giới, Paris đã có những thay đổi như thế nào? answer: Paris ít bị hủy hoại và tiếp tục phát triển mạnh mẽ trong giai đoạn hậu chiến",0.6651
212,Chunking_Only,1,question: Hiệp định Matignon được ký kết vào ngày nào? answer: ngày 26 tháng 6 năm 1988,question: Hiệp định Matignon được ký kết vào ngày nào? answer: ngày 26 tháng 6 năm 1988,0.7107
212,RAG_Chunking,1,question: Vào khoảng thời gian nào thì nước Âu Lạc ra đời? answer: khoảng năm 208 TCN,question: Vào khoảng thời gian nào thì nước Âu Lạc ra đời? answer: khoảng năm 208 TCN,0.6474
212,RAG_Chunking,2,"question: Những năm 30 của thế kỉ XVII, xã hội Đại Việt từng bước lâm vào khủng hoảng như thế nào? answer: xã hội Đại Việt từng bước lâm vào khủng hoảng như thế nào? answer: Những năm 30 của thế kỉ XVII, xã hội Đại Việt từng bước lâm vào khủng hoảng như thế nào? answer: xã hội Đại Việt từng bước lâm vào khủng hoảng như thế nào? answer: xã hội Đại Việt từng bước lâm vào khủng hoảng như thế nào? answer: xã hội Đại Việt từng bước lâm vào khủng hoảng như thế nào? an","question: Những năm 30 của thế kỉ XVII, xã hội Đại Việt từng bước lâm vào khủng hoảng như thế nào? answer: xã hội Đại Việt từng bước lâm vào khủng hoảng",0.8185
212,RAG_Chunking,3,"question: Điều kiện thuận lợi để xây dựng và phát triển nền văn hóa Đại Việt là gì? answer: nền độc lập, tự chủ quốc gia tiếp tục được củng cố vững chắc","question: Điều kiện thuận lợi để xây dựng và phát triển nền văn hóa Đại Việt là gì? answer: nền độc lập, tự chủ quốc gia tiếp tục được củng cố vững chắc",0.7355
212,RAG_Chunking,4,question: Hiệp định Matignon được ký kết vào ngày nào? answer: ngày 26 tháng 6 năm 1988,question: Hiệp định Matignon được ký kết vào ngày nào? answer: ngày 26 tháng 6 năm 1988,0.7023
213,Chunking_Only,1,question: Những nhà điều hành điện thoại di động và ISP lớn nhất Mông Cổ là ai? answer: Mobicom Corporation và Magicnet,question: Những nhà điều hành điện thoại di động và ISP lớn nhất Mông Cổ là ai? answer: Mobicom Corporation và Magicnet,0.8465
213,RAG_Chunking,1,question: Sự ra đời của máy tính điện tử đã dẫn đến điều gì? answer: tự động hoá trong quá trình sản xuất,question: Sự ra đời của máy tính điện tử đã dẫn đến điều gì? answer: tự động hoá trong quá trình sản xuất,0.828
213,RAG_Chunking,2,"question: Công nghệ thông tin là gì? answer: một nhánh ngành kĩ thuật máy tính và phần mềm để chuyển đổi, lưu giữ, bảo vệ, xử lí, truyền tải và thu thập thông tin","question: Công nghệ thông tin là gì? answer: một nhánh ngành kĩ thuật máy tính và phần mềm để chuyển đổi, lưu giữ, bảo vệ, xử lí, truyền tải và thu thập thông tin",0.728
213,RAG_Chunking,3,question: Mobicom Corporation và Magicnet là những công ty như thế nào? answer: đây là những nhà điều hành điện thoại di động và ISP lớn nhất ở Mông Cổ,question: Mobicom Corporation và Magicnet là những công ty như thế nào? answer: đây là những nhà điều hành điện thoại di động và ISP lớn nhất ở Mông Cổ,0.8088
214,Chunking_Only,1,question: Đặc điểm khí hậu của New Calesdonia là gì? answer: ôn hoà cao độ nhờ ảnh hưởng từ đại dương và gió mậu dịch làm giảm độ ẩm vốn có thể lên đến gần 80%,"question: Nhiệt độ trung bình năm ở New Calesdonia là bao nhiêu? answer: 23 C, các cực độ về nhiệt độ là 2,3 C và 39,1 C",0.7721
214,Chunking_Only,2,"question: Nhiệt độ trung bình năm ở Galarino là bao nhiêu? answer: 23 C, các cực độ về nhiệt độ là 2,3 C và 39,1 C","question: Nhiệt độ trung bình năm ở Galarino là bao nhiêu? answer: 23 C, các cực độ về nhiệt độ là 2,3 C và 39,1 C",0.6643
214,RAG_Chunking,1,"question: Những yếu tố nào thuận lợi để cư dân trồng trọt, chăn nuôi, bảo đảm nguồn thức ăn đa dạng? answer: Nguồn tài nguyên khoáng sản phong phú (sắt, đồng, chì, thiếc..) là cơ sở để cư dân chế tác các loại hình công cụ lao động trong sản xuất và đồ dùng trong answer: Nguồn tài nguyên khoáng sản phong phú (sắt, đồng, chì, thiếc..) là cơ sở để cư dân chế tác các loại hình công cụ lao động trong sản xuất và đồ dùng trong answer: Nguồn tài nguyên khoáng sản phong phú (","question: Những yếu tố nào thuận lợi để cư dân trồng trọt, chăn nuôi, bảo đảm nguồn thức ăn đa dạng? answer: Lượng ánh sáng Mặt Trời lớn và lượng mưa nhiều",0.7808
214,RAG_Chunking,2,question: Việc tính lịch và quan sát thiên văn có ý nghĩa như thế nào đối với cư dân Hy Lạp và La Mã cổ đại? answer: vừa là cơ sở để cư dân chế tác các loại hình công cụ lao động trong sản xuất và đồ dùng trong sinh hoạt hằng ngày,question: Việc tính lịch và quan sát thiên văn có ý nghĩa như thế nào đối với cư dân Hy Lạp và La Mã cổ đại? answer: vừa là cơ sở để cư dân chế tác các loại hình công cụ lao động trong sản xuất và đồ dùng trong sinh hoạt hằng ngày,0.8199
214,RAG_Chunking,3,"question: Answer: vừa có ý nghĩa đối với cuộc sống đương thời, vừa là cơ sở cho cách tính lịch (Dương lịch) sau này","question: Việc tính lịch và quan sát thiên văn có ý nghĩa như thế nào đối với cuộc sống đương thời? answer: vừa có ý nghĩa đối với cuộc sống đương thời, vừa là cơ sở cho cách tính lịch (Dương lịch) sau này",0.6399
214,RAG_Chunking,4,"question: Vì sao cư dân Phù Nam sớm có điều kiện giao lưu với nền văn minh của nhiều quốc gia khác? answer: Vị trí địa lí tiếp giáp biển, có nhiều nơi thuận lợi cho việc tránh bão, neo đậu thuyền bè của các thương nhân","question: Vì sao cư dân Phù Nam sớm có điều kiện giao lưu với nền văn minh của nhiều quốc gia khác? answer: Vị trí địa lí tiếp giáp biển, có nhiều nơi thuận lợi cho việc tránh bão, neo đậu thuyền bè của các thương nhân",0.7364
214,RAG_Chunking,5,question: Đặc điểm khí hậu của New Calesdonia là gì? answer: ôn hoà cao độ nhờ ảnh hưởng từ đại dương và gió mậu dịch làm giảm độ ẩm vốn có thể lên đến gần 80%,"question: Nhiệt độ trung bình năm ở New Calesdonia là bao nhiêu? answer: 23 C, các cực độ về nhiệt độ là 2,3 C và 39,1 C",0.7876
214,RAG_Chunking,6,"question: Nhiệt độ trung bình năm ở Galarino là bao nhiêu? answer: 23 C, các cực độ về nhiệt độ là 2,3 C và 39,1 C","question: Nhiệt độ trung bình năm ở Galarino là bao nhiêu? answer: 23 C, các cực độ về nhiệt độ là 2,3 C và 39,1 C",0.6659
214,RAG_Chunking,7,question: Áp thấp nhiệt đới có khả năng gây ra gió giật bao nhiêu km/h? answer: giật 250 km/h và mưa rất lớn,question: Áp thấp nhiệt đới có khả năng gây ra gió giật bao nhiêu km/h? answer: giật 250 km/h và mưa rất lớn,0.7593
215,Chunking_Only,1,"question: Tỷ lệ sống bình quân của gà sao là bao nhiêu? answer: 95,6%","question: Tỷ lệ sống bình quân của gà sao là bao nhiêu? answer: 95,6%",0.675
215,Chunking_Only,2,"question: Vì sao gà sao vẫn bị một số bệnh? answer: tuy sức đề kháng mạnh, nhưng nếu không phòng và chăm sóc kỹ thì gà sao vẫn bị một số bệnh, trong đó đáng chú ý nhất là bệnh nấm mỏ két, dù có điều trị tốt thì tỉ lệ khỏi cũng không quá 10%","question: Vì sao gà sao vẫn bị một số bệnh? answer: nếu không phòng và chăm sóc kỹ thì gà sao vẫn bị một số bệnh, trong đó đáng chú ý nhất là bệnh nấm mỏ két, dù có điều trị tốt thì tỉ lệ khỏi cũng không quá 10%",0.8481
215,RAG_Chunking,1,"question: Nguồn lương thực chính của cư dân Phù Nam là gì? answer: lúa gạo và các loại rau, củ, quả","question: Nguồn lương thực chính của cư dân Phù Nam là gì? answer: lúa gạo và các loại rau, củ, quả",0.8281
215,RAG_Chunking,2,"question: Trang phục của người Chăm-pa như thế nào? answer: nam, nữ thường quấn ngang tấm vải từ lưng trở xuống, tai đeo trang sức","question: Trang phục của người Chăm-pa như thế nào? answer: nam, nữ thường quấn ngang tấm vải từ lưng trở xuống, tai đeo trang sức",0.6694
215,RAG_Chunking,3,"question: Những yếu tố nào thuận lợi để cư dân trồng trọt, chăn nuôi, bảo đảm nguồn thức ăn đa dạng? answer: Nguồn tài nguyên khoáng sản phong phú (sắt, đồng, chì, thiếc..) là cơ sở để cư dân c answer: Nguồn tài nguyên khoáng sản phong phú (sắt, đồng, chì, thiếc..) là cơ sở để cư dân c answer: Nguồn tài nguyên khoáng sản phong phú (sắt, đồng, chì, thiếc..)","question: Những yếu tố nào thuận lợi để cư dân trồng trọt, chăn nuôi, bảo đảm nguồn thức ăn đa dạng? answer: Lượng ánh sáng Mặt Trời lớn và lượng mưa nhiều",0.805
215,RAG_Chunking,4,"question: Nguồn tài nguyên khoáng sản phong phú (sắt, đồng, chì, thiếc...) là cơ sở để cư dân chế tác các loại hình công cụ lao động trong sản xuất và đồ dùng trong sinh hoạt hằng ngày là gì? answer: cơ sở để cư dân chế tác các loại hình công cụ lao động trong sản xuất và đồ dùng trong sinh hoạt hằng ngày","question: Nguồn tài nguyên khoáng sản phong phú (sắt, đồng, chì, thiếc...) là cơ sở để cư dân chế tác các loại hình công cụ lao động trong sản xuất và đồ dùng trong sinh hoạt hằng ngày. Nguồn tài nguyên khoáng sản phong phú (sắt, đồng, chì, thiếc...) là cơ sở để cư dân chế tác các loại hình công cụ lao động trong sản xuất và đồ dùng trong sinh hoạt hằng ngày là gì? answer: cơ sở để cư dân chế tác các loại hình công cụ lao động trong sản xuất và đồ dùng trong sinh hoạt hằng ngày",0.6984
215,RAG_Chunking,5,question: Tỷ lệ sống của gà sao cao hơn so với các giống gà thả vườn là bao nhiêu? answer: không quá 10%,question: Tỷ lệ sống của gà sao cao hơn so với các giống gà thả vườn là bao nhiêu? answer: không quá 10%,0.7294
216,Chunking_Only,1,question: Những nhà điều hành điện thoại di động và ISP lớn nhất Mông Cổ là ai? answer: Mobicom Corporation và Magicnet,question: Những nhà điều hành điện thoại di động và ISP lớn nhất Mông Cổ là ai? answer: Mobicom Corporation và Magicnet,0.8465
216,RAG_Chunking,1,question: Sự ra đời của máy tính điện tử đã dẫn đến điều gì? answer: tự động hoá trong quá trình sản xuất,question: Sự ra đời của máy tính điện tử đã dẫn đến điều gì? answer: tự động hoá trong quá trình sản xuất,0.828
216,RAG_Chunking,2,"question: Công nghệ thông tin là gì? answer: một nhánh ngành kĩ thuật máy tính và phần mềm để chuyển đổi, lưu giữ, bảo vệ, xử lí, truyền tải và thu thập thông tin","question: Công nghệ thông tin là gì? answer: một nhánh ngành kĩ thuật máy tính và phần mềm để chuyển đổi, lưu giữ, bảo vệ, xử lí, truyền tải và thu thập thông tin",0.728
216,RAG_Chunking,3,question: Mobicom Corporation và Magicnet là những công ty như thế nào? answer: đây là những nhà điều hành điện thoại di động và ISP lớn nhất ở Mông Cổ,question: Mobicom Corporation và Magicnet là những công ty như thế nào? answer: đây là những nhà điều hành điện thoại di động và ISP lớn nhất ở Mông Cổ,0.8088
217,Chunking_Only,1,"question: Các phái đoàn Kuwait và Hoa Kỳ đã yêu cầu Hội đồng Bảo an Liên Hiệp Quốc làm gì? answer: nhóm họp, thông qua Nghị quyết 660, lên án cuộc xâm lược và yêu cầu Iraq rút quân","question: Các phái đoàn Kuwait và Hoa Kỳ đã yêu cầu Hội đồng Bảo an Liên Hiệp Quốc làm gì? answer: nhóm họp, thông qua Nghị quyết 660, lên án cuộc xâm lược và yêu cầu Iraq rút quân",0.7839
217,RAG_Chunking,1,"question: Hoạt động đối ngoại chủ yếu trong kháng chiến chống Pháp là gì? answer: Hoạt động đối ngoại chủ yếu trong kháng chiến chống Pháp (1945-1954): - Chủ tịch Hồ Chí Minh gửi thư, công hàm khẳng định tính hợp pháp của nhà nước Việt Nam Dân chủ Cộng hòa. - Chủ tịch Hồ Chí Minh gửi thư, công hàm khẳng định tính hợp pháp của nhà nước Việt Nam Dân chủ Cộng hòa. - Chủ tịch Hồ Chí Minh gửi thư, công hàm khẳng định tính hợp pháp của nhà nước Việt Nam Dân chủ Cộng hòa","question: Hoạt động đối ngoại chủ yếu trong kháng chiến chống Pháp là gì? answer: Hoạt động đối ngoại chủ yếu trong kháng chiến chống Pháp (1945-1954): - Chủ tịch Hồ Chí Minh gửi thư, công hàm khẳng định tính hợp pháp của nhà nước Việt Nam Dân chủ Cộng hòa. - Chủ tịch Hồ Chí Minh gửi thư, công hàm khẳng định tính hợp pháp của nhà nước Việt Nam Dân chủ Cộng hòa. - Chủ tịch Hồ Chí Minh gửi thư, công hàm khẳng định tính hợp pháp của nhà nước Việt Nam Dân chủ Cộng hòa",0.8497
217,RAG_Chunking,2,question: Hoạt động đối ngoại chủ yếu trong kháng chiến chống Mỹ là gì? answer: Đấu tranh yêu cầu thực hiện Hiệp định Genève,question: Hoạt động đối ngoại chủ yếu trong kháng chiến chống Mỹ là gì? answer: Đấu tranh yêu cầu thực hiện Hiệp định Genève,0.6794
217,RAG_Chunking,3,"question: Hội đồng Bảo an Liên Hiệp Quốc đã làm gì? answer: nhóm họp, thông qua Nghị quyết 660, lên án cuộc xâm lược và yêu cầu Iraq rút quân","question: Các phái đoàn Kuwait và Hoa Kỳ đã yêu cầu Hội đồng Bảo an Liên Hiệp Quốc làm gì? answer: nhóm họp, thông qua Nghị quyết 660, lên án cuộc xâm lược và yêu cầu Iraq rút quân",0.7796
217,RAG_Chunking,4,"question: Ngày 6 tháng 8 đã diễn ra sự kiện gì? answer: Hội đồng Bảo an thông qua Nghị quyết 661, áp đặt trừng phạt kinh tế lên Iraq","question: Ngày 6 tháng 8 đã diễn ra sự kiện gì? answer: Hội đồng Bảo an thông qua Nghị quyết 661, áp đặt trừng phạt kinh tế lên Iraq",0.7971
218,Chunking_Only,1,"question: Vì sao tên gọi Paris thường được hiểu theo nghĩa bóng? answer: bởi Paris nổi tiếng với vị trí trung tâm văn hóa, tri thức của cả thế giới","question: Vì sao tên gọi Paris thường được hiểu theo nghĩa bóng? answer: bởi Paris nổi tiếng với vị trí trung tâm văn hóa, tri thức của cả thế giới",0.7775
218,RAG_Chunking,1,"question: Vai trò của dòng họ Mê-đi-xi là gì? answer: đóng vai trò quan trọng trong nền chính trị thành phố, đồng thời cũng chủ trương khuyến khích phát triển nghệ thuật",question: Vì sao thành phố Phờ-lo-ren trở thành nơi khởi nguồn của văn minh thời Phục hưng? answer: một trong những lí do khiến thành phố Phờ-lo-ren (I-ta-li-a) trở thành nơi khởi nguồn của văn minh thời Phục hưng là vai trò của dòng họ Mê-đi-xi,0.8425
218,RAG_Chunking,2,question: Ngày 14-7-1789 là ngày diễn ra sự kiện gì? answer: hàng nghìn người dân Pa-ri đã nổi dậy đánh chiếm ngục Ba-xti từ tay quân lính của triều đình,question: Ngày 14-7-1789 là ngày diễn ra sự kiện gì? answer: hàng nghìn người dân Pa-ri đã nổi dậy đánh chiếm ngục Ba-xti từ tay quân lính của triều đình,0.65
218,RAG_Chunking,3,question: Sự kiện nào đã mở đầu cho Cách mạng Pháp? answer: Cách mạng Pháp - cuộc cách mạng tư sản điển hình thời kì cận đại,question: Sự kiện nào đã mở đầu cho Cách mạng Pháp? answer: Cách mạng Pháp - cuộc cách mạng tư sản điển hình thời kì cận đại,0.6935
218,RAG_Chunking,4,question: Trung tướng cảnh sát đầu tiên của Paris là ai? answer: Gabriel Nicolas de La Reynie,question: Trung tướng cảnh sát đầu tiên của Paris là ai? answer: Gabriel Nicolas de La Reynie,0.728
219,Chunking_Only,1,question: Ai là người ủng hộ cho Mitterrand trong cuộc bầu cử lập pháp năm 1958? answer: Nhóm Công nhân Quốc tế Pháp (SFIO),question: Ai là người ủng hộ cho Mitterrand trong cuộc bầu cử lập pháp năm 1958? answer: Nhóm Công nhân Quốc tế Pháp (SFIO),0.7602
219,Chunking_Only,2,question: Mendès-France là ai? answer: cựu đối thủ bên trong của Molletvà là cựu thành viên có tư tưởng cải cách của Đảng Cộng sản,question: Mendès-France là ai? answer: cựu đối thủ bên trong của Molletvà là cựu thành viên có tư tưởng cải cách của Đảng Cộng sản,0.6891
219,RAG_Chunking,1,question: Kết quả của chiến dịch Điện Biên Phủ là gì? answer: toàn thắng ngày 7-5-1954,question: Kết quả của chiến dịch Điện Biên Phủ là gì? answer: toàn thắng ngày 7-5-1954. - Pháp thực hiện kế hoạch Na-va. - Chiến dịch Điện Biên Phủ (3-1954 - 7-5-1954): toàn thắng ngày 7-5-1954. - Pháp thực hiện kế hoạch Na-va. - Chiến dịch Điện Biên Phủ (3-1954 - 7-5-1954): toàn thắng ngày 7-5-1954,0.8219
219,RAG_Chunking,2,question: Những bài học lịch sử của các cuộc kháng chiến bảo vệ Tổ quốc từ năm 1945 đến nay là gì? answer: Những bài học lịch sử của các cuộc kháng chiến bảo vệ Tổ quốc từ năm 1945 đến nay là gì? answer: Những bài học lịch sử của các cuộc kháng chiến bảo vệ Tổ quốc từ năm 1945 đến nay là gì? answer: Những bài học lịch sử của các cuộc kháng chiến bảo vệ Tổ quốc từ năm 1945 đến nay là gì? answer: Những bài học lịch sử của các,question: Những bài học lịch sử của các cuộc kháng chiến bảo vệ Tổ quốc từ năm 1945 đến nay là gì? answer: 52 - Bài 10: Khái quát về công cuộc Đổi mới ở Việt Nam từ năm 1986 đến nay: 52 - Bài 10: Khái quát về công cuộc Đổi mới ở Việt Nam từ năm 1986 đến nay: 52 - Bài 10: Khái quát về công cuộc Đổi mới ở Việt Nam từ năm 1986 đến nay: 52 - Bài 10: Khái quát về công cuộc Đổi mới ở Việt,0.8822
219,RAG_Chunking,3,question: Thành tựu cơ bản và bài học của công cuộc Đổi mới ở Việt Nam từ năm 1986 đến nay là gì? answer: 65 - Bài 12: Thành tựu cơ bản và bài học của công cuộc Đổi mới ở Việt Nam từ năm 1986 đến nay là gì? answer: từ năm 1986 đến nay là gì? answer: từ năm 1986 đến nay là gì? answer: từ năm 1986 đến nay là gì? answer: từ năm 1986 đến nay,question: Thành tựu cơ bản và bài học của công cuộc Đổi mới ở Việt Nam từ năm 1986 đến nay là gì? answer: Thành tựu cơ bản và bài học của công cuộc Đổi mới ở Việt Nam từ năm 1986 đến nay: 65 - Bài 12: Thành tựu cơ bản và bài học của công cuộc Đổi mới ở Việt Nam từ năm 1986 đến nay: 65 - Bài 12: Thành tựu cơ bản và bài học của công cuộc Đổi mới ở Việt Nam từ năm 1986 đến nay,0.9009
219,RAG_Chunking,4,question: Bài 16 của Hồ Chí Minh có ý nghĩa như thế nào? answer: Dấu ấn Hồ Chí Minh trong lòng nhân dân thế giới và Việt Nam là gì? answer: Dấu ấn Hồ Chí Minh trong lòng nhân dân thế giới và Việt Nam là gì? answer: Dấu ấn Hồ Chí Minh trong lòng nhân dân thế giới và Việt Nam là gì? answer: Dấu ấn Hồ Chí Minh trong lòng nhân dân thế giới và Việt Nam là gì? answer: Dấu ấn Hồ Chí Minh trong lòng nhân dân thế giới và Việt Nam là gì? answer:,question: Bài 16: Dấu ấn Hồ Chí Minh trong lòng nhân dân thế giới và Việt Nam là gì? answer: 99 - Bảng Giải thích thuật ngữ: 103 - Bảng Tra cứu địa danh/tên riêng nước ngoài: 105,0.8079
219,RAG_Chunking,5,"question: Nước Việt Nam Dân chủ Cộng hòa ra đời nhưng bị thực dân Pháp và các thế lực thù địch trong và ngoài nước chống phá như thế nào? answer: bị thực dân Pháp và các thế lực thù địch trong và ngoài nước chống phá, xâm lược","question: Nước Việt Nam Dân chủ Cộng hòa ra đời nhưng bị thực dân Pháp và các thế lực thù địch chống phá như thế nào? answer: bị thực dân Pháp và các thế lực thù địch trong và ngoài nước chống phá, xâm lược",0.6913
219,RAG_Chunking,6,"question: Trong cuộc bầu cử lập pháp năm 1958, Mitterrand đã có những động thái gì? answer: bắt đầu một chiến dịch ""vượt sa mạc"" lâu dài (thuật ngữ này thường được áp dụng cho sự suy tàn ảnh hưởng của de Gaulle trong một giai đoạn tương tự)","question: Trong cuộc bầu cử lập pháp năm 1958, Mitterrand đã có những động thái gì? answer: bắt đầu một chiến dịch ""vượt sa mạc"" lâu dài (thuật ngữ này thường được áp dụng cho sự suy tàn ảnh hưởng của de Gaulle trong một giai đoạn tương tự)",0.8379
219,RAG_Chunking,7,question: Mendès-France là ai? answer: cựu đối thủ bên trong của Molletvà là cựu thành viên có tư tưởng cải cách của Đảng Cộng sản,question: Mendès-France là ai? answer: cựu đối thủ bên trong của Molletvà là cựu thành viên có tư tưởng cải cách của Đảng Cộng sản,0.8364
220,Chunking_Only,1,"question: Các nhà ga Saint-Lazare, Gare du Nord, các tuyến đường sắt Paris-Orléans, Paris-Rouen được xây dựng nhằm mục đích gì? answer: nhằm mục đích gì? answer: nhằm mục đích gì? answer: xây dựng nhằm mục đích gì? answer: nhằm mục đích gì? answer: nhằm mục đích gì? answer: nhằm mục đích gì? answer: nhằm mục đích gì? answer: nhằm mục đích gì? answer: nhằm mục đích gì? ans","question: Các nhà ga Saint-Lazare, Gare du Nord, các tuyến đường sắt Paris-Orléans, Paris-Rouen được xây dựng nhằm mục đích gì? answer: chiếu sáng công cộng bằng khí gaz được thử nghiệm ở quảng trường Vendôme",0.7034
220,Chunking_Only,2,question: Chiếu sáng công cộng bằng khí gaz được thử nghiệm ở đâu? answer: quảng trường Vendôme,question: Chiếu sáng công cộng bằng khí gaz được thử nghiệm ở đâu? answer: quảng trường Vendôme,0.7468
220,RAG_Chunking,1,"question: Năm 1825, nước Anh đã khánh thành đoạn đường sắt đầu tiên nào? answer: đoạn đường sắt đầu tiên nối trung tâm công nghiệp Man-chét-xtơ với cảng Li-vơ-pun","question: Năm 1825, nước Anh khánh thành đoạn đường sắt đầu tiên nào? answer: đoạn đường sắt đầu tiên nối trung tâm công nghiệp Man-chét-xtơ với cảng Li-vơ-pun",0.7545
220,RAG_Chunking,2,question: Vào ngày nào thì hàng nghìn người Pa-ri đã nổi dậy đánh chiếm ngục Ba-xti? answer: Ngày 14-7-1789,question: Vào ngày nào thì hàng nghìn người Pa-ri đã nổi dậy đánh chiếm ngục Ba-xti? answer: Ngày 14-7-1789,0.6926
220,RAG_Chunking,3,question: Tuyến đường sắt đầu tiên của Pháp được xây dựng vào thời gian nào? answer: Ngày 26 tháng 8 năm 1837,question: Tuyến đường sắt đầu tiên của Pháp được xây dựng vào thời gian nào? answer: Ngày 26 tháng 8 năm 1837,0.6724
220,RAG_Chunking,4,"question: Năm 1825, chiếu sáng công cộng bằng khí gaz được thử nghiệm ở đâu? answer: quảng trường Vendôme","question: Năm 1825, chiếu sáng công cộng bằng khí gaz được thử nghiệm ở đâu? answer: quảng trường Vendôme",0.6506
220,RAG_Chunking,5,"question: Các tác phẩm của Balzac, Victor Hugo hay Eugène Sue đã phản ánh xã hội phức tạp thời kỳ nào? answer: xã hội phức tạp thời kỳ này được phản ánh qua các tác phẩm của Balzac, Victor Hugo hay Eugène Sue","question: Các tác phẩm của Balzac, Victor Hugo hay Eugène Sue đã phản ánh xã hội phức tạp thời kỳ nào? answer: Xã hội phức tạp thời kỳ này được phản ánh qua các tác phẩm của Balzac, Victor Hugo hay Eugène Sue",0.8252
221,Chunking_Only,1,"question: Answer: hiểu biết sâu sắc về truyền thống tôn giáo của họ, truyền thống các tôn giáo khác, tư tưởng thần học chứa đựng trong thết định thần học chứa đựng trong thết định thần học chứa đựng trong thết định thần học chứa đựng trong thết định thần học chứa đựng trong thết định thần học chứa đựng trong thết định thần học chứa đựng trong thết định thần học chứa đựng trong thết định thần học chứa đựng trong thết định thần học chứa đựng trong thết định thần học chứa đựng trong thết định thần học chứa đựng trong thết định thần học","question: Việc nghiên cứu thần học sẽ giúp ích gì cho các thần học gia? answer: hiểu biết sâu sắc về truyền thống tôn giáo của họ, truyền thống các tôn giáo khác, tư tưởng thần học chứa đựng trong thết định thần học chứa đựng trong thết định thần học chứa đựng trong thết định thần học chứa đựng trong thết định thần học chứa đựng trong thết định thần học chứa đựng trong thết định thần học chứa đựng trong thết định thần học chứa đựng trong thết định thần học chứa đựng trong thết định thần học chứa đựng trong thết định thần học chứa",0.7284
221,Chunking_Only,2,"question: Thần học có thể được sử dụng để làm gì? answer: lưu truyền, phục dựng, biện minh cho 1 truyền thống tôn giáo hoặc nó có thể được dùng để so sánh, thách thức hay chống lại 1 truyền thống tôn giáo","question: Thần học có thể được sử dụng để làm gì? answer: lưu truyền, phục dựng, biện minh cho 1 truyền thống tôn giáo hoặc nó có thể được dùng để so sánh, thách thức hay chống lại 1 truyền thống tôn giáo",0.7645
221,Chunking_Only,3,"question: Thần học có thể giúp các thần học gia như thế nào? answer: chuyển tải những tình huống hiện thời hay điều cần thiết qua 1 truyền thống tôn giáo, hoặc tìm ra những cách thức có thể để lý giải thế giới","question: Thần học có thể giúp các thần học gia như thế nào? answer: chuyển tải những tình huống hiện thời hay điều cần thiết qua 1 truyền thống tôn giáo, hoặc tìm ra những cách thức có thể để lý giải thế giới",0.721
221,RAG_Chunking,1,"question: Những nét đặc trưng của cư dân Phù Nam là gì? answer: kĩ thuật chế tác đồ trang sức, kĩ thuật dệt vải, làm gốm, điêu khắc, kiến trúc","question: Những nét đặc trưng của cư dân Phù Nam là gì? answer: kĩ thuật chế tác đồ trang sức, kĩ thuật dệt vải, làm gốm, điêu khắc, kiến trúc",0.7598
221,RAG_Chunking,2,"question: Người chết có bốn kiểu táng là gì? answer: thuỷ táng thì đem quẳng xác xuống sông, hoả táng thì đem thiêu xác, thổ táng thì đào huyệt mà chôn, còn điểu táng thì vứt xác ra ngoài đồng","question: Người chết có bốn kiểu táng là gì? answer: thuỷ táng thì đem quẳng xác xuống sông, hoả táng thì đem thiêu xác, thổ táng thì đào huyệt mà chôn, còn điểu táng thì vứt xác ra ngoài đồng",0.7637
221,RAG_Chunking,3,"question: Answer: hiểu biết sâu sắc về truyền thống tôn giáo của họ, truyền thồng tôn giáo của họ, truyền thồng tôn giáo của họ, truyền thồng tôn giáo của họ, truyền thồng tôn giáo của họ, truyền thồng tôn giáo của họ, truyền thồng tôn giáo của họ, truyền thồng tôn giáo của họ, truyền thồng tôn giáo của họ, truyền thồng tôn giáo của họ, truyền thồng tôn giáo của họ, truyền thồng tôn giáo của họ, truyền thồng tôn giáo của họ, truyền thồng tôn giáo của họ, truyền thồng","question: Việc nghiên cứu thần học sẽ giúp ích gì cho các thần học gia? answer: hiểu biết sâu sắc về truyền thống tôn giáo của họ, truyền thồng tôn giáo của họ, truyền thồng tôn giáo của họ, truyền thồng tôn giáo của họ, truyền thồng tôn giáo của họ, truyền thồng tôn giáo của họ, truyền thồng tôn giáo của họ, truyền thồng tôn giáo của họ, truyền thồng tôn giáo của họ, truyền thồng tôn giáo của họ, truyền thồng tôn giáo của họ, truyền thồng tôn giáo của họ, truyền thồng tôn",0.6131
221,RAG_Chunking,4,"question: Hiện cứu thần học giúp ích gì cho các thần học gia? answer: giúp các thần học gia hiểu biết sâu sắc về truyền thống tôn giáo của họ, truyền thống các tôn giáo khác, tư tưởng thần học chứa đựng trong thần thoại các tộc người, nó có thể giúp các thần học gia khám phá sự tự nhiên của thần học ngoài các suy luận tới truyền thống riêng biệt","question: Hiện cứu thần học giúp ích gì cho các thần học gia? answer: hiểu biết sâu sắc về truyền thống tôn giáo của họ, truyền thống các tôn giáo khác, tư tưởng thần học chứa đựng trong thần thoại các tộc người, nó có thể giúp các thần học gia khám phá sự tự nhiên của thần học ngoài các suy luận tới truyền thống riêng biệt",0.8568
221,RAG_Chunking,5,"question: Thần học có thể giúp các thần học gia làm gì? answer: chuyển tải những tình huống hiện thời hay điều cần thiết qua 1 truyền thống tôn giáo, hoặc tìm ra những cách thức có thể để lý giải thế giới","question: Thần học có thể giúp các thần học gia làm gì? answer: chuyển tải những tình huống hiện thời hay điều cần thiết qua 1 truyền thống tôn giáo, hoặc tìm ra những cách thức có thể để lý giải thế giới",0.7989
222,Chunking_Only,1,"question: Chính phủ Uganda đã có những động thái gì đối với các phong trào giải phóng dân tộc? answer: Uganda tuyên bố đi theo đường lối trung lập, không liên kết, ủng hộ các phong trào giải phóng dân tộc","question: Chính phủ Uganda đã có những động thái gì đối với các phong trào giải phóng dân tộc? answer: Uganda tuyên bố đi theo đường lối trung lập, không liên kết, ủng hộ các phong trào giải phóng dân tộc",0.8542
222,Chunking_Only,2,"question: Tổng thống Museveni đã lên án những nước nào? answer: Mỹ, Anh và các nước công nghiệp phát triển bóc lột sức lực và tài nguyên của các nước nghèo, nhất là các nước châu Phi","question: Tổng thống Museveni đã lên án những nước nào? answer: Mỹ, Anh và các nước công nghiệp phát triển bóc lột sức lực và tài nguyên của các nước nghèo, nhất là các nước châu Phi",0.8747
222,RAG_Chunking,1,question: Vì sao nền kinh tế Đàng Trong rơi vào khủng hoảng? answer: Do chế độ thuế khoá nặng nề và ngoại thương suy tàn,question: Vì sao nền kinh tế Đàng Trong rơi vào khủng hoảng? answer: Do chế độ thuế khoá nặng nề và ngoại thương suy tàn,0.7092
222,RAG_Chunking,2,"question: Chính phủ Uganda có chính sách gì đối với các phong trào giải phóng dân tộc? answer: Uganda tuyên bố đi theo đường lối trung lập, không liên kết, ủng hộ các phong trào giải phóng dân tộc","question: Chính phủ Uganda có chính sách gì đối với các phong trào giải phóng dân tộc? answer: Uganda tuyên bố đi theo đường lối trung lập, không liên kết, ủng hộ các phong trào giải phóng dân tộc",0.8121
222,RAG_Chunking,3,"question: Tổng thống Museveni đã lên án những nước nào? answer: Mỹ, Anh và các nước công nghiệp phát triển bóc lột sức lực và tài nguyên của các nước nghèo, nhất là các nước châu Phi","question: Tổng thống Museveni đã lên án những nước nào? answer: Mỹ, Anh và các nước công nghiệp phát triển bóc lột sức lực và tài nguyên của các nước nghèo, nhất là các nước châu Phi",0.7712
222,RAG_Chunking,4,"question: ài nguyên của các nước nghèo, nhất là các nước châu Phi kêu gọi gì? answer: AU đoàn kết lại, đấu tranh cho một trật tự kinh tế thế giới mới","question: ài nguyên của các nước nghèo, nhất là các nước châu Phi kêu gọi gì? answer: AU đoàn kết lại, đấu tranh cho một trật tự kinh tế thế giới mới",0.8901
223,Chunking_Only,1,"question: Người lãnh đạo của ông Maurice Pinot là ai? answer: người lãnh đạo của ông Maurice Pinot, một vichysto-résistant khác, bị thay thế bởi cộng tác viên André Masson","question: Người lãnh đạo của ông Maurice Pinot là ai? answer: Maurice Pinot, một vichysto-résistant khác, bị thay thế bởi cộng tác viên André Masson",0.6374
223,Chunking_Only,2,question: Vì sao Pierre Moscovici và Jacques Attali vẫn hoài nghi về niềm tin của Mitterrand? answer: ông đã bị ra lệnh phải nhận huy chương để che giấu công việc trong nhóm kháng chiến,question: Vì sao Pierre Moscovici và Jacques Attali vẫn hoài nghi về niềm tin thực sự của Mitterrand? answer: ông đã bị ra lệnh phải nhận huy chương để che giấu công việc trong nhóm kháng chiến,0.7843
223,Chunking_Only,3,"question: Vì sao Jacques Attali vẫn hoài nghi về niềm tin thực sự của Mitterrand? answer: buộc tội ông đã có ""một chân trong mỗi phe"" cho tới khi chắc chắn ai sẽ là người chiến thắng, nêu ra tình bạn của Mitterrand với René Bousquet và những vòng hoa ông đã đặt trên mộ của Pétain như những dấu hiệu của thái độ nước đôi của ông","question: Vì sao Jacques Attali vẫn hoài nghi về niềm tin thực sự của Mitterrand? answer: buộc tội ông đã có ""một chân trong mỗi phe"" cho tới khi chắc chắn ai sẽ là người chiến thắng, nêu ra tình bạn của Mitterrand với René Bousquet và những vòng hoa ông đã đặt trên mộ của Pétain như những dấu hiệu của thái độ nước đôi của ông",0.948
223,RAG_Chunking,1,question: Những bài học lịch sử của các cuộc kháng chiến bảo vệ Tổ quốc từ năm 1945 đến nay là gì? answer: Những bài học lịch sử của các cuộc kháng chiến bảo vệ Tổ quốc từ năm 1945 đến nay là gì? answer: Những bài học lịch sử của các cuộc kháng chiến bảo vệ Tổ quốc từ năm 1945 đến nay là gì? answer: Những bài học lịch sử của các cuộc kháng chiến bảo vệ Tổ quốc từ năm 1945 đến nay là gì? answer: Những bài học lịch sử của các,question: Những bài học lịch sử của các cuộc kháng chiến bảo vệ Tổ quốc từ năm 1945 đến nay là gì? answer: 52 - Bài 10: Khái quát về công cuộc Đổi mới từ năm 1986 đến nay: 60 - Bài 11: Thành tựu cơ bản và bài ài 11: Thành tựu cơ bản và bài ài 11: Thành tựu cơ bản và bài ài 11: Thành tựu cơ bản và bài ài 11: Thành tựu cơ bản và bài ài 11: Thành tựu cơ bản và bài ài 1,0.7896
223,RAG_Chunking,2,question: Kết quả của cuộc kháng chiến 1953 - 1954 là gì? answer: Kết quả của cuộc kháng chiến (1953 - 1954): - Pháp thực hiện kế hoạch Na-va. - Chiến dịch Điện Biên Phủ (3-1954 - 7-5-1954): to answer: to answer: kết thúc cuộc kháng chiến (1953 - 1954): - Pháp thực hiện kế hoạch Na-va. - Chiến dịch Điện Biên Phủ (3-195,question: Kết quả của cuộc kháng chiến 1953 - 1954 là gì? answer: kết thúc cuộc kháng chiến (1953 - 1954): - Pháp thực hiện kế hoạch Na-va. - Chiến dịch Điện Biên Phủ (3-1954 - 7-5-1954): to,0.6765
223,RAG_Chunking,3,question: Hội nghị Genève diễn ra vào thời gian nào? answer: 3-1954 - 7-5-1954,question: Hội nghị Genève diễn ra vào thời gian nào? answer: 3-1954 - 7-5-1954,0.6999
223,RAG_Chunking,4,"question: Vì sao Mitterrand rời ban thư ký tháng 1 năm 1943? answer: người lãnh đạo của ông Maurice Pinot, một vichysto-résistant khác, bị thay thế bởi cộng tác viên André Masson","question: Người lãnh đạo của ông Maurice Pinot là ai? answer: Maurice Pinot, một vichysto-résistant khác, bị thay thế bởi cộng tác viên André Masson",0.6364
223,RAG_Chunking,5,question: Ai là người được Mitterrand nhận Ordre de la francisque? answer: el Jeantet,"question: Ai là người được Mitterrand nhận Ordre de la francisque? answer: el Jeantet, một thành viên của nội các Maréchal Pétain, và Simon Arbellot (cả hai đều là thành viên cũ của ""la Cagoule"")",0.8407
223,RAG_Chunking,6,question: Vì sao Pierre Moscovici và Jacques Attali vẫn hoài nghi về niềm tin thực sự của Mitterrand? answer: ông đã đi trốn trước khi buổi lễ diễn ra,"question: Vì sao Pierre Moscovici và Jacques Attali vẫn hoài nghi về niềm tin thực sự của Mitterrand? answer: một số người nói ông được chỉ định để nhận giải thưởng, nhưng thực tế không bao giờ nhận nó bởi ông đã đi trốn trước khi buổi lễ diễn ra",0.7964
223,RAG_Chunking,7,question: Pierre Bousquet là ai? answer: bạn của Mitterrand với René Bousquet và những vòng hoa ông đã đặt trên mộ của Pétain như những dấu hiệu của thái độ nước đôi của ông,question: Pierre Bousquet là ai? answer: bạn của Mitterrand với René Bousquet và những vòng hoa ông đã đặt trên mộ của Pétain như những dấu hiệu của thái độ nước đôi của ông,0.6189
224,Chunking_Only,1,"question: Texas có bao nhiêu vùng khí hậu, 14 vùng đất đai và 11 vùng sinh thái riêng biệt? answer: 10 vùng khí hậu, 14 vùng đất đai và 11 vùng sinh thái riêng biệt","question: Texas có bao nhiêu vùng khí hậu, 14 vùng đất đai và 11 vùng sinh thái riêng biệt? answer: 10 vùng khí hậu, 14 vùng đất đai và 11 vùng sinh thái riêng biệt",0.819
224,Chunking_Only,2,question: Vùng Đồng bằng ven biển bao quanh vịnh México nằm ở khu vực nào? answer: trung bộ Texas,question: Vùng Đồng bằng ven biển bao quanh vịnh México nằm ở khu vực nào? answer: trung bộ Texas,0.7123
224,Chunking_Only,3,"question: Vùng ""Viễn Tây Texas"" hay ""Trans-Pecos"" là những vùng nào? answer: vùng Đồi Sand, cao nguyên Stockton, các thung lũng sa mạc, dốc núi có rừng và bãi cỏ sa mạc","question: Vùng ""Viễn Tây Texas"" hay ""Trans-Pecos"" là những vùng nào? answer: vùng Đồi Sand, cao nguyên Stockton, các thung lũng sa mạc, dốc núi có rừng và bãi cỏ sa mạc",0.8244
224,RAG_Chunking,1,question: Khu vực Nam Âu có những bán đảo nào? answer: bán đảo Ban-căng và bán đảo I-ta-li-a,question: Khu vực Nam Âu có những bán đảo nào? answer: bán đảo Ban-căng và bán đảo I-ta-li-a,0.7339
224,RAG_Chunking,2,"question: Điều kiện tự nhiên Văn minh Phù Nam là gì? answer: trên lưu vực châu thổ sông Cửu Long với hệ thống sông ngòi, kênh rạch chằng chịt đổ ra biển","question: Điều kiện tự nhiên Văn minh Phù Nam là gì? answer: trên lưu vực châu thổ sông Cửu Long với hệ thống sông ngòi, kênh rạch chằng chịt đổ ra biển",0.7928
224,RAG_Chunking,3,"question: Vì sao cư dân Phù Nam sớm có điều kiện giao lưu với nền văn minh của nhiều quốc gia khác? answer: Với vị trí địa lí tiếp giáp biển, có nhiều nơi thuận lợi cho việc tránh bão, neo đậu thuyền bè của các thương nhân","question: Vì sao cư dân Phù Nam sớm có điều kiện giao lưu với nền văn minh của nhiều quốc gia khác? answer: Với vị trí địa lí tiếp giáp biển, có nhiều nơi thuận lợi cho việc tránh bão, neo đậu thuyền bè của các thương nhân",0.7783
224,RAG_Chunking,4,question: Những cánh đồng màu mỡ ven sông Thu Bồn tạo điều kiện thuận lợi gì cho sự định cư và canh tác nông nghiệp của cư dân? answer: tạo điều kiện thuận lợi cho sự định cư và canh tác nông nghiệp của cư dân,question: Những cánh đồng màu mỡ ven sông Thu Bồn tạo điều kiện thuận lợi gì cho sự định cư và canh tác nông nghiệp của cư dân? answer: tạo điều kiện thuận lợi cho sự định cư và canh tác nông nghiệp của cư dân,0.6605
224,RAG_Chunking,5,question: Vùng Đồng bằng ven biển bao quanh vịnh México nằm ở đâu? answer: phần đông nam của bang,question: Vùng Đồng bằng ven biển bao quanh vịnh México nằm ở đâu? answer: phần đông nam của bang,0.6528
224,RAG_Chunking,6,"question: Vùng ""Viễn Tây Texas"" hay ""Trans-Pecos"" là gì? answer: vùng Đồi Sand","question: Vùng ""Viễn Tây Texas"" hay ""Trans-Pecos"" là gì? answer: vùng Bồn địa và Núi",0.6307
225,Chunking_Only,1,question: Ai là nhạc trưởng của Hệ thống đảng phái lần thứ 5? answer: Roosevelt,question: Ai là nhạc trưởng của Hệ thống đảng phái lần thứ 5? answer: Roosevelt,0.6796
225,Chunking_Only,2,question: Liên Hiệp Quốc và Hệ thống Bretton Woods có tầm ảnh hưởng như thế nào đối với Roosevelt? answer: có tầm ảnh hưởng như thế nào đối với Roosevelt? answer: có tầm ảnh hưởng như thế nào đối với Roosevelt? answer: có tầm ảnh hưởng như thế nào đối với Roosevelt? answer: có tầm ảnh hưởng như thế nào đối với Roosevelt? answer: có tầm ảnh hưởng như thế nào đối với Roosevelt? answer: có tầm ảnh hưởng như thế nào đối với Roosevelt? answer: có tầm ảnh hưởng như thế nào đối với,question: Liên Hiệp Quốc và Hệ thống Bretton Woods có tầm ảnh hưởng như thế nào đối với Roosevelt? answer: là những thí dụ về sức ảnh hưởng rộng lớn của chính phủ ông,0.7508
225,Chunking_Only,3,question: Tổng thống nào của Hoa Kỳ được đánh giá là một trong số các tổng thống vĩ đại của Hoa Kỳ? answer: Franklin D. Roosevelt,question: Tổng thống nào của Hoa Kỳ được đánh giá là một trong số các tổng thống vĩ đại của Hoa Kỳ? answer: Franklin D. Roosevelt,0.7521
225,RAG_Chunking,1,question: Sau sự kiện nào thì hệ thống xã hội chủ nghĩa ra đời? answer: sau sự kiện nào thì hệ thống xã hội chủ nghĩa ra đời? answer: Sau sự kiện nào thì hệ thống xã hội chủ nghĩa ra đời? answer: Sau sự kiện nào thì hệ thống xã hội chủ nghĩa ra đời? answer: Sau sự kiện nào thì hệ thống xã hội chủ nghĩa ra đời? answer: Sau sự kiện nào thì hệ thống xã hội chủ nghĩa ra đời? answer: Sau sự kiện nào thì hệ thống xã hội chủ nghĩa ra đời,question: Sau sự kiện nào thì hệ thống xã hội chủ nghĩa ra đời? answer: Sau Chiến tranh thế giới thứ hai,0.7354
225,RAG_Chunking,2,"question: Ý nghĩa lịch sử của cuộc chiến tranh giải phóng dân tộc là gì? answer: Kết thúc 30 năm chiến tranh giải phóng dân tộc. - Thống nhất đất nước, thành cách mạng dân tộc dân chủ nhân dân. - Mở ra kỷ nguyên độc lập, thống nhất, đi lên chủ nghĩa xã hội. - Mở ra kỷ nguyên độc lập, thống nhất, đi lên chủ nghĩa xã hội. - Mở ra kỷ nguyên độc lập, thống nhất, đi lên chủ nghĩa xã hội. - Mở ra kỷ nguyên độc lập, thống nhất, đi lên chủ nghĩa xã hội","question: Ý nghĩa lịch sử của cuộc chiến tranh giải phóng dân tộc là gì? answer: Kết thúc 30 năm chiến tranh giải phóng dân tộc. - Thống nhất đất nước, hoàn thành cách mạng dân tộc dân chủ nhân dân. - Mở ra kỷ nguyên độc lập, thống nhất, đi lên chủ nghĩa xã hội. - Mở ra kỷ nguyên độc lập, thống nhất, đi lên chủ nghĩa xã hội. - Mở ra kỷ nguyên độc lập, thống nhất, đi lên chủ nghĩa xã hội. - Mở ra kỷ nguyên độc lập, thống nhất, đi lên chủ nghĩa xã hội",0.8492
225,RAG_Chunking,3,question: Phong trào giải phóng dân tộc được cổ vũ như thế nào? answer: được cổ vũ như thế nào? answer: cổ vũ phong trào giải phóng dân tộc,question: Phong trào giải phóng dân tộc được cổ vũ như thế nào? answer: cổ vũ phong trào giải phóng dân tộc,0.6017
225,RAG_Chunking,4,question: Ai là nhạc trưởng của việc tái phối trí cử tri? answer: Roosevelt,question: Ai là nhạc trưởng của việc tái phối trí cử tri? answer: Roosevelt,0.7505
225,RAG_Chunking,5,"question: Ai là người đã qui tụ được các công đoàn lao động, những cỗ máy thành phố lớn? answer: các sắc tộc da trắng, những người nhận trợ cấp xã hội, người Mỹ gốc châu Phi và những người nông dân da trắng ở miền Nam Hoa Kỳ","question: Ai là người đã qui tụ được các công đoàn lao động, những cỗ máy thành phố lớn? answer: các sắc tộc da trắng, những người nhận trợ cấp xã hội, người Mỹ gốc châu Phi và những người nông dân da trắng ở miền Nam Hoa Kỳ",0.6362
225,RAG_Chunking,6,question: Roosevelt được các học giả đánh giá như thế nào? answer: một trong số các tổng thống vĩ đại của Hoa Kỳ,question: Roosevelt được các học giả đánh giá như thế nào? answer: một trong số các tổng thống vĩ đại của Hoa Kỳ,0.7725
226,Chunking_Only,1,"question: Mazarine Pingeot là người như thế nào? answer: Mazarine Pingeot là người như thế nào? answer: người con gái ngoài hôn nhân Mazarine Pingeot (với tác gia Jean-Edern Hallier, đang bị đe doạ tiết lộ), bệnh ung thư tuyến tiền liệt của ông được chẩn đoán năm 1981 và các chi tiết quá khứ của ông thời Chế độ Vichy vẫn chưa được công chúng biết tới","question: Mazarine Pingeot là người như thế nào? answer: người con gái ngoài hôn nhân Mazarine Pingeot (với tác gia Jean-Edern Hallier, đang bị đe doạ tiết lộ), bệnh ung thư tuyến tiền liệt của ông được chẩn đoán năm 1981 và các chi tiết quá khứ của ông thời Chế độ Vichy vẫn chưa được công chúng biết tới",0.7341
226,Chunking_Only,2,"question: Một số người bị nghe trộm điện thoại với các lý do ""không rõ ràng"" là ai? answer: Carole Bouquet, một luật sư có gia đình ở Trung Đông, Edwy Plenel, một nhà báo của tờ le Monde người theo dõi câu chuyện Rainbow Warriorvà luật sư Antoine Comte","question: Một số người bị nghe trộm điện thoại với các lý do ""không rõ ràng"" là ai? answer: Carole Bouquet, một luật sư có gia đình ở Trung Đông, Edwy Plenel, một nhà báo của tờ le Monde người theo dõi câu chuyện Rainbow Warriorvà luật sư Antoine Comte",0.816
226,Chunking_Only,3,question: Những hành động nào được thực hiện theo lệnh từ Tổng thống Pháp hay từ các Bộ trưởng Quốc phòng? answer: những hành động đó được thực hiện theo lệnh từ Tổng thống Pháp hay từ các Bộ trưởng Quốc phòng những ngươờ đã cho phép Christian Prouteau tiếp cận không hạn chế với các thiết bị của nhà nước để ông ta có thể thực hiện mệnh lệnh,question: Những hành động nào được thực hiện theo lệnh từ Tổng thống Pháp hay từ các Bộ trưởng Quốc phòng? answer: những hành động đó được thực hiện theo lệnh từ Tổng thống Pháp hay từ các Bộ trưởng Quốc phòng những ngươờ đã cho phép Christian Prouteau tiếp cận không hạn chế với các thiết bị của nhà nước để ông ta có thể thực hiện mệnh lệnh,0.7523
226,Chunking_Only,4,question: không một cuộc băng nào trong số 3000 cuộn băng do đơn vị này thu được thực hiện một cách hợp pháp? answer: không một cuộc băng nào trong số 3000 cuộn băng do đơn vị này thu được thực hiện một cách hợp pháp,question: Mitterrand là người chủ mưu chính của vụ nghe trộm (l'inspirateur et le décideur de l'essentiel) và rằng ông đã ra lệnh một số vụ và làm ngơ một số vụ khác và rằng không một cuộc băng nào trong số 3000 cuộn băng do đơn vị này thu được thực hiện một cách hợp pháp? answer: không một cuộc băng nào trong số 3000 cuộn băng do đơn vị này thu được thực hiện một cách hợp pháp,0.8843
226,RAG_Chunking,1,question: Những bài học lịch sử của các cuộc kháng chiến bảo vệ Tổ quốc từ năm 1945 đến nay là gì? answer: Những bài học lịch sử của các cuộc kháng chiến bảo vệ Tổ quốc từ năm 1945 đến nay là gì? answer: Những bài học lịch sử của các cuộc kháng chiến bảo vệ Tổ quốc từ năm 1945 đến nay là gì? answer: Những bài học lịch sử của các cuộc kháng chiến bảo vệ Tổ quốc từ năm 1945 đến nay là gì? answer: Những bài học lịch sử của các,question: Những bài học lịch sử của các cuộc kháng chiến bảo vệ Tổ quốc từ năm 1945 đến nay là gì? answer: 52 - Bài 10: Khái quát về công cuộc Đổi mới từ năm 1986 đến nay: 60 - Bài 11: Thành tựu cơ bản và bài ài 11: Thành tựu cơ bản và bài ài 11: Thành tựu cơ bản và bài ài 11: Thành tựu cơ bản và bài ài 11: Thành tựu cơ bản và bài ài 11: Thành tựu cơ bản và bài ài 1,0.7896
226,RAG_Chunking,2,question: Kết quả của cuộc kháng chiến 1953 - 1954 là gì? answer: Kết quả của cuộc kháng chiến (1953 - 1954): - Pháp thực hiện kế hoạch Na-va. - Chiến dịch Điện Biên Phủ (3-1954 - 7-5-1954): to answer: to answer: kết thúc cuộc kháng chiến (1953 - 1954): - Pháp thực hiện kế hoạch Na-va. - Chiến dịch Điện Biên Phủ (3-195,question: Kết quả của cuộc kháng chiến 1953 - 1954 là gì? answer: kết thúc cuộc kháng chiến (1953 - 1954): - Pháp thực hiện kế hoạch Na-va. - Chiến dịch Điện Biên Phủ (3-1954 - 7-5-1954): to,0.6765
226,RAG_Chunking,3,question: Kết quả của chiến dịch Điện Biên Phủ là gì? answer: toàn thắng ngày 7-5-1954,question: Kết quả của chiến dịch Điện Biên Phủ là gì? answer: toàn thắng ngày 7-5-1954,0.7295
226,RAG_Chunking,4,question: Edwy Plenel là ai? answer: một nhà báo của tờ le Monde người theo dõi câu chuyện Rainbow Warriorvà luật sư Antoine Comte,question: Edwy Plenel là ai? answer: một nhà báo của tờ le Monde người theo dõi câu chuyện Rainbow Warriorvà luật sư Antoine Comte,0.6686
226,RAG_Chunking,5,question: Những hành động đó được thực hiện theo lệnh của ai? answer: từ Tổng thống Pháp hay từ các Bộ trưởng Quốc phòng những ngươờ đã cho phép Christian Prouteau tiếp cận không hạn chế với các thiết bị của nhà nước để ông ta có thể thực hiện mệnh lệnh),question: Những hành động đó được thực hiện theo lệnh của ai? answer: từ Tổng thống Pháp hay từ các Bộ trưởng Quốc phòng,0.6434
226,RAG_Chunking,6,question: Tại sao không một cuộc băng nào trong số 3000 cuộn băng do đơn vị này thu được thực hiện một cách hợp pháp? answer: không một cuộc băng nào trong số 3000 cuộn băng do đơn vị này thu được thực hiện một cách hợp pháp,question: Mitterrand là người chủ mưu chính của vụ nghe trộm (l'inspirateur et le décideur de l'essentiel)? answer: chủ mưu chính của vụ nghe trộm (l'inspirateur et le décideur de l'essentiel) và rằng ông đã ra lệnh một số vụ và làm ngơ một số vụ khác và rằng không một cuộc băng nào trong số 3000 cuộn băng do đơn vị này thu được thực hiện một cách hợp pháp,0.8912
227,Chunking_Only,1,question: Tuyên ngôn Vương thất 1763 có ý nghĩa như thế nào đối với Québec? answer: có ý nghĩa như thế nào đối với Québec? answer: có ý nghĩa như thế nào đối với Québec? answer: có ý nghĩa như thế nào đối với Québec? answer: có ý nghĩa như thế nào đối với Québec? answer: có ý nghĩa như thế nào đối với Québec? answer: có ý nghĩa như thế nào đối với Québec? answer: có ý nghĩa như thế nào đối với Québec? answer: có ý nghĩa,"question: Tuyên ngôn Vương thất 1763 có ý nghĩa như thế nào đối với Québec? answer: tạo nên tỉnh Quebec từ Tân Pháp, và sáp nhập đảo Cape Breton vào Nova Scotia",0.8099
227,Chunking_Only,2,"question: Tại sao nhiều cư dân Mười ba Thuộc địa tức giận, kích động tình cảm chống Anh? answer: Điều này khiến cho nhiều cư dân Mười ba Thuộc địa tức giận, kích động tình cảm chống Anh trong những năm trước khi bùng nổ Cách mạng Mỹ","question: Điều gì đã làm cho cư dân Mười ba Thuộc địa tức giận, kích động tình cảm chống Anh? answer: Anh Quốc cũng tái lập ngôn ngữ Pháp, đức tin Công giáo La Mã, và dân luật Pháp tại đây",0.839
227,RAG_Chunking,1,"question: Nước Pháp duy trì chế độ quân chủ chuyên chế vào thời gian nào? answer: Đến cuối thế kỉ XVII, nước Pháp vẫn duy trì chế độ quân chủ chuyên chế, đứng đầu là vua Lu-i XVI","question: Nước Pháp duy trì chế độ quân chủ chuyên chế vào thời gian nào? answer: Đến cuối thế kỉ XVII, nước Pháp vẫn duy trì chế độ quân chủ chuyên chế, đứng đầu là vua Lu-i XVI",0.7114
227,RAG_Chunking,2,question: Vì sao các cuộc cách mạng tư sản lại khác nhau? answer: Do điều kiện lịch sử ở mỗi nước khác nhau nên mức độ thắng lợi của các cuộc cách mạng tư sản cũng khác nhau,question: Vì sao các cuộc cách mạng tư sản lại khác nhau? answer: Do điều kiện lịch sử ở mỗi nước khác nhau nên mức độ thắng lợi của các cuộc cách mạng tư sản cũng khác nhau,0.825
227,RAG_Chunking,3,"question: Nhà nước Phù Nam được tổ chức như thế nào? answer: theo thể chế quân chủ chuyên chế, vua là người đứng đầu có quyền lực tối cao","question: Nhà nước Phù Nam được tổ chức như thế nào? answer: theo thể chế quân chủ chuyên chế, vua là người đứng đầu có quyền lực tối cao",0.7189
227,RAG_Chunking,4,"question: Để ngăn ngừa xung đột tại Québec, Anh Quốc đã làm gì? answer: Anh Quốc thông qua đạo luật Québec vào năm 1774, mở rộng lãnh thổ của Québec đến Ngũ Đại Hồ và thung lũng sông Ohio","question: Để ngăn ngừa xung đột tại Québec, Anh Quốc đã làm gì? answer: Anh Quốc thông qua đạo luật Québec vào năm 1774, mở rộng lãnh thổ của Québec đến Ngũ Đại Hồ và thung lũng sông Ohio",0.7254
227,RAG_Chunking,5,"question: cư dân Mười ba Thuộc địa tức giận, kích động tình cảm chống Anh trong những năm nào? answer: những năm trước khi bùng nổ Cách mạng Mỹ","question: Cư dân Mười ba Thuộc địa tức giận, kích động tình cảm chống Anh trong những năm nào? answer: những năm trước khi bùng nổ Cách mạng Mỹ",0.866
228,Chunking_Only,1,question: Thor Heyerdahl đã tuyên bố như thế nào trên bè Kon-Tiki năm 1947? answer: việc uống nước biển trộn lẫn với nước ngọt theo tỷ lệ 40/60%,question: Thor Heyerdahl đã tuyên bố như thế nào trên bè Kon-Tiki năm 1947? answer: việc uống nước biển trộn lẫn với nước ngọt theo tỷ lệ 40/60%,0.8069
228,Chunking_Only,2,question: William Willis đã tuyên bố rằng ông đã uống 2 cốc nước biển và một cốc nước ngọt mỗi ngày trong vòng bao nhiêu ngày? answer: 70 ngày,question: William Willis (1897-1968) đã tuyên bố rằng ông đã uống 2 cốc nước biển và một cốc nước ngọt mỗi ngày trong vòng bao nhiêu ngày? answer: 70 ngày,0.8112
228,RAG_Chunking,1,"question: Vì sao các nhà máy phải xây dựng gần bờ sông, xa trung tâm dân cư? answer: Về mùa đông, nước bị đóng băng, nhà máy phải ngừng hoạt động","question: Vì sao các nhà máy phải xây dựng gần bờ sông, xa trung tâm dân cư? answer: Về mùa đông, nước bị đóng băng, nhà máy phải ngừng hoạt động",0.7614
228,RAG_Chunking,2,"question: Điều kiện tự nhiên của Văn minh Phù Nam là gì? answer: trên lưu vực châu thổ sông Cửu Long với hệ thống sông ngòi, kênh rạch chằng chịt đổ ra biển","question: Điều kiện tự nhiên của Văn minh Phù Nam là gì? answer: hệ thống sông ngòi, kênh rạch chằng chịt đổ ra biển",0.8003
228,RAG_Chunking,3,"question: Vì sao cư dân Phù Nam sớm có điều kiện giao lưu với nền văn minh của nhiều quốc gia khác? answer: Với vị trí địa lí tiếp giáp biển, có nhiều nơi thuận lợi cho việc tránh bão, neo đậu thuyền bè của các thương nhân","question: Vì sao cư dân Phù Nam sớm có điều kiện giao lưu với nền văn minh của nhiều quốc gia khác? answer: Với vị trí địa lí tiếp giáp biển, có nhiều nơi thuận lợi cho việc tránh bão, neo đậu thuyền bè của các thương nhân",0.7828
228,RAG_Chunking,4,question: Thor Heyerdahl uống bao nhiêu cốc nước biển? answer: 40/60%,question: Thor Heyerdahl đã uống bao nhiêu cốc nước biển? answer: 2 cốc,0.6102
228,RAG_Chunking,5,question: Ai là người đã tuyên bố rằng ông đã uống 2 cốc nước biển và một cốc nước ngọt mỗi ngày trong vòng 70 ngày mà không thấy các triệu chứng bệnh tật khi ông mất nguồn cung cấp nước ngọt? answer: hác là William Willis,question: Ai đã tuyên bố rằng ông đã uống 2 cốc nước biển và một cốc nước ngọt mỗi ngày trong vòng 70 ngày mà không thấy các triệu chứng bệnh tật khi ông mất nguồn cung cấp nước ngọt? answer: William Willis,0.8629
229,Chunking_Only,1,"question: Đạo luật Quan hệ Lao động Quốc gia là gì? answer: Đạo luật này thiết lập quyền liên bang của công nhân được quyền thành lập công đoàn, quyền thương thuyết tập thể và quyền tham gia đình công","question: Đạo luật Quan hệ Lao động Quốc gia là gì? answer: Đạo luật này thiết lập quyền liên bang của công nhân được quyền thành lập công đoàn, quyền thương thuyết tập thể và quyền tham gia đình công",0.6292
229,RAG_Chunking,1,"question: Chiến tranh giải phóng dân tộc mở ra kỷ nguyên gì? answer: kỷ nguyên gì? answer: độc lập, thống nhất, đi lên chủ nghĩa xã hội","question: Chiến tranh giải phóng dân tộc mở ra kỷ nguyên gì? answer: độc lập, thống nhất, đi lên chủ nghĩa xã hội",0.6745
229,RAG_Chunking,2,question: Answer: được phát huy và ngày càng mở rộng; khối đại đoàn kết toàn dân tộc được củng cố và tăng cường,question: Nền dân chủ xã hội chủ nghĩa được phát huy và ngày càng mở rộng như thế nào? answer: được phát huy và ngày càng mở rộng; khối đại đoàn kết toàn dân tộc được củng cố và tăng cường,0.8148
229,RAG_Chunking,3,question: Kết quả của cuộc bầu cử năm 1934 là gì? answer: mang lại thuận lợi cho Roosevelt khi Đảng Dân chủ nắm đa số ghế áp đảo tại cả hai viện lập pháp,question: Kết quả của cuộc bầu cử năm 1934 là gì? answer: mang lại thuận lợi cho Roosevelt khi Đảng Dân chủ nắm đa số ghế áp đảo tại cả hai viện lập pháp,0.7814
229,RAG_Chunking,4,"question: Đạo luật Quan hệ Lao động Quốc gia được thành lập dựa trên cơ sở nào? answer: thiết lập quyền liên bang của công nhân được quyền thành lập công đoàn, quyền thương thuyết tập thể và quyền tham gia đình công","question: Đạo luật Quan hệ Lao động Quốc gia được thành lập dựa trên cơ sở nào? answer: thiết lập quyền liên bang của công nhân được quyền thành lập công đoàn, quyền thương thuyết tập thể và quyền tham gia đình công",0.8052
230,Chunking_Only,1,"question: Những người thổ dân Taino hoặc bị giết trong những trận chiếm đẫm máu mà ưu thế thuộc về ai? answer: người Tây Ban Nha hay những bệnh dịch chết người từ châu Âu mà họ chưa tiếp xúc bao giờ, hoặc bị người Tây Ban Nha bắt làm nô lệ","question: Những người thổ dân Taino hoặc bị giết trong những trận chiếm đẫm máu mà ưu thế thuộc về ai? answer: người Tây Ban Nha hay những bệnh dịch chết người từ châu Âu mà họ chưa tiếp xúc bao giờ, hoặc bị người Tây Ban Nha bắt làm nô lệ",0.7048
230,Chunking_Only,2,question: Vì sao người Tây Ban Nha phải buôn nô lệ da đen từ châu Phi sang làm việc? answer: Puerto Rico do vị trí địa lý chiến lược của mình trở thành một pháo đài phòng thủ quan trọng cho hệ thống thuộc địa to lớn của Tây Ban Nha tại Mỹ Latinh,question: Vì sao người Tây Ban Nha phải buôn nô lệ da đen từ châu Phi sang làm việc? answer: Puerto Rico do vị trí địa lý chiến lược của mình trở thành một pháo đài phòng thủ quan trọng cho hệ thống thuộc địa to lớn của Tây Ban Nha tại Mỹ Latinh,0.8791
230,Chunking_Only,3,"question: Mục đích của San Felipe del Morro hay El Castillo de San Cristobal là gì? answer: bảo vệ Puerto Rico khỏi sự dòm ngó của các cường quốc thù địch như Pháp, Hà Lan và Anh","question: Mục đích của San Felipe del Morro hay El Castillo de San Cristobal là gì? answer: bảo vệ Puerto Rico khỏi sự dòm ngó của các cường quốc thù địch như Pháp, Hà Lan và Anh",0.7962
230,RAG_Chunking,1,"question: Chủ nô là những người như thế nào trong xã hội Hy Lạp và La Mã? answer: tầng lớp chiếm số đông trong xã hội, làm việc nặng nhọc ở các trang trại, trong các xưởng thủ công, khuân vác hàng hoá và ch answer: Nô lệ là tầng lớp chiếm số đông trong xã hội, làm việc nặng nhọc ở các trang trại, trong các xưởng thủ công, khuân vác hàng hoá và ch","question: Chủ nô là những người như thế nào trong xã hội Hy Lạp và La Mã? answer: những người tự do, gồm nông dân nghèo, thợ thủ công, nô lệ được giải phóng... Nô lệ là tầng lớp chiếm số đông trong xã hội, làm việc nặng nhọc ở các trang trại, trong các xưởng thủ công, khuân vác hàng hoá và ch... Nô lệ là tầng lớp chiếm số đông trong xã hội, làm việc nặng nhọc ở các trang trại, trong các xưởng thủ công, khuân vác hàng hoá và ch... Nô lệ là tầng lớp chiếm số đông trong xã hội, làm việc",0.9124
230,RAG_Chunking,2,"question: Tình trạng gì xảy ra ở các làng xã? answer: tình trạng che giấu, gian dối về ruộng đất và dân đinh trở nên phổ biến","question: Tình trạng gì xảy ra ở các làng xã? answer: tình trạng che giấu, gian dối về ruộng đất và dân đinh trở nên phổ biến",0.768
230,RAG_Chunking,3,"question: La Fortaleza, El Castillo, San Felipe del Morro hay El Castillo de San Cristobal được xây dựng nhằm mục đích gì? answer: bảo vệ Puerto Rico khỏi sự dòm ngó của các cường quốc thù địch như Pháp, Hà Lan và Anh","question: La Fortaleza, El Castillo, San Felipe del Morro hay El Castillo de San Cristobal được xây dựng nhằm mục đích gì? answer: bảo vệ Puerto Rico khỏi sự dòm ngó của các cường quốc thù địch như Pháp, Hà Lan và Anh",0.8274
230,RAG_Chunking,4,question: Sự giàu có tài nguyên của Puerto Rico chủ yếu mang lại điều gì? answer: mang lại sự thịnh vượng cho chính quốc chứ cư dân hòn đảo thì sống trong tình trạng nghèo khó,question: Sự giàu có tài nguyên của Puerto Rico chủ yếu mang lại điều gì? answer: mang lại sự thịnh vượng cho chính quốc chứ cư dân hòn đảo thì sống trong tình trạng nghèo khó,0.8067
231,Chunking_Only,1,"question: Đạo luật Quan hệ Lao động Quốc gia là gì? answer: Đạo luật này thiết lập quyền liên bang của công nhân được quyền thành lập công đoàn, quyền thương thuyết tập thể và quyền tham gia đình công","question: Đạo luật Quan hệ Lao động Quốc gia là gì? answer: Đạo luật này thiết lập quyền liên bang của công nhân được quyền thành lập công đoàn, quyền thương thuyết tập thể và quyền tham gia đình công",0.6292
231,RAG_Chunking,1,"question: Chiến tranh giải phóng dân tộc mở ra kỷ nguyên gì? answer: kỷ nguyên gì? answer: độc lập, thống nhất, đi lên chủ nghĩa xã hội","question: Chiến tranh giải phóng dân tộc mở ra kỷ nguyên gì? answer: độc lập, thống nhất, đi lên chủ nghĩa xã hội",0.6745
231,RAG_Chunking,2,question: Answer: được phát huy và ngày càng mở rộng; khối đại đoàn kết toàn dân tộc được củng cố và tăng cường,question: Nền dân chủ xã hội chủ nghĩa được phát huy và ngày càng mở rộng như thế nào? answer: được phát huy và ngày càng mở rộng; khối đại đoàn kết toàn dân tộc được củng cố và tăng cường,0.8148
231,RAG_Chunking,3,question: Kết quả của cuộc bầu cử năm 1934 là gì? answer: mang lại thuận lợi cho Roosevelt khi Đảng Dân chủ nắm đa số ghế áp đảo tại cả hai viện lập pháp,question: Kết quả của cuộc bầu cử năm 1934 là gì? answer: mang lại thuận lợi cho Roosevelt khi Đảng Dân chủ nắm đa số ghế áp đảo tại cả hai viện lập pháp,0.7814
231,RAG_Chunking,4,"question: Đạo luật Quan hệ Lao động Quốc gia được thành lập dựa trên cơ sở nào? answer: thiết lập quyền liên bang của công nhân được quyền thành lập công đoàn, quyền thương thuyết tập thể và quyền tham gia đình công","question: Đạo luật Quan hệ Lao động Quốc gia được thành lập dựa trên cơ sở nào? answer: thiết lập quyền liên bang của công nhân được quyền thành lập công đoàn, quyền thương thuyết tập thể và quyền tham gia đình công",0.8052
232,Chunking_Only,1,question: Các khu vườn của Paris được bố trí như thế nào? answer: tôn trọng điểm cực tây và điểm cực đông của nội thành thành phố,question: Các khu vườn của Paris được bố trí như thế nào? answer: tôn trọng điểm cực tây và điểm cực đông của nội thành thành phố,0.7302
232,Chunking_Only,2,"question: Những công viên nào được quy hoạch ở các quận mới hơn? answer: Monceau, Montsouris, Buttes-Chaumont","question: Những công viên nào được quy hoạch ở các quận mới hơn? answer: Monceau, Montsouris, Buttes-Chaumont",0.7316
232,RAG_Chunking,1,"question: Các cuộc phát kiến địa lí đã tác động như thế nào đến kinh tế Tây Âu? answer: tác động và thúc đẩy kinh tế công, thương nghiệp, sự tiến bộ của khoa học kĩ thuật","question: Các cuộc phát kiến địa lí đã tác động như thế nào đến kinh tế Tây Âu? answer: tác động và thúc đẩy kinh tế công, thương nghiệp, sự tiến bộ của khoa học  kĩ thuật",0.8521
232,RAG_Chunking,2,question: Khu vực Nam Âu có những bán đảo nào? answer: bán đảo Ban-căng và bán đảo I-ta-li-a,question: Khu vực Nam Âu có những bán đảo nào? answer: bán đảo Ban-căng và bán đảo I-ta-li-a,0.7567
232,RAG_Chunking,3,"question: Vào thời Đệ nhị đế chế, việc tạo ra các không gian xanh trở nên cần thiết cho một thành phố như thế nào? answer: việc tạo ra các không gian xanh trở nên cần thiết cho một thành phố có dân số đang phát triển nhanh","question: Vào thời Đệ nhị đế chế, việc tạo ra các không gian xanh trở nên cần thiết như thế nào? answer: việc tạo ra các không gian xanh trở nên cần thiết cho một thành phố có dân số đang phát triển nhanh. Với sự chỉ đạo của kỹ sư Jean-Charles Alphand và họa sĩ phong cảnh Jean-Pierre Barillet-Deschamps, các khu vườn của Paris mới có được bộ mặt như hiện nay",0.8797
232,RAG_Chunking,4,"question: Các khu vườn của Paris được quy hoạch như thế nào? answer: Rừng Boulogne và rừng Vincennes, nằm ngoài Paris, được bố trí tôn trọng điểm cực tây và điểm cực đông của nội thành thành phố","question: Các khu vườn của Paris được quy hoạch như thế nào? answer: Rừng Boulogne và rừng Vincennes, nằm ngoài Paris, được bố trí tôn trọng điểm cực tây và điểm cực đông của nội thành thành phố. Rừng Boulogne và rừng Vincennes, nằm ngoài Paris, được bố trí tôn trọng điểm cực tây và điểm cực đông của nội thành thành phố. Rừng Boulogne và rừng Vincennes, nằm ngoài Paris, được bố trí tôn trọng điểm cực tây và điểm cực đông của nội thành thành phố. Rừng Boulogne và rừng Vincennes, nằm ngoài Paris, được bố trí tôn trọng điểm cực tây và điểm cực đông của",0.8618
232,RAG_Chunking,5,"question: Những công viên quan trọng nào được quy hoạch ở các quận mới? answer: Monceau, Montsouris, Buttes-Chaumont","question: Những công viên quan trọng nào được quy hoạch ở các quận mới? answer: Monceau, Montsouris, Buttes-Chaumont",0.7733
233,Chunking_Only,1,"question: Đá vôi được khai thác cho tới thế kỷ 14 ở đâu? answer: tả ngạn sông Seine, từ quảng trường Italie tới phố Vaugirard","question: Đá vôi được khai thác cho tới thế kỷ 14 ở đâu? answer: tả ngạn sông Seine, từ quảng trường Italie tới phố Vaugirard",0.656
233,Chunking_Only,2,question: Montmartre và Bagneux từng rất phổ biến ở đâu? answer: Montmartre và Bagneux,question: Khai thác thạch cao phổ biến ở đâu? answer: Montmartre và Bagneux,0.7499
233,RAG_Chunking,1,question: Khu vực Nam Âu có những bán đảo nào? answer: bán đảo Ban-căng và bán đảo I-ta-li-a,question: Khu vực Nam Âu có những bán đảo nào? answer: bán đảo Ban-căng và bán đảo I-ta-li-a,0.7339
233,RAG_Chunking,2,"question: Đất đai ở những nơi này trở nên màu mỡ, nông nghiệp có điều kiện phát triển dẫn đến sự xuất hiện sớm của nhà nước là do đâu? answer: nhờ sự bồi đắp phù sa của những dòng sông đó nên đất đai ở những nơi này trở nên màu mỡ, nông nghiệp có điều kiện phát triển, dẫn đến sự xuất hiện sớm của nhà nước","question: Đất đai ở những nơi này trở nên màu mỡ, nông nghiệp có điều kiện phát triển dẫn đến sự xuất hiện sớm của nhà nước là do đâu? answer: nhờ sự bồi đắp phù sa của những dòng sông đó nên đất đai ở những nơi này trở nên màu mỡ, nông nghiệp có điều kiện phát triển, dẫn đến sự xuất hiện sớm của nhà nước",0.6903
233,RAG_Chunking,3,question: Nền văn minh nào được hình thành bên dòng sông Nin? answer: Văn minh Ai Cập cổ đại,question: Nền văn minh nào được hình thành bên dòng sông Nin? answer: Văn minh Ai Cập cổ đại,0.8486
233,RAG_Chunking,4,"question: Đá vôi được khai thác cho tới thế kỷ 14 ở đâu? answer: tả ngạn sông Seine, từ quảng trường Italie tới phố Vaugirard","question: Đá vôi được khai thác cho tới thế kỷ 14 ở đâu? answer: tả ngạn sông Seine, từ quảng trường Italie tới phố Vaugirard",0.7184
234,Chunking_Only,1,"question: Phái Tập hợp những người Cộng hoà cánh Tả được lãnh đạo bởi những ai? answer: Đảng cấp tiến, Liên minh Kháng chiến Dân chủ Xã hội (Union démocratique et socialiste de la Résistance hay UDSR) trung dung và nh answer: answer: Đảng cấp tiến, Liên minh Kháng chiến Dân chủ Xã hội (Union démocratique et socialiste de la Résistance hay UDSR) trung dung và nh",question: Phái Tập hợp những người Cộng hoà cánh Tả được lãnh đạo bởi ai? answer: ông lãnh đạo phái Tập hợp những người Cộng hoà cánh Tả (Rassemblement des gauches républicaines hay RGR) ở ngoại ô phía tây Paris,0.6454
234,Chunking_Only,2,"question: Chính sách của ""liên minh ba đảng"" là gì? answer: Cộng sản, Xã hội và Dân chủ Thiên chúa giáo","question: Chính sách của ""liên minh ba đảng"" là gì? answer: Cộng sản, Xã hội và Dân chủ Thiên chúa giáo",0.624
234,RAG_Chunking,1,"question: Hệ thống xã hội chủ nghĩa ra đời trong bối cảnh nào? answer: Sau Chiến tranh thế giới thứ hai, hệ thống xã hội chủ nghĩa ra đời","question: Hệ thống xã hội chủ nghĩa ra đời trong bối cảnh nào? answer: Sau Chiến tranh thế giới thứ hai, hệ thống xã hội chủ nghĩa ra đời",0.6558
234,RAG_Chunking,2,question: Ý nghĩa lịch sử của chiến dịch Hòa Bình là gì? answer: chấm dứt ách thống trị của thự,"question: Ý nghĩa lịch sử của chiến dịch Hòa Bình là gì? answer: Tây Bắc (1952), Thượng Lào (1953)",0.762
234,RAG_Chunking,3,"question: Chiến, Liên minh Kháng chiến Dân chủ Xã hội (Union démocratique et socialiste de la Résistance hay UDSR) trung dung và nhiều nhóm bảo thủ là những đảng phái nào? answer: Cộng sản, Xã hội và Dân chủ Thiên chúa giáo","question: Chiến, Liên minh Kháng chiến Dân chủ Xã hội (Union démocratique et socialiste de la Résistance hay UDSR) trung dung và nhiều nhóm bảo thủ là những đảng phái nào? answer: Cộng sản, Xã hội và Dân chủ Thiên chúa giáo",0.8013
235,Chunking_Only,1,"question: Trong lúc Churchill xem Stalin là một bạo chúa thì Roosevelt đã có hành động gì? answer: tuyên bố tóm tắt lý lẽ quan hệ của ông đối với Stalin như sau: ""Tôi thì có một linh cảm rằng Stalin không phải láu cá khi ông cảnh báo về một mối thống trị tiềm năng độc tài của Stalin đối với châu Âu","question: Trong lúc Churchill xem Stalin là một bạo chúa thì Roosevelt đã có hành động gì? answer: tuyên bố tóm tắt lý lẽ quan hệ của ông đối với Stalin như sau: ""Tôi thì có một linh cảm rằng Stalin không phải láu cá khi ông cảnh báo về một mối thống trị tiềm năng độc tài của Stalin đối với châu Âu thì Roosevelt đáp lời bằng một lời tuyên bố tóm tắt lý lẽ quan hệ của ông đối với Stalin như sau: Tôi thì có một linh cảm rằng Stalin không phải láu cá khi ông cảnh báo về một mối thống trị tiềm năng độc tài của Stalin đối với",0.8576
235,Chunking_Only,2,"question: Roosevelt và Churchill đã nói với Stalin điều gì? answer: answer: Stalin không phải là hạng người như thế.... Tôi nghĩ rằng nếu tôi cho ông ta mọi thứ mà tôi có thể cho và không đòi hỏi ông ta cho lại cái gì, theo nghĩa vụ quý phái, ông ta sẽ không tìm cách thôn tính bất cứ mọi thứ và sẽ làm việc với tôi vì một thế giới dân chủ và hòa bình","question: Roosevelt và Churchill đã nói với Stalin điều gì? answer: Stalin không phải là hạng người như thế.... Tôi nghĩ rằng nếu tôi cho ông ta mọi thứ mà tôi có thể cho và không đòi hỏi ông ta cho lại cái gì, theo nghĩa vụ quý phái, ông ta sẽ không tìm cách thôn tính bất cứ mọi thứ và sẽ làm việc với tôi vì một thế giới dân chủ và hòa bình.""",0.9145
235,Chunking_Only,3,question: Các kế hoạch của Roosevelt nhằm mục đích gì? answer: thành lập một tổ chức quốc tế thời hậu chiến,question: Các kế hoạch của Roosevelt nhằm thành lập một tổ chức quốc tế thời hậu chiến là nhằm mục đích gì? answer: thành lập một tổ chức quốc tế thời hậu chiến,0.6541
235,Chunking_Only,4,question: kế hoạch của Roosevelt về việc thành lập Liên Hiệp Quốc là gì? answer: hứa tham chiến chống Nhật Bản 90 ngày sau khi Đức bị đánh bại,question: kế hoạch của Roosevelt về việc thành lập Liên Hiệp Quốc là gì? answer: thành lập Liên Hiệp Quốc và hứa tham chiến chống Nhật Bản 90 ngày sau khi Đức bị đánh bại,0.8489
235,RAG_Chunking,1,question: Sau sự kiện nào thì hệ thống xã hội chủ nghĩa ra đời? answer: Sau Chiến tranh thế giới thứ hai,question: Sau sự kiện nào thì hệ thống xã hội chủ nghĩa ra đời? answer: Sau Chiến tranh thế giới thứ hai,0.7326
235,RAG_Chunking,2,question: Nguyên nhân dẫn tới thắng lợi của Cách mạng Tháng Tám năm 1945 là gì? answer: Sự lãnh đạo đúng đắn của Đảng Cộng sản Đông Dương đứng đầu là Chủ tịch Hồ Chí Minh,question: Nguyên nhân dẫn tới thắng lợi của Cách mạng Tháng Tám năm 1945 là gì? answer: Sự lãnh đạo đúng đắn của Đảng Cộng sản Đông Dương đứng đầu là Chủ tịch Hồ Chí Minh,0.9307
235,RAG_Chunking,3,"question: Chủ tịch Hồ Chí Minh đã làm gì để khẳng định tính hợp pháp của nhà nước Việt Nam Dân chủ Cộng hòa? answer: gửi thư, công hàm khẳng định tính hợp pháp của nhà nước Việt Nam Dân chủ Cộng hòa","question: Chủ tịch Hồ Chí Minh đã làm gì để khẳng định tính hợp pháp của nhà nước Việt Nam Dân chủ Cộng hòa? answer: gửi thư, công hàm khẳng định tính hợp pháp của nhà nước Việt Nam Dân chủ Cộng hòa. - Chủ tịch Hồ Chí Minh gửi thư, công hàm khẳng định tính hợp pháp của nhà nước Việt Nam Dân chủ Cộng hòa. - Chủ tịch Hồ Chí Minh gửi thư, công hàm khẳng định tính hợp pháp của nhà nước Việt Nam Dân chủ Cộng hòa. - Chủ tịch Hồ Chí Minh gửi thư, công hàm khẳng định tính hợp pháp của nhà nước Việt Nam Dân chủ",0.6831
235,RAG_Chunking,4,question: Trong lúc Churchill xem Stalin là một bạo chúa thì Roosevelt đã có phản ứng như thế nào? answer: Roosevelt đáp lời bằng một lời tuyên bố tóm tắt lý lẽ quan hựu quan hựu quan hựu quan hựu quan hựu quan hựu quan hựu quan hựu quan hựu quan hựu quan hựu quan hựu quan hựu quan hựu quan hựu quan hựu quan hựu quan hựu quan hựu quan hựu quan hựu quan hựu quan hựu quan hựu quan hựu quan hựu quan hựu quan hựu quan hựu quan,question: Trong lúc Churchill xem Stalin là một bạo chúa thì Roosevelt đã có phản ứng như thế nào? answer: Churchill xem Stalin là một bạo chúa khi ông cảnh báo về một mối thống trị tiềm năng độc tài của Stalin đối với châu Âu thì Roosevelt đáp lời bằng một lời tuyên bố tóm tắt lý lẽ quan hựu quan hựu quan hựu quan hựu quan hựu quan hựu quan hựu quan hựu quan hựu quan hựu quan hựu quan hựu quan hựu quan hựu quan hựu quan hựu quan hựu quan hựu quan hựu quan hựu,0.8215
235,RAG_Chunking,5,"question: Roosevelt có linh cảm như thế nào về Stalin? answer: Stalin không phải là hạng người như thế.... Tôi nghĩ rằng nếu tôi cho ông ta mọi thứ mà tôi có thể cho và không đòi hỏi ông ta cho lại cái gì, theo nghĩa vụ quý phái, ông ta sẽ không tìm cách thôn tính bất cứ mọi thứ và sẽ làm việc với tôi vì một thế giới answer: Stalin không phải là hạng người như thế.... Tôi nghĩ rằng nếu tôi cho ông ta mọi thứ mà tôi có thể cho và không đòi hỏi ông ta cho lại cái gì, theo nghĩa vụ quý phái","question: Roosevelt có linh cảm như thế nào về Stalin? answer: Stalin không phải là hạng người như thế.... Tôi nghĩ rằng nếu tôi cho ông ta mọi thứ mà tôi có thể cho và không đòi hỏi ông ta cho lại cái gì, theo nghĩa vụ quý phái, ông ta sẽ không tìm cách thôn tính bất cứ mọi thứ và sẽ làm việc với tôi vì một thế giới",0.9527
235,RAG_Chunking,6,question: Các kế hoạch của Roosevelt nhằm mục đích gì? answer: thành lập một tổ chức quốc tế thời hậu chiến,question: Các kế hoạch của Roosevelt nhằm mục đích gì? answer: thành lập một tổ chức quốc tế thời hậu chiến,0.6841
235,RAG_Chunking,7,question: Vì sao Stalin cứ khăng khăng đòi vẽ lại các ranh giới của Ba Lan? answer: Vì sao Stalin cứ khăng khăng đòi vẽ lại các ranh giới của Ba Lan,question: Vì sao Stalin cứ khăng khăng đòi vẽ lại các ranh giới của Ba Lan? answer: Stalin ủng hộ kế hoạch của Roosevelt về việc thành lập Liên Hiệp Quốc và hứa tham chiến chống Nhật Bản 90 ngày sau khi Đức bị đánh bại,0.8905
236,Chunking_Only,1,question: Chính quyền thành phố Paris quản lý bao nhiêu thư viện phổ thông và khoảng 10 thư viện chuyên đề? answer: 55 thư viện phổ thông và khoảng 10 thư viện chuyên đề,question: Chính quyền thành phố Paris quản lý bao nhiêu thư viện phổ thông và khoảng 10 thư viện chuyên đề? answer: 55 thư viện phổ thông và khoảng 10 thư viện chuyên đề,0.81
236,Chunking_Only,2,question: Những thư viện nào mở cửa cho người ngoài? answer: thư viện trong trung tâm Georges-Pompidou,question: Những thư viện nào mở cửa cho người ngoài? answer: thư viện trong trung tâm Georges-Pompidou,0.6691
236,RAG_Chunking,1,"question: Các việc hộ tịch, tiền thóc, ngục tụng đều làm chung thành số sách của một lộ, đến cuối năm báo lên sảnh để làm bằng cứ mà khảo xét..... (Ngô Sĩ Liên và các sử thần triều Hậu Lê, Đại Việt sử ký toàn thư, Tập 2, NXB Khoa họ). Huyện đặt chức gì? answer: Lệnh uý và Chủ bạ","question: Các việc hộ tịch, tiền thóc, ngục tụng đều làm chung thành số sách của một lộ, đến cuối năm báo lên sảnh để làm bằng cứ mà khảo xét..... (Ngô Sĩ Liên và các sử thần triều Hậu Lê, Đại Việt sử ký toàn thư, Tập 2, NXB Khoa họ). Huyện đặt chức gì? answer: Lệnh uý và Chủ bạ",0.8366
236,RAG_Chunking,2,"question: Vào ngày 14-7-1789, hàng nghìn người dân Pa-ri đã nổi dậy đánh chiếm ngục Ba-xti bằng cách nào? answer: hàng nghìn người dân Pa-ri đã nổi dậy đánh chiếm ngục Ba-xti từ tay quân lính của triều đình","question: Vào ngày 14-7-1789, hàng nghìn người Pa-ri đã nổi dậy đánh chiếm ngục Ba-xti bằng cách nào? answer: hàng nghìn người dân Pa-ri đã nổi dậy đánh chiếm ngục Ba-xti từ tay quân lính của triều đình",0.7809
236,RAG_Chunking,3,question: Thư viện Lịch sử Paris được khánh thành vào năm nào? answer: năm 1871,question: Thư viện Lịch sử Paris được khánh thành vào năm nào? answer: năm 1871,0.7524
236,RAG_Chunking,4,"question: Thư viện nào là nơi lưu trữ một triệu cuốn sách, ảnh, bản đồ liên quan tới lịch sử thành phố? answer: thư viện Lịch sử Paris","question: Thư viện nào là nơi lưu trữ một triệu cuốn sách, ảnh, bản đồ liên quan tới lịch sử thành phố? answer: thư viện Lịch sử Paris",0.7975
236,RAG_Chunking,5,"question: Answer: Những sách, tạp chí, truyện tranh... được mượn tự do, còn các đĩa nhạc, video thì cần trả một số tiền trung bình hàng năm","question: Những sách, tạp chí, truyện tranh... được mượn tự do, còn các đĩa nhạc, video thì cần trả bao nhiêu tiền hàng năm? answer: trung bình hàng năm",0.6045
237,Chunking_Only,1,"question: Tỷ lệ dân số sống dưới mức nghèo khổ ở Mông Cổ là bao nhiêu? answer: 35.6% năm 1998, 36.1% năm 20022003, 32.2% năm 2006, và cả tỷ lệ thất nghiệp và lạm phát đều khá cao ở mức 3.2% và 6.0%","question: Tỷ lệ dân số sống dưới mức nghèo khổ ở Mông Cổ là bao nhiêu? answer: 35.6% năm 1998, 36.1% năm 20022003, 32.2% năm 2006, và cả tỷ lệ thất nghiệp và lạm phát đều khá cao ở mức 3.2% và 6.0%",0.7672
237,RAG_Chunking,1,"question: Các khu công nghiệp nào đã tạo hàng triệu việc làm? answer: Khu chế xuất Tân Thuận (1991) - khu chế xuất đầu tiên Việt Nam, Khu công nghệ cao TP.HCM (2002)","question: Các khu công nghiệp nào đã tạo hàng triệu việc làm? answer: Khu chế xuất Tân Thuận (1991) - khu chế xuất đầu tiên Việt Nam, Khu công nghệ cao TP.HCM (2002)",0.7426
237,RAG_Chunking,2,question: Hiến chương ASEAN đánh giá năng lực đổi mới của các nền kinh tế như thế nào? answer: Đánh giá năng lực đổi mới của các nền kinh tế,question: Hiến chương ASEAN đánh giá năng lực đổi mới của các nền kinh tế như thế nào? answer: Đánh giá năng lực đổi mới của các nền kinh tế,0.6603
237,RAG_Chunking,3,question: Hiến chương ASEAN là gì? answer: Khung pháp lý cho ASEAN (2007),question: Hiến chương ASEAN là gì? answer: Khung pháp lý cho ASEAN (2007),0.7851
237,RAG_Chunking,4,question: Vì sao nền kinh tế Đàng Trong rơi vào khủng hoảng? answer: Do chế độ thuế khoá nặng nề và ngoại thương suy tàn,question: Vì sao nền kinh tế Đàng Trong rơi vào khủng hoảng? answer: Do chế độ thuế khoá nặng nề và ngoại thương suy tàn,0.7889
237,RAG_Chunking,5,question: Tỷ lệ thất nghiệp và lạm phát ở Mông Cổ là bao nhiêu? answer: 3.2% và 6.0%,question: Tỷ lệ thất nghiệp và lạm phát ở Mông Cổ là bao nhiêu? answer: 3.2% và 6.0%,0.6252
238,Chunking_Only,1,"question: Khi lên nhậm chức, Mitterrand đã có những động thái gì? answer: Mitterrand đã bãi bỏ hình phạt tử hình ngay khi lên nhậm chức (thông qua Đạo luật Badinter), cũng như ""Đạo luật anti-casseurs"" quy định việc quy trách nhiệm cho các hành động bạo lực trong các cuộc biểu tình","question: Khi lên nhậm chức, Mitterrand đã có những động thái gì? answer: Mitterrand đã bãi bỏ hình phạt tử hình ngay khi lên nhậm chức (thông qua Đạo luật Badinter), cũng như ""Đạo luật anti-casseurs"" quy định việc quy trách nhiệm cho các hành động bạo lực trong các cuộc biểu tình",0.8401
238,Chunking_Only,2,"question: Những bộ luật phi tập trung đầu tiên của Mitterrand là gì? answer: Đạo luật Defferre và tự do hoá truyền thông, lập ra CSA cơ quan quản lý truyền thông, và cho phép đài truyền thanh tư nhân và kênh truyền hình tư nhân đầu tiên (Canal+)","question: Những bộ luật phi tập trung đầu tiên của Mitterrand là gì? answer: Đạo luật Defferre và tự do hoá truyền thông, lập ra CSA cơ quan quản lý truyền thông, và cho phép đài truyền thanh tư nhân và kênh truyền hình tư nhân đầu tiên (Canal+)",0.8372
238,Chunking_Only,3,question: Mitterrand trở thành một công dân danh dự của Belgrade vào năm nào? answer: Năm 1983,question: Mitterrand trở thành một công dân danh dự của Belgrade vào năm nào? answer: Năm 1983,0.7462
238,RAG_Chunking,1,"question: Việc làm sách Hình luật của mỗi triều đại được thực hiện như thế nào? answer: Sách làm xong, xuống chiếu ban hành, dân lấy làm tiện. (Đại Việt sử ký toàn thư - Ngô Sĩ Liên và các sử thần triều Hậu Lê) [3. Một số cuộc kháng chiến không thành công] [Năm 1397] Lộ đặt chức 1n phủ sứ và 1n phủ phó sứ. Phủ đặt chức Trấn phủ sứ và Trấn phủ phó sứ. Châu đặt chức Thông phán và Thiêm phán. Huyện đặt chức Lệnh uý và Chủ bạ để cai tr","question: Việc làm sách Hình luật của mỗi triều đại được thực hiện như thế nào? answer: Sách làm xong, xuống chiếu ban hành, dân lấy làm tiện. (Đại Việt sử ký toàn thư - Ngô Sĩ Liên và các sử thần triều Hậu Lê) [3. Một số cuộc kháng chiến không thành công] [Năm 1397] Lộ đặt chức 1n phủ sứ và 1n phủ phó sứ. Lộ đặt chức Trấn phủ sứ và Trấn phủ phó sứ. Châu đặt chức Thông phán và Thiêm phán. Huyện đặt chức Lệnh uý và Chủ bạ để cai tr",0.8982
238,RAG_Chunking,2,"question: Các việc hộ tịch, tiền thóc, ngục tụng đều làm chung thành số sách của một lộ, đến cuối năm báo lên sảnh để làm bằng cứ mà khảo xét..... (Ngô Sĩ Liên và các sử thần triều Hậu Lê, Đại Việt sử ký toàn thư, Tập 2, NXB Khoa học xã hội, tr.192). (Ngô Sĩ Liên và các sử thần triều Hậu Lê, Đại Việt sử ký toàn thư, Tập 2, NXB Khoa học xã hội, tr.192). (Ngô Sĩ Liên và các sử thần triều Hậu Lê, Đại","question: Các việc hộ tịch, tiền thóc, ngục tụng đều làm chung thành số sách của một lộ, đến cuối năm báo lên sảnh để làm bằng cứ mà khảo xét..... (Ngô Sĩ Liên và các sử thần triều Hậu Lê, Đại Việt sử ký toàn thư, Tập 2, NXB Khoa học xã hội, tr.192). (Ngô Sĩ Liên và các sử thần triều Hậu Lê, Đại Việt sử ký toàn thư, Tập 2, NXB Khoa học xã hội, tr.192). (Ngô Sĩ Liên và các sử thần triều Hậu Lê, Đại",0.842
238,RAG_Chunking,3,"question: Mối hại ngày nay có thể là gì? answer: do gây bè cánh, tiến cử không công bằng, có thể vì cậy thế công thân nơi tiềm để cho vợ con chạy chọt nhờ vả nơi quyền thế, có thể do để bạn gia nô làm hại dân lành, hay thậm thịt ở các nhà qủi","question: Mối hại ngày nay có thể là gì? answer: do gây bè cánh, tiến cử không công bằng, có thể vì cậy thế công thân nơi tiềm để cho vợ con chạy chọt nhờ vả nơi quyền thế, có thể do để bạn gia nô làm hại dân lành, hay thậm thịt ở các nhà qủi",0.786
238,RAG_Chunking,4,"question: Answer: chạy chọt nhờ vả nơi quyền thế, có thể do để bạn gia nô làm hại dân lành, hay thậm thịt ở các nhà quyền thế để xin khỏi tội...","question: Vì sao Mitterrand đã bãi bỏ hình phạt tử hình? answer: chạy chọt nhờ vả nơi quyền thế, có thể do để bạn gia nô làm hại dân lành, hay thậm thịt ở các nhà quyền thế để xin khỏi tội...",0.8246
239,Chunking_Only,1,"question: Từ năm 1932 đến năm 1940, nền kinh tế phát triển như thế nào? answer: phát triển 58% từ năm 1932 đến năm 1940 trong khoảng thời gian 8 năm hòa bình, và rồi phát triển 56% từ 1940 đến 1945 trong khoảng thời gian 5 năn hòa bình, và rồi phát triển 56% từ 1940 đến 1945 trong khoảng thời gian 5 năn hòa bình, và rồi phát triển 56% từ 1940 đến 1945 trong khoảng","question: Từ năm 1932 đến năm 1940, nền kinh tế phát triển như thế nào? answer: phát triển 58% từ năm 1932 đến năm 1940 trong khoảng thời gian 8 năm hòa bình, và rồi phát triển 56% từ 1940 đến 1945 trong khoảng thời gian 5 năn hòa bình, và rồi phát triển 56% từ 1940 đến 1945 trong khoảng thời gian 5 năn hòa bình, và rồi phát triển 56% từ 1940 đến 19",0.7263
239,Chunking_Only,2,"question: Thất nghiệp của Roosevelt đã gia tăng như thế nào trong nhiệm kỳ đầu của ông? answer: giảm đáng kể trong nhiệm kỳ đầu của Roosevelt từ 25% khi ông nhậm chức xuống còn 14,3% năm 1937. Tuy nhiên sau đó, nó lại gia tăng lên đến 19,0% năm 1938 ('khủng hoảng trong khủng hoảng') v answer: giảm đáng kể trong nhiệm kỳ đầu của Roosevelt từ 25% khi ông nhậm chức xuống còn 14,3% năm 1937","question: Thất nghiệp của Roosevelt đã gia tăng như thế nào trong nhiệm kỳ đầu của ông? answer: giảm đáng kể trong nhiệm kỳ đầu của Roosevelt từ 25% khi ông nhậm chức xuống còn 14,3% năm 1937",0.758
239,RAG_Chunking,1,"question: Các khu công nghiệp nào đã tạo hàng triệu việc làm? answer: Khu chế xuất Tân Thuận (1991) - khu chế xuất đầu tiên Việt Nam, Khu công nghệ cao TP.HCM (2002)","question: Các khu công nghiệp nào đã tạo hàng triệu việc làm? answer: Khu chế xuất Tân Thuận (1991) - khu chế xuất đầu tiên Việt Nam, Khu công nghệ cao TP.HCM (2002)",0.7426
239,RAG_Chunking,2,question: Nền kinh tế Đại Việt sau chiến tranh đã được phục hồi như thế nào? answer: được phục hồi như thế nào? answer: Nền kinh tế Đại Việt sau chiến tranh đã được phục hồi như thế nào? answer: được phục hồi như thế nào? answer: Nền kinh tế Đại Việt sau chiến tranh đã được phục hồi như thế nào? answer: được phục hồi như thế nào? answer: Nền kinh tế Đại Việt sau chiến tranh đã được phục hồi như thế nào? answer: Nền kinh tế Đại Việt sau chiến tranh đã được,"question: Nền kinh tế Đại Việt sau chiến tranh đã được phục hồi như thế nào? answer: xóa đói giảm nghèo từ 25% năm 1992 xuống dưới 1% năm 2020; hệ thống giáo dục, y tế hiện đại",0.7298
239,RAG_Chunking,3,"question: Chế độ ruộng đất còn tồn tại những hạn chế nào? answer: Một bộ phận nông dân thiếu ruộng đất canh tác, nguồn thu của nhà nước bị ảnh hưởng. Trong xã hội, nạn cường hào lộng hành và quan lại tham ô, nhũng nhiễu ngày càng nhức nhối, tình trạng coi thường pháp luật trở nên phổ biến","question: Chế độ ruộng đất còn tồn tại những hạn chế nào? answer: Một bộ phận nông dân thiếu ruộng đất canh tác, nguồn thu của nhà nước bị ảnh hưởng. Trong xã hội, nạn cường hào lộng hành và quan lại tham ô, nhũng nhiễu ngày càng nhức nhối, tình trạng coi thường pháp luật trở nên phổ biến",0.8102
239,RAG_Chunking,4,"question: Điều gì đã làm cho nghề nuôi cừu trở nên có lợi cho giai cấp tư sản và tầng lớp quý tộc? answer: Nhiều quý tộc chuyển hướng kinh doanh theo phương thức tư bản chủ nghĩa, đuổi nông nô khỏi lãnh địa, biến ruộng thành đồng cỏ, thuê nhân answer: answer: đuổi nông nô khỏi lãnh địa, biến ruộng thành đồng cỏ, thuê nhân answer: answer: đuổi nông nô khỏi lãnh địa, biến ruộng thành đồng cỏ, thuê nhân answer: answer: đuổi nông nô khỏi lãnh địa, biến ruộng thành đồng cỏ","question: Công nghiệp len, dạ bùng nổ đã làm cho nghề nuôi cừu trở nên có lợi cho giai cấp tư sản và tầng lớp quý tộc như thế nào? answer: làm cho nghề nuôi cừu trở nên có lợi cho giai cấp tư sản và tầng lớp quý tộc",0.6613
239,RAG_Chunking,5,"question: Theo phương thức tư bản chủ nghĩa, đuổi nông nô khỏi lãnh địa, biến ruộng thành gì? answer: đồng cỏ, thuê nhân công nuôi cừu lấy lông cung cấp cho thị trường","question: Theo phương thức tư bản chủ nghĩa, đuổi nông nô khỏi lãnh địa, biến ruộng thành gì? answer: đồng cỏ, thuê nhân công nuôi cừu lấy lông cung cấp cho thị trường",0.7264
239,RAG_Chunking,6,"question: Từ năm 1932 đến năm 1940, nền kinh tế phát triển như thế nào? answer: phát triển 58% từ năm 1932 đến năm 1940 trong khoảng thời gian 8 năm hòa bình, và rồi phát triển 56% từ 1940 đến 1945 trong khoảng thời gian 5 năm cữa hòa bình, và rồi phát triển 56% từ 1940 đến 1945 trong khoảng thời gian 5 năm cữa hòa bình, và rồi phát triển 56% từ 1940 đến 19","question: Từ năm 1932 đến năm 1940, nền kinh tế phát triển như thế nào? answer: phát triển 58% từ năm 1932 đến năm 1940 trong khoảng thời gian 8 năm hòa bình, và rồi phát triển 56% từ 1940 đến 1945 trong khoảng thời gian 5 năm cữa hòa bình, và rồi phát triển 56% từ 1940 đến 1945 trong khoảng thời gian 5 năm cữa hòa bình, và rồi phát triển 56% từ 1940 đến 19",0.7587
239,RAG_Chunking,7,"question: Thất nghiệp của Roosevelt gia tăng như thế nào trong nhiệm kỳ đầu của ông? answer: 14,3% năm 1938 ('khủng hoảng trong khủng hoảng') và 19,0% năm 1938 ('khủng hoảng trong khủng hoảng') và 19,0% năm 1938 ('khủng hoảng trong khủng hoảng') và 19,0% năm 1938 ('khủng hoảng trong khủng hoảng') và 19,0% năm 1938 ('khủng hoảng trong khủng hoảng'","question: Thất nghiệp của Roosevelt đã gia tăng như thế nào trong nhiệm kỳ đầu của ông? answer: 14,3% năm 1938 ('khủng hoảng trong khủng hoảng') và 19,0% năm 1938 ('khủng hoảng trong khủng hoảng') và 19,0% năm 1938 ('khủng hoảng trong khủng hoảng') và 19,0% năm 1938 ('khủng hoảng trong khủng hoảng')",0.7602
240,Chunking_Only,1,question: Người Tochari sinh sống tại miền tây Mông Cổ trong thời đại nào? answer: thời đại đồ đồng,question: Người Tochari sinh sống tại miền tây Mông Cổ trong thời đại nào? answer: thời đại đồ đồng,0.6839
240,Chunking_Only,2,question: Các cuộc xâm phạm của các dân tộc chăn nuôi gia súc ở phương bắc vào Trung Quốc trong thời nhà Thương và nhà Chu đã báo trước điều gì? answer: thời đại các đế quốc du mục,question: Các cuộc xâm phạm của các dân tộc chăn nuôi gia súc ở phương bắc vào Trung Quốc trong thời nhà Thương và nhà Chu đã báo trước điều gì? answer: thời đại các đế quốc du mục,0.657
240,RAG_Chunking,1,question: Nghề nhuộm vải phát triển ở khu vực nào? answer: Lưu vực Hoàng Hà và Trường Giang,question: Nghề nhuộm vải phát triển ở khu vực nào? answer: Lưu vực Hoàng Hà và Trường Giang,0.6767
240,RAG_Chunking,2,"question: Lưu vực Hoàng Hà và Trường Giang có điều kiện tự nhiên như thế nào? answer: có điều kiện tự nhiên thuận lợi: đồng bằng rộng lớn, đất đai màu mỡ, khí hậu khá ôn hoà... - Nhà nước quân chủ chuyên chế, vua (hoàng đế) answer: answer: answer: answer: có điều kiện tự nhiên thuận lợi: đồng bằng rộng lớn, đất đai màu mỡ, khí hậu khá ôn hoà... - Nghề nông ngày càng phát triển và trở thành ngành kinh tế chính","question: Lưu vực Hoàng Hà và Trường Giang có điều kiện tự nhiên như thế nào? answer: có điều kiện tự nhiên thuận lợi: đồng bằng rộng lớn, đất đai màu mỡ, khí hậu khá ôn hoà... - Nghề nông ngày càng phát triển và trở thành ngành kinh tế chính",0.6936
240,RAG_Chunking,3,"question: Dân tộc nào có quyền lực tối cao? answer: quý tộc, địa chủ phong kiến và nông dân thời trung đại","question: Dân tộc nào có quyền lực tối cao? answer: quý tộc, địa chủ phong kiến và nông dân thời trung đại",0.7512
240,RAG_Chunking,4,question: Những điều kiện thuận lợi cho sự định cư và canh tác nông nghiệp của cư dân là gì? answer: Những cánh đồng màu mỡ ven sông Thu Bồn tạo điều kiện thuận lợi cho sự định cư và canh tác nông nghiệp của cư dân,question: Những cánh đồng màu mỡ ven sông Thu Bồn tạo điều kiện thuận lợi gì cho sự định cư và canh tác nông nghiệp của cư dân? answer: tạo điều kiện thuận lợi cho sự định cư và canh tác nông nghiệp của cư dân,0.6473
240,RAG_Chunking,5,question: Người Tochari cư trú tại miền tây Mông Cổ trong thời đại đồ đồng là người như thế nào? answer: Người Tochari (Nguyệt Chi) và người Scythia cư trú tại miền tây Mông Cổ trong thời đại đồ đồng,question: Người Tochari cư trú tại miền tây Mông Cổ trong thời đại đồ đồng là người như thế nào? answer: Người Tochari (Nguyệt Chi) và người Scythia cư trú tại miền tây Mông Cổ trong thời đại đồ đồng,0.6784
240,RAG_Chunking,6,question: Tại sao các cuộc xâm phạm của các dân tộc chăn nuôi gia súc ở phương bắc vào Trung Quốc trong thời nhà Thương và nhà Chu báo trước thời đại các đế quốc du mục? answer: Các cuộc xâm phạm của các dân tộc chăn nuôi gia súc ở phương bắc vào Trung Quốc trong thời nhà Thương và nhà Chu,"question: Khi sinh hoạt du mục cưỡi ngựa được đưa đến Mông Cổ, trung tâm chính trị của Thảo nguyên Âu-Á chuyển đến đâu? answer: Mông Cổ",0.6968
241,Chunking_Only,1,question: Quân đội Iraq vượt biên giới Kuwait với bộ binh và xe bọc thép vào thời gian nào? answer: Rạng sáng ngày 2 tháng 8 năm 1990,question: Quân đội Iraq vượt biên giới Kuwait với bộ binh và xe bọc thép vào thời gian nào? answer: Rạng sáng ngày 2 tháng 8 năm 1990,0.7739
241,Chunking_Only,2,question: Iraq sáp nhập Kuwait vào thời gian nào? answer: sau một khi lập nên chính phủ bù nhìn do Alaa Hussein Ali lãnh đạo một thời gian ngắn,question: Iraq sáp nhập Kuwait vào thời gian nào? answer: sau một khi lập nên chính phủ bù nhìn do Alaa Hussein Ali lãnh đạo một thời gian ngắn,0.6741
241,RAG_Chunking,1,"question: Cuộc kháng chiến chống quân Xiêm diễn ra vào thời gian nào? answer: Giữa năm 1784, 5 vạn quân Xiêm kéo vào Gia Định (Nam Bộ ngày nay) với danh nghĩa giúp Nguyễn Ánh","question: Cuộc kháng chiến chống quân Xiêm diễn ra vào thời gian nào? answer: Giữa năm 1784, 5 vạn quân Xiêm kéo vào Gia Định (Nam Bộ ngày nay) với danh nghĩa giúp Nguyễn Ánh",0.8632
241,RAG_Chunking,2,"question: Ngày 19-1-1785 diễn ra sự kiện gì? answer: trên sông Tiên (đoạn từ Rạch Gầm đến Xoài Mút) đã diễn ra trận đánh quyết định giữa quân Tây Sơn và quân Xiêm. [Hạn chế] b) Kháng chiến chống quân Tống (981) Đầu năm 981, quân Tống dưới sự chỉ huy của tướng Hầu Nhân Bảo tiến hành xâm lược Đại Cồ Việt","question: Ngày 19-1-1785 diễn ra sự kiện gì? answer: trên sông Tiên (đoạn từ Rạch Gầm đến Xoài Mút) đã diễn ra trận đánh quyết định giữa quân Tây Sơn và quân Xiêm. [Hạn chế] b) Kháng chiến chống quân Tống (981) Đầu năm 981, quân Tống dưới sự chỉ huy của tướng Hầu Nhân Bảo tiến hành xâm lược Đại Cồ Việt. Đầu năm 981, quân Tống dưới sự chỉ huy của tướng Hầu Nhân Bảo tiến hành xâm lược Đại Cồ Việt",0.8867
241,RAG_Chunking,3,question: Ai là người chỉ huy đội quân của Emir? answer: Anh (Em) của Emir,question: Ai là người chỉ huy đội quân của Emir? answer: Anh (Em) của Emir,0.6263
241,RAG_Chunking,4,"question: Quân đội Iraq đã cướp bóc những gì? answer: các kho thực phẩm và thuốc men dự trữ, giam giữ hàng nghìn dân thường và chiếm quyền kiểm soát đài phát thanh","question: Quân đội Iraq đã cướp bóc những gì? answer: các kho thực phẩm và thuốc men dự trữ, giam giữ hàng nghìn dân thường và chiếm quyền kiểm soát đài phát thanh",0.6674
241,RAG_Chunking,5,question: Iraq đã giam giữ bao nhiêu người phương Tây làm con tin? answer: answer: hàng nghìn người phương Tây làm con tin và sau đó tìm cách đem họ ra làm vật trao đổi,question: Iraq đã giam giữ bao nhiêu người phương Tây làm con tin? answer: hàng nghìn người phương Tây làm con tin và sau đó tìm cách đem họ ra làm vật trao đổi,0.6263
241,RAG_Chunking,6,"question: ""Sự giải phóng"" khỏi chế độ Emir của Kuwait là gì? answer: là ""sự giải phóng"" khỏi chế độ Emir của Kuwait","question: ""Sự giải phóng"" khỏi chế độ Emir của Kuwait là gì? answer: là ""sự giải phóng"" khỏi chế độ Emir của Kuwait",0.7331
242,Chunking_Only,1,"question: Trường hợp của tuyển hầu Friedrich III là gì? answer: có tham vọng rộng lớn nhằm biến công quốc của ông thành một vương quốc, sau này gọi là nước Phổ","question: Trường hợp của tuyển hầu Friedrich III là gì? answer: có tham vọng rộng lớn nhằm biến công quốc của ông thành một vương quốc, sau này gọi là nước Phổ",0.6842
242,Chunking_Only,2,"question: Pyotr Đại đế đã làm gì để được phong làm vua? answer: dựa trên lý lẽ đất đai ông chiếm được là từ Thụy Điển,[cần dẫn nguồn] và cũng dựa trên sức ép của nước ngoài, như Pyotr Đại đế","question: Pyotr Đại đế đã làm gì để được phong làm vua? answer: dựa trên lý lẽ đất đai ông chiếm được là từ Thụy Điển,[cần dẫn nguồn] và cũng dựa trên sức ép của nước ngoài, như Pyotr Đại đế",0.7603
242,RAG_Chunking,1,"question: Nhà vua là ai? answer: là người có quyền quyết định duy nhất về việc ban tặng ruộng đất cho các đền miếu, ban cấp cho quan lại","question: Nhà vua là ai? answer: là người có quyền quyết định duy nhất về việc ban tặng ruộng đất cho các đền miếu, ban cấp cho quan lại",0.7158
242,RAG_Chunking,2,"question: Trong quá trình làm vua, Minh Mạng thể hiện điều gì? answer: thể hiện là người c answer: người c answer: Trong quá trình làm vua, Minh Mạng thể hiện là người c answer: người c answer: Trong quá trình làm vua, Minh Mạng thể hiện là người c answer: người c answer: Trong quá trình làm vua, Minh Mạng thể hiện là người c answer: người c answer: Trong quá trình làm vua, Minh Mạng thể hiện là người c answer: Trong quá trình làm vua",question: Ai là hoàng tử thứ tư của vua Gia Long? answer: Nguyễn Phúc Thuần,0.7773
242,RAG_Chunking,3,question: Vì sao Hoàng đế không cho phép lãnh chúa xưng làm vua? answer: vì như thế có ý nghĩa vị trí gần ngang bằng Hoàng đế,"question: Friedrich III là ai? answer: tuyển hầu Friedrich III (1657-1713), người có tham vọng rộng lớn nhằm biến công quốc của ông thành một vương quốc, sau này gọi là nước Phổ, và ông xưng là vua  vua",0.7032
242,RAG_Chunking,4,"question: Pyotr Đại đế đã làm gì để được phong làm vua? answer: dựa trên lý lẽ đất đai ông chiếm được là từ Thụy Điển, và cũng dựa trên sức ép của nước ngoài, như Pyotr Đại đế","question: Pyotr Đại đế đã làm gì để được phong làm vua? answer: dựa trên lý lẽ đất đai ông chiếm được là từ Thụy Điển, và cũng dựa trên sức ép của nước ngoài, như Pyotr Đại đế",0.7609
243,RAG_Chunking,1,question: Nguyên nhân dẫn tới thắng lợi của Cách mạng Tháng Tám năm 1945 là gì? answer: Sự lãnh đạo đúng đắn của Đảng Cộng sản Đông Dương đứng Dưới sự lãnh đạo đúng đắn của Đảng Cộng sản Đông Dương đứng Dưới sự lãnh đạo đúng đắn của Đảng Cộng sản Đông Dương đứng Dưới sự lãnh đạo đúng đắn của Đảng Cộng sản Đông Dương đứng Dưới sự lãnh đạo đúng đắn của Đảng Cộng sản Đông Dương đứng Dưới sự lãnh đạo đúng đắn của Đảng Cộng sản Đông Dương đứng Dưới sự lãnh đạo đúng đắn của Đảng Cộng sản Đông Dương đứng Dưới sự lãnh đạo đúng đắn của Đảng Cộng sản,question: Nguyên nhân dẫn tới thắng lợi của Cách mạng Tháng Tám năm 1945 là gì? answer: Sự lãnh đạo đúng đắn của Đảng Cộng sản Đông Dương đứng  dưới sự lãnh đạo đúng đắn của Đảng Cộng sản Đông Dương đứng  Dưới sự lãnh đạo đúng đắn của Đảng Cộng sản Đông Dương đứng  Dưới sự lãnh đạo đúng đắn của Đảng Cộng sản Đông Dương đứng  Dưới sự lãnh đạo đúng đắn của Đảng Cộng sản Đông Dương đứng  Dưới sự lãnh đạo đúng đắn của Đảng Cộng sản Đông Dương đứng  Dưới,0.7014
243,RAG_Chunking,2,question: Ai là người lãnh đạo Đảng Cộng sản Đông Dương? answer: Chủ tịch Hồ Chí Minh,question: Ai là người lãnh đạo Đảng Cộng sản Đông Dương? answer: Chủ tịch Hồ Chí Minh,0.6803
243,RAG_Chunking,3,question: Chủ tịch Hồ Chí Minh ra Lời kêu gọi toàn quốc kháng chiến vào thời gian nào? answer: Ngày 19-12-1946,question: Chủ tịch Hồ Chí Minh ra Lời kêu gọi toàn quốc kháng chiến vào thời gian nào? answer: Ngày 19-12-1946,0.8354
243,RAG_Chunking,4,"question: Trong cuộc bầu cử lập pháp tháng 11 năm 1946, ai đã giành được một ghế đại biểu tại Nièvre département? answer: ông giành được một ghế đại biểu tại Nièvre département","question: Trong cuộc bầu cử lập pháp tháng 11 năm 1946, ai đã giành được một ghế đại biểu tại Nièvre département? answer: ông giành được một ghế đại biểu tại Nièvre département",0.6876
243,RAG_Chunking,5,question: Binh chiến tranh. Ông giữ nhiều chức vụ trong Đệ tứ cộng hoà với tư cách nào? answer: Đại biểu và Bộ trưởng,question: Ông giữ nhiều chức vụ trong Đệ tứ cộng hoà với tư cách nào? answer: Đại biểu và Bộ trưởng,0.7336
244,Chunking_Only,1,"question: Nguyên lý Chấp trì chân lý của Gandhi có gốc tiếng Phạn là gì? answer: satya là ""chân lý"" và -graha là ""nắm lấy"", ""nắm chặt""), cũng thường được dịch là ""con đường chân thật"", ""truy tầm chân lý"", cũng thường được dịch là ""con đường chân thật"", ""truy tầm chân lý"", cũng thường được dịch là ""con đường chân thật"", ""truy tầm chân lý"", cũng thường được dịch là ""con đường chân thật"", ""truy tầm","question: Nguyên lý Chấp trì chân lý của Gandhi có gốc tiếng Phạn là gì? answer: satya là ""chân lý"" và -graha là ""nắm lấy"", ""nắm chặt""), cũng thường được dịch là ""con đường chân thật"", ""truy tầm chân lý"", cũng thường được dịch là ""con đường chân thật"", ""truy tầm chân lý"", cũng thường được dịch là ""con đường chân thật"", ""truy tầm chân lý"", cũng thường được dịch là ""con đường chân thật"", ""truy tầm",0.7131
244,Chunking_Only,2,"question: Ai là người đã cảm kích những người chủ trương hành động giành tự do? answer: Đạt-lại Lạt-ma Đăng-châu Gia-mục-thố (Tenzin Gyatso), Lech Wasa, Stephen Biko, Aung San Suu Kyi và Nelson Mandela","question: Ai là người đã cảm kích những người chủ trương hành động giành tự do? answer: Đạt-lại Lạt-ma Đăng-châu Gia-mục-thố (Tenzin Gyatso), Lech Wasa, Stephen Biko, Aung San Suu Kyi và Nelson Mandela",0.7512
244,RAG_Chunking,1,"question: Chế độ đẳng cấp Vác-na gồm những đẳng cấp nào? answer: Bra-ma, Ksa-ti-a, Vai-si-a, Su-đra","question: Chế độ đẳng cấp Vác-na bao gồm những đẳng cấp nào? answer: Bra-ma, Ksa-ti-a, Vai-si-a, Su-đra",0.6389
244,RAG_Chunking,2,"question: Cách mạng tư sản Pháp đã lật đổ chế độ nào? answer: quân chủ chuyên chế, thiết lập chế độ quân chủ lập hiến","question: Cách mạng tư sản Pháp đã lật đổ chế độ nào? answer: quân chủ chuyên chế, thiết lập chế độ quân chủ lập hiến",0.6917
244,RAG_Chunking,3,"question: Nguyên lý Chấp trì chân lý của Gandhi có gốc tiếng Phạn là gì? answer: satya là ""chân lý"" và -graha là ""nắm lấy"", ""nắm chặt""), cũng thường được dịch là ""con đường chân thật"", ""truy tầm chân lý"", cũng thường được dịch là ""con đường chân thật"", ""truy tầm chân lý"", cũng thường được dịch là ""con đường chân thật"", ""truy tầm chân lý"", cũng thường được dịch là ""con đường chân thật"", ""truy tầm","question: Nguyên lý Chấp trì chân lý của Gandhi có gốc tiếng Phạn là gì? answer: satya là ""chân lý"" và -graha là ""nắm lấy"", ""nắm chặt""), cũng thường được dịch là ""con đường chân thật"", ""truy tầm chân lý"", cũng thường được dịch là ""con đường chân thật"", ""truy tầm chân lý"", cũng thường được dịch là ""con đường chân thật"", ""truy tầm chân lý"", cũng thường được dịch là ""con đường chân thật"", ""truy tầm",0.7419
244,RAG_Chunking,4,"question: Ai là người đã cảm kích những người chủ trương hành động giành tự do? answer: Đạt-lại Lạt-ma Đăng-châu Gia-mục-thố (Tenzin Gyatso), Lech Wasa, Stephen Biko, Aung San Suu Kyi và Nelson Mandela","question: Ai là người đã cảm kích những người chủ trương hành động giành tự do? answer: Đạt-lại Lạt-ma Đăng-châu Gia-mục-thố (Tenzin Gyatso), Lech Wasa, Stephen Biko, Aung San Suu Kyi và Nelson Mandela",0.7607
245,Chunking_Only,1,question: Tuyên ngôn Vương thất 1763 có ý nghĩa như thế nào đối với Québec? answer: có ý nghĩa như thế nào đối với Québec? answer: có ý nghĩa như thế nào đối với Québec? answer: có ý nghĩa như thế nào đối với Québec? answer: có ý nghĩa như thế nào đối với Québec? answer: có ý nghĩa như thế nào đối với Québec? answer: có ý nghĩa như thế nào đối với Québec? answer: có ý nghĩa như thế nào đối với Québec? answer: có ý nghĩa,"question: Tuyên ngôn Vương thất 1763 có ý nghĩa như thế nào đối với Québec? answer: tạo nên tỉnh Quebec từ Tân Pháp, và sáp nhập đảo Cape Breton vào Nova Scotia",0.8099
245,Chunking_Only,2,"question: Tại sao nhiều cư dân Mười ba Thuộc địa tức giận, kích động tình cảm chống Anh? answer: Điều này khiến cho nhiều cư dân Mười ba Thuộc địa tức giận, kích động tình cảm chống Anh trong những năm trước khi bùng nổ Cách mạng Mỹ","question: Điều gì đã làm cho cư dân Mười ba Thuộc địa tức giận, kích động tình cảm chống Anh? answer: Anh Quốc cũng tái lập ngôn ngữ Pháp, đức tin Công giáo La Mã, và dân luật Pháp tại đây",0.839
245,RAG_Chunking,1,"question: Nước Pháp duy trì chế độ quân chủ chuyên chế vào thời gian nào? answer: Đến cuối thế kỉ XVII, nước Pháp vẫn duy trì chế độ quân chủ chuyên chế, đứng đầu là vua Lu-i XVI","question: Nước Pháp duy trì chế độ quân chủ chuyên chế vào thời gian nào? answer: Đến cuối thế kỉ XVII, nước Pháp vẫn duy trì chế độ quân chủ chuyên chế, đứng đầu là vua Lu-i XVI",0.7114
245,RAG_Chunking,2,question: Vì sao các cuộc cách mạng tư sản lại khác nhau? answer: Do điều kiện lịch sử ở mỗi nước khác nhau nên mức độ thắng lợi của các cuộc cách mạng tư sản cũng khác nhau,question: Vì sao các cuộc cách mạng tư sản lại khác nhau? answer: Do điều kiện lịch sử ở mỗi nước khác nhau nên mức độ thắng lợi của các cuộc cách mạng tư sản cũng khác nhau,0.825
245,RAG_Chunking,3,"question: Nhà nước Phù Nam được tổ chức như thế nào? answer: theo thể chế quân chủ chuyên chế, vua là người đứng đầu có quyền lực tối cao","question: Nhà nước Phù Nam được tổ chức như thế nào? answer: theo thể chế quân chủ chuyên chế, vua là người đứng đầu có quyền lực tối cao",0.7189
245,RAG_Chunking,4,"question: Để ngăn ngừa xung đột tại Québec, Anh Quốc đã làm gì? answer: Anh Quốc thông qua đạo luật Québec vào năm 1774, mở rộng lãnh thổ của Québec đến Ngũ Đại Hồ và thung lũng sông Ohio","question: Để ngăn ngừa xung đột tại Québec, Anh Quốc đã làm gì? answer: Anh Quốc thông qua đạo luật Québec vào năm 1774, mở rộng lãnh thổ của Québec đến Ngũ Đại Hồ và thung lũng sông Ohio",0.7254
245,RAG_Chunking,5,"question: cư dân Mười ba Thuộc địa tức giận, kích động tình cảm chống Anh trong những năm nào? answer: những năm trước khi bùng nổ Cách mạng Mỹ","question: Cư dân Mười ba Thuộc địa tức giận, kích động tình cảm chống Anh trong những năm nào? answer: những năm trước khi bùng nổ Cách mạng Mỹ",0.866
246,Chunking_Only,1,question: Vì sao người Ossetia tẩy chay cuộc bầu cử nghị viện Gruzia? answer: Người dân Ossetia đã tẩy chay cuộc bầu cử nghị viện Gruzia sau đó và tổ chức cuộc bầu cử của ri,question: Vì sao người Ossetia tẩy chay cuộc bầu cử nghị viện Gruzia? answer: Người dân Ossetia đã tẩy chay cuộc bầu cử nghị viện Gruzia sau đó và tổ chức cuộc bầu cử của ri,0.7466
246,Chunking_Only,2,question: Ngày 11 tháng 12 năm 1990 là ngày nào? answer: ngày 11 tháng 12 năm 1990,question: Chính phủ Gruzia dưới sự lãnh đạo của Zviad Gamsakhurdia đã tuyên bố cuộc bầu cử này là bất hợp pháp và xóa bỏ vị thế tự trị của nó vào ngày nào? answer: ngày 11 tháng 12 năm 1990,0.8259
246,RAG_Chunking,1,"question: Tại La Mã, nhà nước điển hình là gì? answer: nền cộng hoà quý tộc, nhà nước đế chế","question: Tại La Mã, nhà nước điển hình là gì? answer: nền cộng hoà quý tộc, nhà nước đế chế",0.7738
246,RAG_Chunking,2,question: Người dân Ossetia tuyên bố thành lập Cộng hòa Dân chủ Xô viết vào thời gian nào? answer: mùa hè năm 1990,question: Người dân Ossetia tuyên bố thành lập Cộng hòa Dân chủ Xô viết vào thời gian nào? answer: mùa hè năm 1990,0.6336
246,RAG_Chunking,3,question: Chính phủ Gruzia dưới sự lãnh đạo của ai đã tuyên bố cuộc bầu cử này là bất hợp pháp và xóa bỏ vị thế tự trị của nó? answer: Zviad Gamsakhurdia,question: Chính phủ Gruzia dưới sự lãnh đạo của ai đã tuyên bố cuộc bầu cử này là bất hợp pháp và xóa bỏ vị thế tự trị của nó? answer: Zviad Gamsakhurdia,0.7082
246,RAG_Chunking,4,question: ngày 11 tháng 12 năm 1990 là ngày nào? answer: ngày 11 tháng 12 năm 1990,question: tuyên bố cuộc bầu cử này là bất hợp pháp và xóa bỏ vị thế tự trị của nó vào ngày nào? answer: ngày 11 tháng 12 năm 1990,0.7736
247,Chunking_Only,1,question: Ai là người duy trì mối quan hệ thân thiết với cả Roosevelt và Mercer? answer: Shoumatoff,question: Ai là người duy trì mối quan hệ thân thiết với Roosevelt và Mercer? answer: Shoumatoff,0.6922
247,Chunking_Only,2,"question: Để tránh tai tiếng, Eleanor đã làm gì? answer: vội vã đưa Mercer đi khỏi","question: Để tránh tai tiếng, Eleanor đã làm gì? answer: vội vã đưa Mercer đi khỏi",0.6341
247,RAG_Chunking,1,question: Hệ thống xã hội chủ nghĩa ra đời vào thời gian nào? answer: Sau Chiến tranh thế giới thứ hai,question: Hệ thống xã hội chủ nghĩa ra đời vào thời gian nào? answer: Sau Chiến tranh thế giới thứ hai,0.7778
247,RAG_Chunking,2,"question: Chiến lược đối ngoại chủ yếu của Việt Nam là gì? answer: đấu tranh yêu cầu thực hiện Hiệp định Genève. - Củng cố quan hệ với các nước xã hội chủ nghĩa. - Tăng cường đoàn kết ba nước Đông Dương. - Đàm phán, ký Hiệp định Paris (1973). - Tăng cường đoàn kết ba nước Đông Dương. - Đàm phán, ký Hiệp định Paris (1973). - Tăng cường đoàn kết ba nước Đông Dương. - Đàm phán, ký Hiệp định Paris (1973). - Tăng cường đoàn kết ba nước Đông Dương","question: Chiến lược đối ngoại chủ yếu của Việt Nam là gì? answer: đấu tranh yêu cầu thực hiện Hiệp định Genève. - Củng cố quan hệ với các nước xã hội chủ nghĩa. - Tăng cường đoàn kết ba nước Đông Dương. - Đàm phán, ký Hiệp định Paris (1973). - Tăng cường đoàn kết ba nước Đông Dương. - Đàm phán, ký Hiệp định Paris (1973). - Tăng cường đoàn kết ba nước Đông Dương. - Đàm phán, ký Hiệp định Paris (1973). - Tăng cường đoàn kết ba nước Đông Dương",0.7651
247,RAG_Chunking,3,"question: Trong những năm cuối cùng của ông tại Nhà Trắng, Roosevelt đã làm những gì? answer: Roosevelt đã làm gì? answer: Roosevelt đã làm gì? answer: Roosevelt đã làm gì? answer: Roosevelt đã làm gì? answer: Roosevelt đã làm gì? answer: Roosevelt đã làm gì? answer: Roosevelt đã làm gì? answer: Roosevelt đã làm gì? answer: Roosevelt đã làm gì? answer: Roosevelt đã làm gì? answer: Roosevelt đã làm gì? answer: Roosevelt đã làm","question: Trong những năm cuối cùng của ông tại Nhà Trắng, Roosevelt đã làm gì? answer: Roosevelt ngày càng làm việc quá sức và con gái ông, Anna Roosevelt Boettiger phải dọn vào ở gần bên ông để hỗ trợ",0.6915
247,RAG_Chunking,4,question: Shoumatoff là ai? answer: người duy trì mối quan hệ thân với cả Roosevelt và Mercer,question: Shoumatoff là ai? answer: người duy trì mối quan hệ thân với cả Roosevelt và Mercer,0.6739
248,Chunking_Only,1,question: Nội các liên bang có nhiệm vụ gì? answer: bổ nhiệm các thẩm phán cho các tòa cấp cao có quyền hạn cấp tỉnh và lãnh thổ,question: Nội các liên bang có nhiệm vụ gì? answer: bổ nhiệm các thẩm phán cho các tòa cấp cao có quyền hạn cấp tỉnh và lãnh thổ,0.809
248,RAG_Chunking,1,"question: Chức năng của Lục bộ là gì? answer: 6 cơ quan chức năng cao cấp chủ chốt trong bộ máy triều đình, do nhà vua trực tiếp điều hành, chịu trách nhiệm trưc tiêp điều hành, chịu trách nhiệm trưc tiêp điều hành, chịu trách nhiệm trưc tiêp điều hành, chịu trách nhiệm trưc tiêp điều hành, chịu trách nhiệm trưc tiêp điều hành, chịu trách nhiệm trưc tiêp điều hành, chịu trách nhiệm trưc tiêp điều hành, chịu trách nhiệm trưc tiêp điều hành, chịu trách nhiệm trưc tiêp điều","question: Chức năng của Lục bộ là gì? answer: 6 cơ quan chức năng cao cấp chủ chốt trong bộ máy triều đình, do nhà vua trực tiếp điều hành, chịu trách nhiệm trưc tiêp điều hành, chịu trách nhiệm trưc tiêp điều hành, chịu trách nhiệm trưc tiêp điều hành, chịu trách nhiệm trưc tiêp điều hành, chịu trách nhiệm trưc tiêp điều hành, chịu trách nhiệm trưc tiêp điều hành, chịu trách nhiệm trưc tiêp",0.6685
248,RAG_Chunking,2,"question: Tam pháp ty là gì? answer: cơ quan chuyên nhận đơn của những người kêu oan, tố cáo, đồng thời thẩm tra, xét xử những việc oan ức","question: Tam pháp ty là gì? answer: cơ quan chuyên nhận đơn của những người kêu oan, tố cáo, đồng thời thẩm tra, xét xử những việc oan ức",0.6104
248,RAG_Chunking,3,"question: Tam pháp ty họp vào thời gian nào? answer: Hàng tháng, vào các ngày 6, 16, 26 âm lịch, Tam pháp ty họp để xét xử","question: Tam pháp ty họp vào thời gian nào? answer: Hàng tháng, vào các ngày 6, 16, 26 âm lịch, Tam pháp ty họp để xét xử",0.6882
248,RAG_Chunking,4,question: Tòa án nào có quyền phủ định các đạo luật của nghị viện? answer: Tòa án nào có quyền phủ định các đạo luật của nghị viện nếu chúng vi hiến? answer: Tòa án nào có quyền phủ định các đạo luật của nghị viện nếu chúng vi hiến? answer: Tòa án nào có quyền phủ định các đạo luật của nghị viện nếu chúng vi hiến? answer: Tòa án nào có quyền phủ định các đạo luật của nghị viện nếu chúng vi hiến? answer: Tòa án nào có quyền phủ định các đạo luật của nghị viện nếu chúng vi hiến,question: Tòa án nào có quyền phủ định các đạo luật của nghị viện nếu chúng vi hiến? answer: Tối cao pháp viện Canada,0.7509
248,RAG_Chunking,5,question: Nội các liên bang có nhiệm vụ gì sau khi hội ý với các cơ cấu pháp luật phi chính phủ? answer: Nội các liên bang có nhiệm vụ gì sau khi hội ý với các cơ cấu pháp luật phi chính phủ,question: Nội các liên bang có nhiệm vụ gì sau khi hội ý với các cơ cấu pháp luật phi chính phủ? answer: Nội các liên bang cũng bổ nhiệm các thẩm phán cho các tòa cấp cao có quyền hạn cấp tỉnh và lãnh thổ,0.8701
249,Chunking_Only,1,"question: Đặc điểm của chim bồ câu siêu thịt là gì? answer: dễ nuôi, nhanh lớn, ít bệnh, sinh sản tốt","question: Chim bồ câu siêu thịt có đặc điểm gì? answer: dễ nuôi, nhanh lớn, ít bệnh, sinh sản tốt",0.706
249,Chunking_Only,2,question: Vì sao chim bồ câu rất nhạy cảm với ánh sáng? answer: Sự đẻ trứng chỉ phụ thuộc vào một phần ánh sáng nhưng sự ấp trứng lại phụ thuộc chặt chẽ vào yếu tố ánh sáng,question: Vì sao chim bồ câu rất nhạy cảm với ánh sáng? answer: Sự đẻ trứng chỉ phụ thuộc vào một phần ánh sáng nhưng sự ấp trứng lại phụ thuộc chặt chẽ vào yếu tố ánh sáng,0.8013
249,RAG_Chunking,1,"question: Nguồn lương thực chính của cư dân Phù Nam là gì? answer: lúa gạo và các loại rau, củ, quả","question: Nguồn lương thực chính của cư dân Phù Nam là gì? answer: lúa gạo và các loại rau, củ, quả",0.6104
249,RAG_Chunking,2,question: Vì sao chim bồ câu rất nhạy cảm với ánh sáng? answer: Sự đẻ trứng chỉ phụ thuộc vào một phần ánh sáng nhưng sự ấp trứng lại phụ thuộc chặt chẽ vào yếu tố ánh sáng,question: Vì sao chim bồ câu rất nhạy cảm với ánh sáng? answer: Sự đẻ trứng chỉ phụ thuộc vào một phần ánh sáng nhưng sự ấp trứng lại phụ thuộc chặt chẽ vào yếu tố ánh sáng,0.7241
249,RAG_Chunking,3,question: Thời gian chiếu sáng ban ngày của bồ câu là bao lâu? answer: tối đa là 13 giờ,question: Thời gian chiếu sáng ban ngày của bồ câu là bao lâu? answer: tối thiểu là 13 giờ,0.7112
250,Chunking_Only,1,question: Những cư dân đầu tiên của Puerto Rico là những ai? answer: là những thổ dân da đỏ thuộc bộ lạc Ortoiroid làm nghề sắn bắt và đánh cá,question: Những cư dân đầu tiên của Puerto Rico là những ai? answer: là những thổ dân da đỏ thuộc bộ lạc Ortoiroid làm nghề sắn bắt và đánh cá,0.8451
250,Chunking_Only,2,question: Vào khoảng thời gian nào thì nền văn hóa Taino đã lấn át hoàn toàn các nền văn hóa trước đó? answer: khoảng năm 1000,question: Vào khoảng thời gian nào thì nền văn hóa Taino đã lấn át hoàn toàn các nền văn hóa trước đó? answer: khoảng năm 1000,0.6077
250,Chunking_Only,3,question: Người Taino phát kiến ra châu Mỹ vào năm nào? answer: năm 1492,question: Người châu Âu phát kiến ra châu Mỹ vào năm nào? answer: năm 1492,0.6453
250,RAG_Chunking,1,question: Những cư dân bản địa sinh sống lâu đời ở đâu? answer: vùng duyên hải và một phần cao nguyên miền Trung,question: Những cư dân bản địa sinh sống lâu đời ở đâu? answer: vùng duyên hải và một phần cao nguyên miền Trung,0.7015
250,RAG_Chunking,2,"question: Điều kiện tự nhiên của Văn minh Phù Nam là gì? answer: trên lưu vực châu thổ sông Cửu Long với hệ thống sông ngòi, kênh rạch chằng chịt đổ ra biển","question: Điều kiện tự nhiên của Văn minh Phù Nam là gì? answer: trên lưu vực châu thổ sông Cửu Long với hệ thống sông ngòi, kênh rạch chằng chịt đổ ra biển",0.6678
250,RAG_Chunking,3,"question: Vì sao cư dân Phù Nam sớm có điều kiện giao lưu với nền văn minh của nhiều quốc gia khác? answer: Với vị trí địa lí tiếp giáp biển, có nhiều nơi thuận lợi cho việc tránh bão, neo đậu thuyền bè của các thương nhân","question: Vì sao cư dân Phù Nam sớm có điều kiện giao lưu với nền văn minh của nhiều quốc gia khác? answer: Với vị trí địa lí tiếp giáp biển, có nhiều nơi thuận lợi cho việc tránh bão, neo đậu thuyền bè của các thương nhân",0.7713
250,RAG_Chunking,4,question: Những cư dân đầu tiên của Puerto Rico là những ai? answer: là những thổ dân da đỏ thuộc bộ lạc Ortoiroid làm nghề sắn bắt và đánh cá,question: Những cư dân đầu tiên của Puerto Rico là những ai? answer: là những thổ dân da đỏ thuộc bộ lạc Ortoiroid làm nghề sắn bắt và đánh cá,0.8678
250,RAG_Chunking,5,question: Vào khoảng thời gian nào thì nền văn hóa Taino bắt đầu phát triển mạnh mẽ trên hòn đảo? answer: khoảng giữa thế kỉ 4 và thế kỉ 10,question: Vào khoảng thời gian nào thì nền văn hóa Taino bắt đầu phát triển mạnh mẽ trên hòn đảo? answer: khoảng giữa thế kỉ 4 và thế kỉ 10,0.6959
251,Chunking_Only,1,"question: Nguyên lý Chấp trì chân lý của Gandhi có gốc tiếng Phạn là gì? answer: satya là ""chân lý"" và -graha là ""nắm lấy"", ""nắm chặt""), cũng thường được dịch là ""con đường chân thật"", ""truy tầm chân lý"", cũng thường được dịch là ""con đường chân thật"", ""truy tầm chân lý"", cũng thường được dịch là ""con đường chân thật"", ""truy tầm chân lý"", cũng thường được dịch là ""con đường chân thật"", ""truy tầm","question: Nguyên lý Chấp trì chân lý của Gandhi có gốc tiếng Phạn là gì? answer: satya là ""chân lý"" và -graha là ""nắm lấy"", ""nắm chặt""), cũng thường được dịch là ""con đường chân thật"", ""truy tầm chân lý"", cũng thường được dịch là ""con đường chân thật"", ""truy tầm chân lý"", cũng thường được dịch là ""con đường chân thật"", ""truy tầm chân lý"", cũng thường được dịch là ""con đường chân thật"", ""truy tầm",0.7131
251,Chunking_Only,2,"question: Ai là người đã cảm kích những người chủ trương hành động giành tự do? answer: Đạt-lại Lạt-ma Đăng-châu Gia-mục-thố (Tenzin Gyatso), Lech Wasa, Stephen Biko, Aung San Suu Kyi và Nelson Mandela","question: Ai là người đã cảm kích những người chủ trương hành động giành tự do? answer: Đạt-lại Lạt-ma Đăng-châu Gia-mục-thố (Tenzin Gyatso), Lech Wasa, Stephen Biko, Aung San Suu Kyi và Nelson Mandela",0.7512
251,RAG_Chunking,1,"question: Chế độ đẳng cấp Vác-na gồm những đẳng cấp nào? answer: Bra-ma, Ksa-ti-a, Vai-si-a, Su-đra","question: Chế độ đẳng cấp Vác-na bao gồm những đẳng cấp nào? answer: Bra-ma, Ksa-ti-a, Vai-si-a, Su-đra",0.6389
251,RAG_Chunking,2,"question: Cách mạng tư sản Pháp đã lật đổ chế độ nào? answer: quân chủ chuyên chế, thiết lập chế độ quân chủ lập hiến","question: Cách mạng tư sản Pháp đã lật đổ chế độ nào? answer: quân chủ chuyên chế, thiết lập chế độ quân chủ lập hiến",0.6917
251,RAG_Chunking,3,"question: Nguyên lý Chấp trì chân lý của Gandhi có gốc tiếng Phạn là gì? answer: satya là ""chân lý"" và -graha là ""nắm lấy"", ""nắm chặt""), cũng thường được dịch là ""con đường chân thật"", ""truy tầm chân lý"", cũng thường được dịch là ""con đường chân thật"", ""truy tầm chân lý"", cũng thường được dịch là ""con đường chân thật"", ""truy tầm chân lý"", cũng thường được dịch là ""con đường chân thật"", ""truy tầm","question: Nguyên lý Chấp trì chân lý của Gandhi có gốc tiếng Phạn là gì? answer: satya là ""chân lý"" và -graha là ""nắm lấy"", ""nắm chặt""), cũng thường được dịch là ""con đường chân thật"", ""truy tầm chân lý"", cũng thường được dịch là ""con đường chân thật"", ""truy tầm chân lý"", cũng thường được dịch là ""con đường chân thật"", ""truy tầm chân lý"", cũng thường được dịch là ""con đường chân thật"", ""truy tầm",0.7419
251,RAG_Chunking,4,"question: Ai là người đã cảm kích những người chủ trương hành động giành tự do? answer: Đạt-lại Lạt-ma Đăng-châu Gia-mục-thố (Tenzin Gyatso), Lech Wasa, Stephen Biko, Aung San Suu Kyi và Nelson Mandela","question: Ai là người đã cảm kích những người chủ trương hành động giành tự do? answer: Đạt-lại Lạt-ma Đăng-châu Gia-mục-thố (Tenzin Gyatso), Lech Wasa, Stephen Biko, Aung San Suu Kyi và Nelson Mandela",0.7607
252,Chunking_Only,1,"question: Vấn đề trọng đại được đặt ra đối với vua James là gì? answer: quốc vương Anh có thể là vị vua có quyền lực tuyệt đối như các vương triều châu Âu khác, hay các quyền làm luật và đánh thuế của nhà vua đều bị giới hạn bởi Quốc hội","question: Vấn đề trọng đại được đặt ra đối với vua James là gì? answer: quốc vương Anh có thể là vị vua có quyền lực tuyệt đối như các vương triều châu Âu khác, hay các quyền làm luật và đánh thuế của nhà vua đều bị giới hạn bởi Quốc hội",0.8344
252,Chunking_Only,2,"question: Vì sao giữa nhà vua và quốc hội có sự bất tín nhiệm lẫn nhau? answer: Do cuộc chiến tranh với Tây Ban Nha và Pháp, vua Charles rất cần tiền chi phí chiến tranh nhưng quốc hội lại không chịu bỏ phiếu phê chuẩn số tiền mà ông cần đến","question: Vì sao nhà vua và quốc hội có sự bất tín nhiệm lẫn nhau? answer: Do cuộc chiến tranh với Tây Ban Nha và Pháp, vua Charles rất cần tiền chi phí chiến tranh nhưng quốc hội lại không chịu bỏ phiếu phê chuẩn số tiền mà ông cần đến",0.7836
252,Chunking_Only,3,question: Vua Charles I đã làm gì khiến cho các vị lãnh đạo quốc hội Anh phản đối? answer: hành động này của vua Charles I và các quyết định bất thường khác đã khiến cho các vị lãnh đạo quốc hội Anh phản đối,"question: Vua Charles I đã làm gì khiến cho các vị lãnh đạo quốc hội Anh phản đối? answer: hành động này của vua Charles I và các quyết định bất thường khác đã khiến cho các vị lãnh đạo quốc hội Anh phản đối, vị họ cho rằng các chính sách này vi phạm đến các tự do hiến định của nhân dân",0.7185
252,Chunking_Only,4,question: Vì sao nhà vua phải giải tán quốc hội hai lần? answer: Vì sao nhà vua phải giải tán quốc hội hai lần,question: Vì sao nhà vua phải giải tán quốc hội hai lần? answer: Sự tranh chấp lên tới mức độ căng thẳng khiến cho nhà vua phải giải tán quốc hội hai lần,0.78
252,RAG_Chunking,1,"question: Chức năng của Lục bộ là gì? answer: 6 cơ quan chức năng cao cấp chủ chốt trong bộ máy triều đình, do nhà vua trực tiếp điều hành, chịu trách nhiệm trưc tiêp điều hành, chịu trách nhiệm trưc tiêp điều hành, chịu trách nhiệm trưc tiêp điều hành, chịu trách nhiệm trưc tiêp điều hành, chịu trách nhiệm trưc tiêp điều hành, chịu trách nhiệm trưc tiêp điều hành, chịu trách nhiệm trưc tiêp điều hành, chịu trách nhiệm trưc tiêp điều hành, chịu trách nhiệm trưc tiêp điều","question: Chức năng của Lục bộ là gì? answer: 6 cơ quan chức năng cao cấp chủ chốt trong bộ máy triều đình, do nhà vua trực tiếp điều hành, chịu trách nhiệm trưc tiêp điều hành, chịu trách nhiệm trưc tiêp điều hành, chịu trách nhiệm trưc tiêp điều hành, chịu trách nhiệm trưc tiêp điều hành, chịu trách nhiệm trưc tiêp điều hành, chịu trách nhiệm trưc tiêp điều hành, chịu trách nhiệm trưc tiêp",0.6685
252,RAG_Chunking,2,"question: Khi nào thì Sác-lơ I lên làm vua? answer: Từ năm 1625, Sác-lơ I lên làm vua với chỗ dựa là tầng lớp quý tộc và Giáo hội Anh, ngày càng cản tr answer: Từ năm 1625, Sác-lơ I lên làm vua với chỗ dựa là tầng lớp quý tộc và Giáo hội Anh, ngày càng cản tr answer: Từ năm 1625, Sác-lơ I lên làm vua với chỗ dựa là tầng lớp quý tộc và Giáo hội Anh","question: Khi nào thì Sác-lơ I lên làm vua? answer: Từ năm 1625, Sác-lơ I lên làm vua với chỗ dựa là tầng lớp quý tộc và Giáo hội Anh",0.7399
252,RAG_Chunking,3,question: Chế độ quân chủ chuyên chế của nước Pháp là gì? answer: quân chủ chuyên chế,question: Chế độ quân chủ chuyên chế của nước Pháp là gì? answer: quân chủ chuyên chế,0.678
252,RAG_Chunking,4,"question: Vấn đề trọng đại được đặt ra đối với vua James là gì? answer: quốc vương Anh có thể là vị vua có quyền lực tuyệt đối như các vương triều châu Âu khác, hay các quyền làm luật và đánh thuế của nhà vua đều bị giới hạn bởi Quốc hội","question: Vấn đề trọng đại được đặt ra đối với vua James là gì? answer: quốc vương Anh có thể là vị vua có quyền lực tuyệt đối như các vương triều châu Âu khác, hay các quyền làm luật và đánh thuế của nhà vua đều bị giới hạn bởi Quốc hội",0.8314
252,RAG_Chunking,5,question: Vì sao các quyền làm luật và đánh thuế của nhà vua bị giới hạn bởi Quốc hội? answer: Do cuộc chiến tranh với Tây Ban Nha và Pháp,question: Vì sao các quyền làm luật và đánh thuế của nhà vua bị giới hạn bởi Quốc hội? answer: Do cuộc chiến tranh với Tây Ban Nha và Pháp,0.6163
252,RAG_Chunking,6,"question: Vua Charles I đã làm gì để tiết kiệm tiền? answer: cho quân sĩ sống nhờ nhà dân và buộc các nhà giàu phải cho triều đình vay tiền, những người từ chối sẽ bị tống giam vào ngục","question: Vua Charles I đã làm gì để tiết kiệm tiền? answer: cho quân sĩ sống nhờ nhà dân và buộc các nhà giàu phải cho triều đình vay tiền, những người từ chối sẽ bị tống giam vào ngục",0.8248
252,RAG_Chunking,7,question: Điều gì đã khiến cho các vị lãnh đạo quốc hội Anh phản đối? answer: các chính sách này vi phạm đến các tự do hiến định của nhân dân,question: Điều gì đã khiến cho các vị lãnh đạo quốc hội Anh phản đối? answer: các chính sách này vi phạm đến các tự do hiến định của nhân dân,0.7328
253,Chunking_Only,1,"question: Số lượng người gốc Âu định cư tại Nouvelle-Calédonie là bao nhiêu? answer: 71.721 người gốc Âu tại Nouvelle-Calédonie, có 32.354 người sinh tại quần đảo, 33.551 người sinh tại các nơi khác của Pháp, và 5.816 người sinh tại nước ngoài","question: Số lượng người gốc Âu định cư tại Nouvelle-Calédonie là bao nhiêu? answer: 71.721 người gốc Âu tại Nouvelle-Calédonie, có 32.354 người sinh tại quần đảo, 33.551 người sinh tại các nơi khác của Pháp, và 5.816 người sinh tại nước ngoài",0.815
253,Chunking_Only,2,question: Người gốc Âu được chia thành những nhóm nào? answer: Caldoche thường được định nghĩa là người sinh tại Nouvelle-Calédonie có quan hệ tổ tiên từ những người Pháp định cư ban đầu,question: Người gốc Âu được chia thành những nhóm nào? answer: Caldoche thường được định nghĩa là người sinh tại Nouvelle-Calédonie có quan hệ tổ tiên từ những người Pháp định cư ban đầu,0.7908
253,RAG_Chunking,1,question: Khu vực Nam Âu có những bán đảo nào? answer: bán đảo Ban-căng và bán đảo I-ta-li-a,question: Khu vực Nam Âu có những bán đảo nào? answer: bán đảo Ban-căng và bán đảo I-ta-li-a,0.7339
253,RAG_Chunking,2,question: Những cư dân bản địa sinh sống lâu đời ở vùng duyên hải và một phần cao nguyên miền Trung là những người nói tiếng gì? answer: tiếng Môn-Khmer,question: Những cư dân bản địa sinh sống lâu đời ở vùng duyên hải và một phần cao nguyên miền Trung là những người nói tiếng gì? answer: tiếng Môn-Khmer,0.7744
253,RAG_Chunking,3,question: Những nhóm cư dân nào là chủ nhân đầu tiên của văn minh Chăm-pa? answer: những nhóm cư dân này cộng cư với nhau và là chủ nhân đầu tiên của văn minh Chăm-pa,question: Những nhóm cư dân nào là chủ nhân đầu tiên của văn minh Chăm-pa? answer: những nhóm cư dân này cộng cư với nhau và là chủ nhân đầu tiên của văn minh Chăm-pa,0.6384
253,RAG_Chunking,4,question: Người gốc Âu lần đầu định cư tại Nouvelle-Calédonie là khi nào? answer: khi Pháp lập một thuộc địa hình sự trên quần đảo,question: Người gốc Âu lần đầu định cư tại Nouvelle-Calédonie là khi nào? answer: khi Pháp lập một thuộc địa hình sự trên quần đảo,0.6891
254,Chunking_Only,1,question: Có bao nhiêu công ty tại khu vực La Défense? answer: 1.500 công ty,"question: Có bao nhiêu công ty tại khu vực La Défense? answer: 1.500 công ty, trong đó có 14 trong 20 công ty hàng đầu của Pháp và 15 trong 50 công ty hàng đầu của thế giới",0.7193
254,RAG_Chunking,1,question: Tháp Ép-phen được xây dựng vào thời gian nào? answer: ngày 31-3-1889,question: Tháp Ép-phen được xây dựng vào thời gian nào? answer: ngày 31-3-1889,0.806
254,RAG_Chunking,2,question: Ngày 14-7-1789 là ngày diễn ra sự kiện gì? answer: hàng nghìn người dân Pa-ri đã nổi dậy đánh chiếm ngục Ba-xti từ tay quân lính của triều đình,question: Ngày 14-7-1789 là ngày diễn ra sự kiện gì? answer: hàng nghìn người dân Pa-ri đã nổi dậy đánh chiếm ngục Ba-xti từ tay quân lính của triều đình,0.7163
254,RAG_Chunking,3,"question: Những nơi nào được xây dựng với quy mô lớn? answer: Hoàng thành Thăng Long, thành nhà Hồ, thành Lam Kinh, thành nhà Mạc, Đại nội Huế, thành Gia Định","question: Những nơi nào được xây dựng với quy mô lớn? answer: Hoàng thành Thăng Long, thành nhà Hồ, thành Lam Kinh, thành nhà Mạc, Đại nội Huế, thành Gia Định",0.6066
254,RAG_Chunking,4,question: Những ngôi chùa nổi tiếng được xây dựng ở khu vực nào? answer: khu vực La La La La La La La La La La La La La La La La La La La La La La La La La La La La La La La La La La La La La La La La La La La La La La La La La La La La La La La La La La La La La La La La La La La La La La La La La La La La La La La La La La La La La La La La La La La La La La La La La La La La La La La La,question: Những ngôi chùa nổi tiếng được xây dựng ở khu vực nào? answer: khu vực La  La  La  La  La  La  La  La  La  La  La  La  La  La  La  La  La  La  La  La  La  La  La  La  La  La  La  La  La  La  La  La  La  La  La,0.6778
254,RAG_Chunking,5,question: Có bao nhiêu công ty tại khu vực La Défense? answer: 1.500 công ty,"question: Có bao nhiêu công ty tại khu vực La Défense? answer: 1.500 công ty, trong đó có 14 trong 20 công ty hàng đầu của Pháp và 15 trong 50 công ty hàng đầu của thế giới",0.6809
255,Chunking_Only,1,"question: Sau các chiến thắng mang tính quyết định, Hoa Kỳ đã xâm chiếm vào México vào thời gian nào? answer: sau các chiến thắng mang tính quyết định này, Hoa Kỳ xâm chiếm vào lãnh thổ México","question: Sau các chiến thắng mang tính quyết định, Hoa Kỳ đã xâm chiếm lãnh thổ México vào thời gian nào? answer: sau các chiến thắng mang tính quyết định này, Hoa Kỳ xâm chiếm vào lãnh thổ México",0.6465
255,RAG_Chunking,1,question: Nhà Hồ đã làm gì vào năm 1397? answer: đắp đê và sửa đường sá từ thành Tây Đô đến Hoá Châu (Thừa Thiên Huế và phía bắc Quảng Nam ngày nay),question: Nhà Hồ đã làm gì vào năm 1397? answer: đắp đê và sửa đường sá từ thành Tây Đô đến Hoá Châu (Thừa Thiên Huế và phía bắc Quảng Nam ngày nay),0.801
255,RAG_Chunking,2,"question: Từ đêm 30 Tết Nguyên đán Kỷ Dậu (1789), quân Tây Sơn đã làm gì? answer: cho quân đóng cọc gỗ lớn ở cửa biển và những nơi xung yếu trên sông để chống giặc, xây dựng hệ thống phòng thủ dài hàng trăm ki-lô-mét","question: Từ đêm 30 Tết Nguyên đán Kỷ Dậu (1789), quân Tây Sơn đã làm gì? answer: cho quân đóng cọc gỗ lớn ở cửa biển và những nơi xung yếu trên sông để chống giặc, xây dựng hệ thống phòng thủ dài hàng trăm ki-lô-mét",0.8007
255,RAG_Chunking,3,"question: Từ đêm 30 Tết Nguyên đán Kỷ Dậu (1789), quân Tây Sơn đã làm gì? answer: quân Tây Sơn lần lượt tiê answer: quân Tây Sơn lần lượt tiê answer: quân Tây Sơn lần lượt tiê answer: quân Tây Sơn lần lượt tiên đánh và hạ đồn Đống Đa","question: Từ đêm 30 Tết Nguyên đán Kỷ Dậu (1789), quân Tây Sơn đã làm gì? answer: quân Tây Sơn lần lượt tiên đánh và hạ đồn Đống Đa",0.624
255,RAG_Chunking,4,"question: Sau khi Hoa Kỳ thôn tính Thăng Long, quân Tây Sơn đã làm gì? answer: quân Tây Sơn đã làm gì? answer: quân Tây Sơn đã làm gì? answer: quân Tây Sơn đã làm gì? answer: quân Tây Sơn đã làm gì? answer: quân Tây Sơn đã làm gì? answer: quân Tây Sơn đã làm gì? answer: quân Tây Sơn đã làm gì? answer: quân Tây Sơn đã làm gì? answer: quân Tây Sơn đã làm gì? answer: quân Tây Sơn đã","question: Sau khi Hoa Kỳ thôn tính Thăng Long, quân Tây Sơn đã làm gì? answer: quân Tây Sơn lần lượt tiêu diệt các đồn luỹ của quân Thanh đóng ở phía nam Thăng Long",0.666
255,RAG_Chunking,5,"question: Hoa Kỳ tuyên bố biên giới của Texas kéo dài đến đâu? answer: Rio Grande, México tuyên bố rằng đó là sông Nueces","question: Hoa Kỳ tuyên bố biên giới của Texas kéo dài đến đâu? answer: Rio Grande, México tuyên bố rằng đó là sông Nueces",0.8568
255,RAG_Chunking,6,question: Quân México tiến công một đội kỵ binh tuần tra của Hoa Kỳ ở khu vực tranh chấp vào ngày nào? answer: ngày 13 tháng 1 năm 1846,question: Quân México tiến công một đội kỵ binh tuần tra của Hoa Kỳ ở khu vực tranh chấp vào ngày nào? answer: ngày 13 tháng 1 năm 1846,0.7326
255,RAG_Chunking,7,"question: Các trận đánh đầu tiên của cuộc chiến diễn ra trên đất Texas là gì? answer: bao vây Fort Texas, trận Palo Alto và trận Resaca de la Palma","question: Các trận đánh đầu tiên của cuộc chiến diễn ra trên đất Texas là gì? answer: bao vây Fort Texas, trận Palo Alto và trận Resaca de la Palma",0.8439
256,Chunking_Only,1,question: Ai là người đã thành lập vô số ủy ban vào thập kỉ 1690? answer: ông,question: Ai là người đã thành lập vô số ủy ban vào thập kỉ 1690? answer: ông,0.7464
256,RAG_Chunking,1,"question: Bộ máy chính quyền thời Gia Long và những năm đầu thời Minh Mạng như thế nào? answer: thiếu sự thống nhất, đồng bộ và tập trung","question: Bộ máy chính quyền thời Gia Long và những năm đầu thời Minh Mạng như thế nào? answer: thiếu sự thống nhất, đồng bộ và tập trung",0.7411
256,RAG_Chunking,2,"question: Các việc hộ tịch, tiền thóc, ngục tụng đều làm chung thành số sách của một lộ, đến cuối năm báo lên sảnh để làm bằng cứ mà khảo xét..... (Ngô Sĩ Liên và các sử thần triều Hậu Lê, ĐHSP). Châu đặt chức Thông phán và Thiêm phán để làm gì? answer: để cai trị","question: Các việc hộ tịch, tiền thóc, ngục tụng đều làm chung thành số sách của một lộ, đến cuối năm báo lên sảnh để làm bằng cứ mà khảo xét..... (Ngô Sĩ Liên và các sử thần triều Hậu Lê, ĐHSP). Châu đặt chức Thông phán và Thiêm phán. Huyện đặt chức Lệnh uý và Chủ bạ để làm gì? answer: để cai trị",0.8295
256,RAG_Chunking,3,"question: Hậu quả của các cuộc kháng chiến không thành công là gì? answer: triều Trần nhanh chóng khủng hoảng, suy yếu","question: Hậu quả của các cuộc kháng chiến không thành công là gì? answer: triều Trần nhanh chóng khủng hoảng, suy yếu",0.7315
256,RAG_Chunking,4,"question: Vì sao Leopold I là một ông vua thiếu quyết đoán? answer: Nhút nhát, thiếu nhiệt huyết, ông chỉ biết lắng nghe ý kiến của cận thần rồi suy đi nghĩ lại về các đề xuất trái ngược nhau mà không biết chắc chắn phải quyết định thế nào","question: Vì sao Leopold I là một ông vua thiếu quyết đoán? answer: Nhút nhát, thiếu nhiệt huyết, ông chỉ biết lắng nghe ý kiến của cận thần rồi suy đi nghĩ lại về các đề xuất trái ngược nhau mà không biết chắc chắn phải quyết định thế nào",0.7725
257,Chunking_Only,1,question: Vì sao 'vụ việc' bị cản trở? answer: 'vụ việc' được coi là bí mật quốc phòng nhưng vào tháng 12 năm 1999 la Commission consultative du secret de la défense nationale đã giải mật một phần những hồ sơ liên quan,question: Vì sao 'vụ việc' bị cản trở? answer: 'vụ việc' được coi là bí mật quốc phòng nhưng vào tháng 12 năm 1999 la Commission consultative du secret de la défense nationale đã giải mật một phần những hồ sơ liên quan,0.7583
257,RAG_Chunking,1,"question: Tam pháp ty là gì? answer: cơ quan chuyên nhận đơn của những người kêu oan, tố cáo, đồng thời thẩm tra, xét xử những việc oan ức","question: Tam pháp ty là gì? answer: cơ quan chuyên nhận đơn của những người kêu oan, tố cáo, đồng thời thẩm tra, xét xử những việc oan ức",0.6788
257,RAG_Chunking,2,question: Ngô Sĩ Liên và các sử thần triều Hậu Lê đã có những chia sẻ như thế nào? answer: Ngô Sĩ Liên và các sử thần triều Hậu Lê đã có những chia sẻ như thế nào? answer: Ngô Sĩ Liên và các sử thần triều Hậu Lê đã có những chia sẻ như thế nào? answer: Ngô Sĩ Liên và các sử thần triều Hậu Lê đã có những chia sẻ như thế nào? answer: Ngô Sĩ Liên và các sử thần triều Hậu Lê,"question: Ngô Sĩ Liên và các sử thần triều Hậu Lê đã có những chia sẻ như thế nào? answer: chước cho thích dụng với thời bấy giờ, chia ra môn loại, biên ra điều khoản, làm sách Hình luật của mỗi triều đại, để cho người xem dễ hiểu. Sách làm xong, xuống chiếu ban hành, dân lấy làm tiện. (Đại Việt sử ký toàn thư - Ngô Sĩ Liên và các sử thần triều Hậu Lê) [3. Một số cuộc kháng chiến không thành công",0.7887
257,RAG_Chunking,3,question: Vì sao 'vụ việc' bị cản trở? answer: 'vụ việc' được coi là bí mật quốc phòng nhưng vào tháng 12 năm 1999 la Commission consultative du secret de la défense nationale đã giải mật một phần những hồ sơ liên quan,question: Vì sao 'vụ việc' bị cản trở? answer: 'vụ việc' được coi là bí mật quốc phòng nhưng vào tháng 12 năm 1999 la Commission consultative du secret de la défense nationale đã giải mật một phần những hồ sơ liên quan,0.7583
258,Chunking_Only,1,"question: Vào thế kỷ XVIII và XIX, văn hóa Texas đã có những thay đổi như thế nào? answer: văn hóa Texas đã có những thay đổi như thế nào? answer: văn hóa Texas đã có những thay đổi như thế nào? answer: văn hóa Texas đã có những thay đổi như thế nào? answer: văn hóa Texas đã có những thay đổi như thế nào? answer: văn hóa Texas đã có những thay đổi như thế nào? answer: văn hóa Texas đã có những thay đổi như thế nào? answer: văn hóa Texas đã","question: Vào thế kỷ XVIII và XIX, văn hóa Texas đã có những thay đổi như thế nào? answer: văn hóa Texas bắt nguồn từ một sự pha trộn các ảnh hưởng của miền Nam, miền Tây, và miền Tây Nam, thay đổi mức độ theo khu vực. Một loại thực phẩm phổ biến là burrito ăn sáng bắt nguồn từ cả ba tác động này. Một loại thực phẩm phổ biến là burrito ăn sáng bắt nguồn từ cả ba tác động này. Một loại thực phẩm phổ biến là burrito ăn sáng bắt nguồn từ cả ba tác động này",0.9405
258,RAG_Chunking,1,"question: Những giá trị mới từ văn hoá Ấn Độ là gì? answer: tôn giáo, chữ viết, văn học, nghệ thuật, kiến trúc, lễ hội","question: Những giá trị mới từ văn hoá Ấn Độ là gì? answer: tôn giáo, chữ viết, văn học, nghệ thuật, kiến trúc, lễ hội... [Dân cư] 2.2. Những thành tựu tiêu biểu Đời  Xã hội",0.6852
258,RAG_Chunking,2,"question: Nguồn lương thực chính của cư dân Phù Nam là gì? answer: lúa gạo và các loại rau, củ, quả","question: Nguồn lương thực chính của cư dân Phù Nam là gì? answer: lúa gạo và các loại rau, củ, quả",0.7934
258,RAG_Chunking,3,"question: Văn hóa Texas bắt nguồn từ đâu? answer: một sự pha trộn các ảnh hưởng của miền Nam, miền Tây, và miền Tây Nam, thay đổi mức độ theo khu vực","question: Văn hóa Texas bắt nguồn từ đâu? answer: một sự pha trộn các ảnh hưởng của miền Nam, miền Tây, và miền Tây Nam, thay đổi mức độ theo khu vực",0.8046
258,RAG_Chunking,4,question: Texas ghi dấu ấn mạnh trong văn hóa đại chúng quốc gia và quốc tế vào thời gian nào? answer: các thế kỷ XVIII và XIX,question: Texas ghi dấu ấn mạnh trong văn hóa đại chúng quốc gia và quốc tế vào thời gian nào? answer: các thế kỷ XVIII và XIX,0.6861
258,RAG_Chunking,5,question: Đại chúng quốc gia và quốc tế bang Texas gắn liền chặt chẽ với hình ảnh gì? answer: hình ảnh cao bồi thể hiện trong phim Viễn Tây và nhạc đồng quê miền tây,question: Đại chúng quốc gia và quốc tế bang Texas gắn liền chặt chẽ với hình ảnh gì? answer: hình ảnh cao bồi thể hiện trong phim Viễn Tây và nhạc đồng quê miền tây,0.7338
259,Chunking_Only,1,question: Kết quả của cuộc bầu cử tổng thống năm 1936 như thế nào? answer: kết quả của cuộc bầu cử tổng thống năm 1936 là gì? answer: kết quả của cuộc bầu cử tổng thống năm 1936 là gì? answer: kết quả của cuộc bầu cử tổng thống năm 1936 là gì? answer: kết quả của cuộc bầu cử tổng thống năm 1936 là gì? answer: kết quả của cuộc bầu cử tổng thống năm 1936 là gì? answer: kết quả,"question: Kết quả của cuộc bầu cử tổng thống năm 1936 là gì? answer: Roosevelt vận động tranh cử dựa vào các chương trình New Deal của ông chống lại đối thủ Alf Landon, Thống đốc tiểu bang Kansas, là người chấp nhận phần lớn chương trình New Deal nhưng phản bác rằng nó không có lợi cho doanh nghiệp và quá nhiều lãng phí",0.8799
259,Chunking_Only,2,"question: Liên minh cử tri gồm những ai? answer: các đảng viên Dân chủ truyền thống trên toàn quốc, các nông gia nhỏ, cư dân miền Nam Hoa Kỳ, người công giáo La Mã, các cỗ máy thành phố lớn","question: Liên minh cử tri gồm những ai? answer: các đảng viên Dân chủ truyền thống trên toàn quốc, các nông gia nhỏ, cư dân miền Nam Hoa Kỳ, người công giáo La Mã, các cỗ máy thành phố lớn",0.6638
259,Chunking_Only,3,"question: Các nông gia nhỏ, cư dân miền Nam Hoa Kỳ, người công giáo La Mã, các cỗ máy thành phố lớn, các liên đoàn lao động, người Mỹ gốc châu Phi ở miền bắc, người Do Thái, giới trí thức và người theo chủ nghĩa tự do chính trị là những ai? answer: cư dân miền Nam Hoa Kỳ, người công giáo La Mã, các cỗ máy thành phố lớn, các liên đoàn lao động, người Mỹ gốc châu Phi ở miền bắc, người Do Thái, giới trí thức và người theo chủ nghĩa tự do chính trị","question: Các nông gia nhỏ, cư dân miền Nam Hoa Kỳ, người công giáo La Mã, các cỗ máy thành phố lớn, các liên đoàn lao động, người Mỹ gốc châu Phi ở miền bắc, người Do Thái, giới trí thức và người theo chủ nghĩa tự do chính trị là những ai? answer: cư dân miền Nam Hoa Kỳ, người công giáo La Mã, các cỗ máy thành phố lớn, các liên đoàn lao động, người Mỹ gốc châu Phi ở miền bắc, người Do Thái, giới trí thức và người theo chủ nghĩa tự do chính trị",0.6591
259,RAG_Chunking,1,question: Nguyên nhân dẫn tới thắng lợi của Cách mạng Tháng Tám năm 1945 là gì? answer: Sự lãnh đạo đúng đắn của Đảng Cộng sản Đông Dương đứng Dưới sự lãnh đạo đúng đắn của Đảng Cộng sản Đông Dương đứng Dưới sự lãnh đạo đúng đắn của Đảng Cộng sản Đông Dương đứng Dưới sự lãnh đạo đúng đắn của Đảng Cộng sản Đông Dương đứng Dưới sự lãnh đạo đúng đắn của Đảng Cộng sản Đông Dương đứng Dưới sự lãnh đạo đúng đắn của Đảng Cộng sản Đông Dương đứng Dưới sự lãnh đạo đúng đắn của Đảng Cộng sản Đông Dương đứng Dưới sự lãnh đạo đúng đắn của Đảng Cộng sản,question: Nguyên nhân dẫn tới thắng lợi của Cách mạng Tháng Tám năm 1945 là gì? answer: Sự lãnh đạo đúng đắn của Đảng Cộng sản Đông Dương đứng  dưới sự lãnh đạo đúng đắn của Đảng Cộng sản Đông Dương đứng  Dưới sự lãnh đạo đúng đắn của Đảng Cộng sản Đông Dương đứng  Dưới sự lãnh đạo đúng đắn của Đảng Cộng sản Đông Dương đứng  Dưới sự lãnh đạo đúng đắn của Đảng Cộng sản Đông Dương đứng  Dưới sự lãnh đạo đúng đắn của Đảng Cộng sản Đông Dương đứng  Dưới,0.7014
259,RAG_Chunking,2,question: Ai là người lãnh đạo Đảng Cộng sản Đông Dương? answer: Chủ tịch Hồ Chí Minh,question: Ai là người lãnh đạo Đảng Cộng sản Đông Dương? answer: Chủ tịch Hồ Chí Minh,0.6803
259,RAG_Chunking,3,"question: Nguyên nhân thắng lợi của sự lãnh đạo đúng đắn của Đảng, Chủ tịch Hồ Chí Minh là gì? answer: - Sự lãnh đạo đúng đắn của Đảng, Chủ tịch Hồ Chí Minh. - Truyền thống yêu nước, đoàn kết, ý chí kiên cường của nhân dân. - Hệ thống chính quyền, mặt trận dân tộc thống nhất, lực lượng vũ trang lớn mạnh","question: Nguyên nhân thắng lợi của sự lãnh đạo đúng đắn của Đảng, Chủ tịch Hồ Chí Minh là gì? answer: Sự lãnh đạo đúng đắn của Đảng, Chủ tịch Hồ Chí Minh. - Truyền thống yêu nước, đoàn kết, ý chí kiên cường của nhân dân. - Hệ thống chính quyền, mặt trận dân tộc thống nhất, lực lượng vũ trang lớn mạnh",0.8615
259,RAG_Chunking,4,"question: Trong cuộc bầu cử tổng thống năm 1936, Roosevelt đã có những động thái gì? answer: Roosevelt đã có những động thái gì? answer: Roosevelt đã có những động thái gì? answer: Roosevelt đã có những động thái gì? answer: Roosevelt đã có những động thái gì? answer: Roosevelt đã có những động thái gì? answer: Roosevelt đã có những động thái gì? answer: Roosevelt đã có những động thái gì? answer: Roosevelt đã có những động thái gì? answer: Roosevelt đã có","question: Trong cuộc bầu cử tổng thống năm 1936, Roosevelt đã có những động thái gì? answer: Roosevelt vận động tranh cử dựa vào các chương trình New Deal của ông chống lại đối thủ Alf Landon, Thống đốc tiểu bang Kansas, là người chấp nhận phần lớn chương trình New Dealer của ông chống lại đối thủ Alf Landon, Thống đốc tiểu bang Kansas, là người chấp nhận phần lớn chương trình New Dealer của ông chống lại đối thủ Alf Landon, Thống đốc tiểu bang Kansas, là người chấp nhận phần lớn chương trình New Dealer",0.8878
259,RAG_Chunking,5,question: Ai là người chấp nhận phần lớn chương trình New Deal? answer: Alf Landon,question: Ai là người chấp nhận phần lớn chương trình New Deal? answer: Alf Landon,0.6183
259,RAG_Chunking,6,"question: Liên minh cử tri gồm những ai? answer: các đảng viên Dân chủ truyền thống trên toàn quốc, các nông gia nhỏ, cư dân miền Nam Hoa Kỳ, người công giáo La Mã, các cỗ máy thành phố lớn, các liên đoàn lao động, người Mỹ gốc châu Phi ở miền bắc, người Do Thái, giới trí thức và người theo chủ nghĩa tự do","question: Liên minh cử tri gồm những ai? answer: các đảng viên Dân chủ truyền thống trên toàn quốc, các nông gia nhỏ, cư dân miền Nam Hoa Kỳ, người công giáo La Mã, các cỗ máy thành phố lớn, các liên đoàn lao động, người Mỹ gốc châu Phi ở miền bắc, người Do Thái, giới trí thức và người theo chủ nghĩa tự do",0.7114
260,Chunking_Only,1,"question: Công việc của những con kiến thợ là gì? answer: chăm sóc kiến chúa, ấp trứng, chuyển trứng, nuôi kiến con, tìm kiếm thức ăn, đào đất xây dựng tổ, canh gác tổ (kiến lính)","question: Công việc của những con kiến thợ là gì? answer: chăm sóc kiến chúa, ấp trứng, chuyển trứng, nuôi kiến con, tìm kiếm thức ăn, đào đất xây dựng tổ, canh gác tổ (kiến lính)",0.7589
260,Chunking_Only,2,question: Vì sao những con kiến thợ không thể sinh sản? answer: vì cơ cấu giới tính của chúng chưa phát triển đầy đủ,question: Vì sao những con kiến thợ không thể sinh sản được? answer: vì cơ cấu giới tính của chúng chưa phát triển đầy đủ,0.8778
260,RAG_Chunking,1,"question: Hình như chúng cũng có giọng nói? answer: Hình như chúng cũng có giọng nói, và khi chúng đứng lên, người ta thấy chúng có bộ mặt người. Quả thực chúng là người... Đêm đến, chúng rúc vào hang, sống bằng bánh mì đen, nư answer: đêm đến, chúng rúc vào hang, sống bằng bánh mì đen, nư answer: ấy đi đâu thì cưỡi voi, phụ nữ cũng cưỡi được voi","question: Hình như chúng cũng có giọng nói? answer: Hình như chúng cũng có giọng nói, và khi chúng đứng lên, người ta thấy chúng có bộ mặt người. Quả thực chúng là người... (Nam Tề thư) [Hạn chế] Người ta thấy một số thú vật dữ tợn, đực và cái, rải khắp các làng xóm, sạm đen, hốc hác và rám nắng, gắn chặt vào mảnh đất mà chúng đào xới một cách cực kì nhẫn nại. Hình như chúng cũng có giọng nói, và khi chúng đứng lên, người ta thấy chúng có bộ mặt người",0.8006
260,RAG_Chunking,2,question: Vì sao những con kiến thợ không thể sinh sản? answer: vì cơ cấu giới tính của chúng chưa phát triển đầy đủ,question: Vì sao những con kiến thợ không thể sinh sản được? answer: vì cơ cấu giới tính của chúng chưa phát triển đầy đủ,0.8687
261,Chunking_Only,1,"question: Theo cuộc điều tra năm 2011, có bao nhiêu phần trăm dân số của thành phố sinh ngoài lãnh thổ chính quốc Pháp? answer: 23,1%","question: Theo cuộc điều tra năm 2011, có bao nhiêu phần trăm dân số của thành phố sinh ngoài lãnh thổ chính quốc Pháp? answer: 23,1%",0.7752
261,Chunking_Only,2,"question: Theo số liệu của cuộc điều tra, có bao nhiêu phần trăm dân số tại vùng Paris là người mới nhập cư? answer: 4,2% dân vùng Paris là những người mới nhập cư, tới Pháp trong khoảng từ 1990 đến 1999, trong đó nhiều nhất là từ Trung Quốc và châu Phi","question: Theo số liệu của cuộc điều tra, có bao nhiêu phần trăm dân số tại vùng Paris là người mới nhập cư? answer: 4,2% dân vùng Paris là những người mới nhập cư, tới Pháp trong khoảng từ 1990 đến 1999, trong đó nhiều nhất là từ Trung Quốc và châu Phi",0.8315
261,RAG_Chunking,1,"question: Những người cực khổ nhất trong xã hội là những người như thế nào? answer: không có ruộng đất, bị nhiều tầng lớp áp bức bóc lột","question: Những người cực khổ nhất trong xã hội là những người như thế nào? answer: không có ruộng đất, bị nhiều tầng lớp áp bức bóc lột",0.73
261,RAG_Chunking,2,question: Bán đảo nhỏ vươn ra Địa Trung Hải là bán đảo nào? answer: bán đảo Ban-căng và bán đảo I-ta-li-a,question: Bán đảo nhỏ vươn ra Địa Trung Hải là bán đảo nào? answer: bán đảo Ban-căng và bán đảo I-ta-li-a,0.7694
261,RAG_Chunking,3,"question: Theo cuộc điều tra năm 2011, có bao nhiêu phần trăm dân số của thành phố sinh ngoài lãnh thổ chính quốc Pháp? answer: 23,1%","question: Theo cuộc điều tra năm 2011, có bao nhiêu phần trăm dân số của thành phố sinh ngoài lãnh thổ chính quốc Pháp? answer: 23,1%",0.7726
262,Chunking_Only,1,"question: Vào năm 1715, công tước Philippe II rời Versailles về đâu? answer: Palais-Royal Paris","question: Vào năm 1715, công tước Philippe II rời Versailles về đâu? answer: Palais-Royal  Paris",0.7682
262,RAG_Chunking,1,question: Ngày 14-7-1789 diễn ra sự kiện gì? answer: hàng nghìn người dân Pa-ri đã nổi dậy đánh chiếm ngục Ba-xti từ tay quân lính của triều đình,question: Ngày 14-7-1789 là ngày diễn ra sự kiện gì? answer: hàng nghìn người dân Pa-ri đã nổi dậy đánh chiếm ngục Ba-xti từ tay quân lính của triều đình,0.6827
262,RAG_Chunking,2,"question: Những đẳng cấp nào của xã hội Pháp? answer: Tăng lữ, Quý tộc và Đẳng cấp thứ ba","question: Những đẳng cấp nào của xã hội Pháp? answer: Tăng lữ, Quý tộc và Đẳng cấp thứ ba",0.6206
262,RAG_Chunking,3,"question: Những giai cấp nào không có quyền lợi chính trị? answer: tư sản, nông dân, bình dân thành thị","question: Những giai cấp nào không có quyền lợi chính trị? answer: tư sản, nông dân, bình dân thành thị",0.6739
262,RAG_Chunking,4,"question: Những người cực khổ nhất trong xã hội là những người như thế nào? answer: không có ruộng đất, bị nhiều tầng lớp áp bức bóc lột","question: Những người cực khổ nhất trong xã hội là những người như thế nào? answer: không có ruộng đất, bị nhiều tầng lớp áp bức bóc lột",0.6134
262,RAG_Chunking,5,question: Vào năm 1715 công tước Philippe II rời Versailles về đâu? answer: Palais-Royal trong Paris,"question: Vào năm 1715, công tước Philippe II rời Versailles về đâu? answer: Palais-Royal trong Paris",0.7756
263,Chunking_Only,1,question: Vì sao Mitterrand không được PCF ủng hộ? answer: ông giành được 25.85% phiếu bầu ở vòng một (so với 15% 15% 15% 15% 15% 15% 15% 15% 15% 15% 15% 15% 15% 15% 15% 15% 15% 15% 15% 15% 15% 15% 15% 15% 15% 15% 15% 15% 15% 15% 15,question: Vì sao Mitterrand không được PCF ủng hộ? answer: ông giành được 25.85% phiếu bầu ở vòng một (so với 15%  15%  15%  15%  15%  15%  15%  15%  15%  15%  15%  15%  15%  15%  15%  15%  15%,0.6939
263,Chunking_Only,2,question: Ai là chính trị gia đầu tiên của cánh tả được bầu làm Tổng thống Pháp theo phổ thông đầu phiếu? answer: tổng thống Giscard d'Estaing,question: Ai là chính trị gia đầu tiên của cánh tả được bầu làm Tổng thống Pháp theo phổ thông đầu phiếu? answer: tổng thống Giscard d'Estaing,0.7406
263,RAG_Chunking,1,"question: Nguyên nhân thắng lợi của sự lãnh đạo đúng đắn của Đảng là gì? answer: - Sự lãnh đạo đúng đắn của Đảng, Chủ tịch Hồ Chí Minh. - Truyền thống yêu nước, đoàn kết, ý chí kiên cường của nhân dân. - Hệ thống chính quyền, mặt trận dân tộc thống nhất, lực lượng vũ trang lớn mạnh. - Đoàn kết ba nước Đông Dương. - Sự ủng hộ của các nước xã hội chủ nghĩa và nhân dân tiến bộ thế giới","question: Nguyên nhân thắng lợi của sự lãnh đạo đúng đắn của Đảng là gì? answer: - Sự lãnh đạo đúng đắn của Đảng, Chủ tịch Hồ Chí Minh. - Truyền thống yêu nước, đoàn kết, ý chí kiên cường của nhân dân. - Hệ thống chính quyền, mặt trận dân tộc thống nhất, lực lượng vũ trang lớn mạnh. - Đoàn kết ba nước Đông Dương. - Sự ủng hộ của các nước xã hội chủ nghĩa và nhân dân tiến bộ thế giới. - Sự ủng hộ của các nước xã hội chủ nghĩa và nhân dân tiến bộ thế giới",0.9136
263,RAG_Chunking,2,question: Nguyên nhân thắng lợi của Cách mạng Tháng Tám năm 1945 là gì? answer: Sự lãnh đạo sáng suốt của Đảng,question: Nguyên nhân thắng lợi của Cách mạng Tháng Tám năm 1945 là gì? answer: Sự lãnh đạo sáng suốt của Đảng,0.765
263,RAG_Chunking,3,question: Sự lãnh đạo đúng đắn của Đảng Cộng sản Đông Dương đứng đầu là ai? answer: Chủ tịch Hồ Chí Minh,question: Sự lãnh đạo đúng đắn của Đảng Cộng sản Đông Dương đứng đầu là ai? answer: Chủ tịch Hồ Chí Minh,0.6655
263,RAG_Chunking,4,"question: Vì sao Mitterrand không được PCF ủng hộ mà chỉ có PS? answer: ông kêu gọi một ""chính trị khác"", dựa trên chương trình Xã hội 110 Đề xuất cho nước Pháp, và lên án hoạt động của tổng ịch","question: Vì sao Mitterrand không được PCF ủng hộ mà chỉ có PS? answer: ông kêu gọi một ""chính trị khác"", dựa trên chương trình Xã hội 110 Đề xuất cho nước Pháp, và lên án hoạt động của tổng ịch",0.8303
263,RAG_Chunking,5,question: Ai là người giành được 25.85% phiếu bầu ở vòng một? answer: tổng thống Giscard d'Estaing,question: Ai là người giành được 25.85% phiếu bầu ở vòng một? answer: tổng thống Giscard d'Estaing,0.7259
263,RAG_Chunking,6,question: Ai là chính trị gia đầu tiên của cánh tả được bầu làm Tổng thống Pháp theo phổ thông đầu phiếu? answer: chính trị gia đầu tiên của cánh tả,question: Ai là chính trị gia đầu tiên của cánh tả được bầu làm Tổng thống Pháp theo phổ thông đầu phiếu? answer: Ông,0.7918
264,Chunking_Only,1,"question: Điều gì đã xảy ra vào năm 1878? answer: tù trưởng cấp cao Atal của La Foa thống nhất nhiều bộ lạc tại miền trung và phát động chiến tranh du kích, khiến 200 người Pháp và 1.000 người Kanak thiệt mạng","question: Điều gì đã xảy ra vào năm 1878? answer: tù trưởng cấp cao Atal của La Foa thống nhất nhiều bộ lạc tại miền trung và phát động chiến tranh du kích, khiến 200 người Pháp và 1.000 người Kanak thiệt mạng",0.7098
264,Chunking_Only,2,question: Dân số người Kanak giảm từ bao nhiêu vào năm 1878 xuống còn 27.100 vào năm 1921? answer: 27.100,question: Dân số người Kanak giảm từ bao nhiêu vào năm 1878 xuống còn 27.100 vào năm 1921? answer: 27.100,0.7398
264,RAG_Chunking,1,"question: Các hiện tượng nào xảy ra ở các làng xã? answer: tình trạng che giấu, gian dối về ruộng đất và dân đinh","question: Các hiện tượng nào xảy ra ở các làng xã? answer: tình trạng che giấu, gian dối về ruộng đất và dân đinh",0.6676
264,RAG_Chunking,2,"question: Những năm 30 của thế kỉ XVII, xã hội Đại Việt đã lâm vào khủng hoảng như thế nào? answer: xã hội Đại Việt từng bước lâm vào khủng hoảng","question: Những năm 30 của thế kỉ XVII, xã hội Đại Việt đã lâm vào khủng hoảng như thế nào? answer: xã hội Đại Việt từng bước lâm vào khủng hoảng",0.7887
264,RAG_Chunking,3,"question: Một bộ phận nông dân thiếu ruộng đất canh tác, nguồn thu của nhà nước bị ảnh hưởng. Một bộ phận nông dân thiếu ruộng đất canh tác, nguồn thu của nhà nước bị ảnh hưởng. Một bộ phận nông dân thiếu ruộng đất canh tác, nguồn thu của nhà nước bị ảnh hưởng. Một bộ phận nông dân thiếu ruộng đất canh tác, nguồn thu của nhà nước bị ảnh hưởng. Một bộ phận nông dân thiếu ruộng đất canh tác, nguồn thu của nhà nước bị ảnh hưởng. Một bộ phận nông dân thiếu ruộng đất canh tác, nguồn thu của nhà nước bị ảnh hưởng. Một bộ phận","question: Kinh tế Đại Việt sau chiến tranh đã được phục hồi như thế nào? answer: Nền kinh tế Đại Việt sau chiến tranh đã được phục hồi. Chế độ ruộng đất vẫn tồn tại nhiều hạn chế, bất cập. Một bộ phận nông dân thiếu ruộng đất canh tác, nguồn thu của nhà nước bị ảnh hưởng. Một bộ phận nông dân thiếu ruộng đất canh tác, nguồn thu của nhà nước bị ảnh hưởng. Một bộ phận nông dân thiếu ruộng đất canh tác, nguồn thu của nhà nước bị ảnh hưởng. Một bộ phận nông dân thiếu ruộng đất canh tác, nguồn thu của nhà nước bị",0.8113
264,RAG_Chunking,4,"question: Nguyên nhân dẫn đến phản ứng bạo lực năm 1878 là gì? answer: tù trưởng cấp cao Atal của La Foa thống nhất nhiều bộ lạc tại miền trung và phát động chiến tranh du kích, khiến 200 người Pháp và 1.000 người Kanak thiệt mạng","question: Nguyên nhân dẫn đến phản ứng bạo lực năm 1878 là gì? answer: tù trưởng cấp cao Atal của La Foa thống nhất nhiều bộ lạc tại miền trung và phát động chiến tranh du kích, khiến 200 người Pháp và 1.000 người Kanak thiệt mạng",0.8151
264,RAG_Chunking,5,question: Dân số người Kanak giảm từ bao nhiêu vào năm 1878 xuống còn 27.100 vào năm 1921? answer: 27.100,question: Dân số người Kanak giảm từ bao nhiêu vào năm 1878 xuống còn 27.100 vào năm 1921? answer: 27.100,0.8317
265,Chunking_Only,1,question: Nhiệt độ trung bình của Puerto Rico là bao nhiêu? answer: khoảng 26 C (80 F),question: Nhiệt độ trung bình của Puerto Rico là bao nhiêu? answer: khoảng 26 C (80 F),0.8541
265,Chunking_Only,2,question: Mùa mưa ở Puerto Rico kéo dài trong khoảng thời gian nào? answer: từ tháng 11 đến tháng 5 còn mùa mưa diễn ra trong khoảng tháng 6 đến tháng 10,question: Mùa mưa ở Puerto Rico kéo dài trong khoảng thời gian nào? answer: từ tháng 11 đến tháng 5 còn mùa mưa diễn ra trong khoảng tháng 6 đến tháng 10,0.7869
265,RAG_Chunking,1,question: Khu vực Nam Âu có những bán đảo nào? answer: bán đảo Ban-căng và bán đảo I-ta-li-a,question: Khu vực Nam Âu có những bán đảo nào? answer: bán đảo Ban-căng và bán đảo I-ta-li-a,0.7339
265,RAG_Chunking,2,"question: Những điều kiện tự nhiên nào tạo thuận lợi cho sự phát triển của thủ công nghiệp, thương nghiệp và hàng hải? answer: Lượng ánh sáng Mặt Trời lớn và lượng mưa nhiều","question: Những điều kiện tự nhiên nào tạo thuận lợi cho sự phát triển của thủ công nghiệp, thương nghiệp và hàng hải? answer: Lượng ánh sáng Mặt Trời lớn và lượng mưa nhiều",0.8398
265,RAG_Chunking,3,"question: Những điều kiện thuận lợi để cư dân trồng trọt, chăn nuôi, bảo đảm nguồn thức ăn đa dạng là gì? answer: Nguồn tài nguyên khoáng sản phong phú (sắt, đồng, chì, thiếc..) là cơ sở để cư dân chế tác các loại hình công cụ lao động trong sản xuất và đồ dùng trong sinh hoạt hằng ngày","question: Những điều kiện thuận lợi để cư dân trồng trọt, chăn nuôi, bảo đảm nguồn thức ăn đa dạng là gì? answer: Nguồn tài nguyên khoáng sản phong phú (sắt, đồng, chì, thiếc..) là cơ sở để cư dân chế tác các loại hình công cụ lao động trong sản xuất và đồ dùng trong sinh hoạt hằng ngày. Nguồn tài nguyên khoáng sản phong phú (sắt, đồng, chì, thiếc..) là cơ sở để cư dân chế tác các loại hình công cụ lao động trong sản xuất và đồ dùng trong sinh hoạt hằng ngày",0.8268
265,RAG_Chunking,4,"question: Vào những năm 40 của thế kỉ XIV, các hiện tượng nào xảy ra ở nhiều địa phương trên cả nước? answer: các hiện tượng hạn hán, bão, lụt, vỡ đê.... xảy ra ở nhiều địa phương trên cả nước","question: Vào những năm 40 của thế kỉ XIV, các hiện tượng nào xảy ra ở nhiều địa phương trên cả nước? answer: các hiện tượng hạn hán, bão, lụt, vỡ đê.... xảy ra ở nhiều địa phương trên cả nước",0.681
265,RAG_Chunking,5,question: Nhiệt độ trung bình của Puerto Rico là bao nhiêu? answer: khoảng 26 C (80 F),question: Nhiệt độ trung bình của Puerto Rico là bao nhiêu? answer: khoảng 26 C (80 F),0.8517
265,RAG_Chunking,6,question: Mùa khô ở Puerto Rico kéo dài trong khoảng thời gian nào? answer: từ tháng 11 đến tháng 5 còn mùa mưa diễn ra trong khoảng tháng 6 đến tháng 10,question: Mùa khô ở Puerto Rico kéo dài trong khoảng thời gian nào? answer: từ tháng 11 đến tháng 5 còn mùa mưa diễn ra trong khoảng tháng 6 đến tháng 10,0.8293
266,Chunking_Only,1,"question: Đại lộ Champs-Élysées và các phố gần đấy như George-V, Montaigne là khu vực nào? answer: khu vực nhiều cửa hàng thời trang cao cấp, cùng các khách sạn đặc biệt sang trọng Plaza Athénée, George V... answer: khu vực nhiều cửa hàng thời trang cao cấp, cùng các khách sạn đặc biệt sang trọng Plaza Athénée, George V... answer: khu vực nhiều cửa hàng thời trang cao cấp, cùng các khách sạn đặc biệt sang trọng Plaza Athénée, George V...","question: Đại lộ Champs-Élysées và các phố gần đấy như George-V, Montaigne là khu vực nào? answer: khu vực nhiều cửa hàng thời trang cao cấp, cùng các khách sạn đặc biệt sang trọng Plaza Athénée, George V...",0.7712
266,RAG_Chunking,1,"question: Vai trò của dòng họ Mê-đi-xi là gì? answer: đóng vai trò quan trọng trong nền chính trị thành phố, đồng thời cũng chủ trương khuyến khích phát triển nghệ thuật",question: Vì sao thành phố Phờ-lo-ren trở thành nơi khởi nguồn của văn minh thời Phục hưng? answer: một trong những lí do khiến thành phố Phờ-lo-ren (I-ta-li-a) trở thành nơi khởi nguồn của văn minh thời Phục hưng là vai trò của dòng họ Mê-đi-xi,0.8425
266,RAG_Chunking,2,question: Ngày 14-7-1789 là ngày diễn ra sự kiện gì? answer: hàng nghìn người dân Pa-ri đã nổi dậy đánh chiếm ngục Ba-xti từ tay quân lính của triều đình,question: Ngày 14-7-1789 là ngày diễn ra sự kiện gì? answer: hàng nghìn người dân Pa-ri đã nổi dậy đánh chiếm ngục Ba-xti từ tay quân lính của triều đình,0.65
266,RAG_Chunking,3,question: Café de Flore ở Saint-Germain-des-Prés từng là ngôi nhà của Chủ nghĩa hiện sinh ở đâu? answer: Saint-Germain-des-Prés từng là ngôi nhà của Chủ nghĩa hiện sinh ở đâu? answer: Đồi Montmar,question: Café de Flore ở Saint-Germain-des-Prés từng là ngôi nhà của Chủ nghĩa hiện sinh ở đâu? answer: Saint-Germain-des-Prés,0.6092
266,RAG_Chunking,4,"question: Đại lộ Champs-Élysées và các phố gần đấy như George-V, Montaigne là khu vực nào? answer: khu vực nhiều cửa hàng thời trang cao cấp, cùng các khách sạn đặc biệt sang trọng Plaza Athénée, George V... answer: khu vực nhiều cửa hàng thời trang cao cấp, cùng các khách sạn đặc biệt sang trọng Plaza Athénée, George V... answer: khu vực nhiều cửa hàng thời trang cao cấp, cùng các khách sạn đặc biệt sang trọng Plaza Athénée, George V...","question: Đại lộ Champs-Élysées và các phố gần đấy như George-V, Montaigne là khu vực nào? answer: khu vực nhiều cửa hàng thời trang cao cấp, cùng các khách sạn đặc biệt sang trọng Plaza Athénée, George V...",0.8127
267,Chunking_Only,1,"question: Câu nói trước khi chết của Gandhi có ý nghĩa như thế nào? answer: nó được xem là câu tôn kính hướng đến thần Rama, là một dấu hiệu gợi cảm tâm linh Gandhi cũng như lý tưởng đạt sự thống nhất với hòa bình vĩnh hằng của ông","question: Câu nói trước khi chết của Gandhi có ý nghĩa như thế nào? answer: nó được xem là câu tôn kính hướng đến thần Rama, là một dấu hiệu gợi cảm tâm linh Gandhi cũng như lý tưởng đạt sự thống nhất với hòa bình vĩnh hằng của ông",0.8665
267,Chunking_Only,2,"question: Answer: ""He Ram, He Ram"" hoặc ""Rama, Rama"", và nó cũng tường thuật rằng ông lăn xuống đất, chắp hai tay trước ngực ở tư thế chào","question: Một vài nguồn ghi lại những lời cuối của ông là gì? answer: ""He Ram, He Ram"" hoặc ""Rama, Rama"", và nó cũng tường thuật rằng ông lăn xuống đất, chắp hai tay trước ngực ở tư thế chào",0.8656
267,RAG_Chunking,1,"question: Vua ngự ra cửa Bồ Hải cày ruộng Tịch điền vào thời gian nào? answer: mùa xuân, tháng 2 [năm 1038]","question: Vua ngự ra cửa Bồ Hải cày ruộng Tịch điền vào thời gian nào? answer: mùa xuân, tháng 2 [năm 1038]",0.6918
267,RAG_Chunking,2,question: Ai là người khởi xướng Nho giáo? answer: Khổng Tử,question: Ai là người khởi xướng Nho giáo? answer: Khổng Tử (551  479 TCN),0.7485
267,RAG_Chunking,3,"question: Sách có nội dung như thế nào? answer: nói về duyên do túc mệnh tương tự, như kinh Phật, trong đó bàn về việc thiện,..","question: Sách có nội dung như thế nào? answer: nói về duyên do túc mệnh tương tự, như kinh Phật, trong đó bàn về việc thiện,..",0.7528
267,RAG_Chunking,4,"question: Câu nói trước khi chết của Gandhi là gì? answer: ""Ô kìa Rama!"" (Hey Rama!) và nó được xem là câu tôn kính hướng đến thần Rama, là một dấu hiệu gợi cảm tâm linh Gandhi cũng như lý tưởng đạt sự thống nhất với hòa bình vĩnh hằng của ông","question: Câu nói trước khi chết của Gandhi là gì? answer: ""Ô kìa Rama!"" (Hey Rama!) và nó được xem là câu tôn kính hướng đến thần Rama, là một dấu hiệu gợi cảm tâm linh Gandhi cũng như lý tưởng đạt sự thống nhất với hòa bình vĩnh hằng của ông",0.9158
268,Chunking_Only,1,question: Chính phủ mới liên hiệp với những người định cư khác tại Texas trong Runaway Scrape để làm gì? answer: chạy trốn khỏi đội quân México đang tiến đến,question: Chính phủ mới liên hiệp với những người định cư khác tại Texas trong Runaway Scrape để làm gì? answer: chạy trốn khỏi đội quân México đang tiến đến,0.6831
268,Chunking_Only,2,question: Quân đội Texas dưới sự chỉ huy của ai đã tiến công và đánh bại các lực lượng của Santa Anna trong trận San Jacinto? answer: Sam Houston,question: Quân đội Texas dưới sự chỉ huy của ai đã tiến công và đánh bại các lực lượng của Santa Anna trong trận San Jacinto? answer: Sam Houston,0.83
268,RAG_Chunking,1,question: Kết quả của chiến dịch Điện Biên Phủ là gì? answer: toàn thắng ngày 7-5-1954,question: Kết quả của chiến dịch Điện Biên Phủ là gì? answer: toàn thắng ngày 7-5-1954. - Pháp thực hiện kế hoạch Na-va. - Chiến dịch Điện Biên Phủ (3-1954 - 7-5-1954): toàn thắng ngày 7-5-1954. - Pháp thực hiện kế hoạch Na-va. - Chiến dịch Điện Biên Phủ (3-1954 - 7-5-1954): toàn thắng ngày 7-5-1954,0.7808
268,RAG_Chunking,2,question: Sự kiện nào đã diễn ra vào ngày 7-5-1954? answer: Chiến dịch Điện Biên Phủ (3-1954 - 7-5-1954): toàn thắng ngày 7-5-1954,"question: Sự kiện nào đã diễn ra vào ngày 7-5-1954? answer: Chiến dịch Điện Biên Phủ (3-1954 - 7-5-1954): toàn thắng ngày 7-5-1954. - Làm phá sản kế hoạch Na-va, tạo điều kiện cho Hội nghị Genève",0.7131
268,RAG_Chunking,3,question: Chính phủ mới liên hiệp với những người định cư khác tại Texas trong Runaway Scrape để làm gì? answer: chạy trốn khỏi đội quân México đang tiến đến,question: Chính phủ mới liên hiệp với những người định cư khác tại Texas trong Runaway Scrape để làm gì? answer: chạy trốn khỏi đội quân México đang tiến đến,0.7861
269,Chunking_Only,1,"question: Hai người được bầu vào Hạ viện Hoa Kỳ gồm những ai? answer: FDR, Jr. phục vụ ba nhiệm kỳ, đại diện khu vực phía tây Thượng Manhattan","question: Hai người được bầu vào Hạ viện Hoa Kỳ gồm những ai? answer: FDR, Jr. phục vụ ba nhiệm kỳ, đại diện khu vực phía tây Thượng Manhattan. Còn James phục vụ 6 nhiệm kỳ, đại diện khu quốc hội số 26 của tiểu bang California",0.9113
269,RAG_Chunking,1,"question: Nội dung của chính sách tứ đẳng là gì? answer: chỉ chọn những người giỏi võ nghệ làm tướng chỉ huy, không căn cứ vào nguồn gốc tôn thất như trước. - Thải hồi những binh sĩ già yếu, lấy người khoẻ mạnh bổ sung vào quân ngũ. - Tăng cường tuyển quân quy mô lớn; bổ sung lực lượng hương quân ở các địa phương. - Tăng cường tuyển quân quy mô lớn; bổ sung lực lượng hương quân ở các địa phương. - Tăng cường tuyển quân quy mô lớn; bổ sung lực lượng hương quân ở các địa phương","question: Nội dung của chính sách tứ đẳng là gì? answer: chỉ chọn những người giỏi võ nghệ làm tướng chỉ huy, không căn cứ vào nguồn gốc tôn thất như trước. - Thải hồi những binh sĩ già yếu, lấy người khoẻ mạnh bổ sung vào quân ngũ. - Tăng cường tuyển quân quy mô lớn; bổ sung lực lượng hương quân ở các địa phương. - Tăng cường tuyển quân quy mô lớn; bổ sung lực lượng hương quân ở các địa phương. - Tăng cường tuyển quân quy mô lớn; bổ sung lực lượng hương quân ở các địa phương",0.8738
269,RAG_Chunking,2,"question: Tên gọi khác của bãi dâu triều trước là gì? answer: Bãi dâu triều trước thu mỗi mẫu 9 quan hoặc 7 quan tiền, nay thu hạng thượng đẳng mỗi mẫu 3 quan tiền giấy, hạng trung đẳng 2 quan tiền giấy, hạng hạ đẳng 1 quan tiền giấy",question: Tiền nộp hàng năm của đình nam trước thu bao nhiêu quan? answer: 3 quan,0.6503
269,RAG_Chunking,3,question: Tiền nộp hàng năm của đình nam trước thu bao nhiêu quan? answer: 3 quan,question: Tiền nộp hàng năm của đình nam trước thu bao nhiêu quan? answer: 3 quan,0.718
269,RAG_Chunking,4,"question: Theo Ngô Sĩ Liên và các sử thần triều Hậu Lê, ai là người mất khi chưa tròn 1 tuổi? answer: Năm người con còn lại","question: Theo Ngô Sĩ Liên và các sử thần triều Hậu Lê, ai là người mất khi chưa tròn 1 tuổi? answer: Năm người con còn lại",0.7197
269,RAG_Chunking,5,"question: Bao nhiêu người con trai của FDR, Jr. đều là sĩ quan quân đội tham gia Chiến tranh thế giới thứ hai? answer: 19 lần kết hôn, 15 lần ly dị và sinh 29 người con","question: Bao nhiêu người con trai của FDR, Jr. đều là sĩ quan quân đội tham gia Chiến tranh thế giới thứ hai? answer: 19 lần kết hôn, 15 lần ly dị và sinh 29 người con",0.8228
269,RAG_Chunking,6,"question: FDR, Jr. là ai? answer: phục vụ ba nhiệm kỳ, đại diện khu vực phía tây Thượng Manhattan","question: FDR, Jr. là ai? answer: phục vụ ba nhiệm kỳ, đại diện khu vực phía tây Thượng Manhattan. Còn James phục vụ 6 nhiệm kỳ, đại diện khu quốc hội số 26 của tiểu bang California",0.8932
270,Chunking_Only,1,"question: Vào ngày 13 tháng 4, xác của Roosevelt được đặt ở đâu? answer: trong một cỗ quan tài có quấn quốc kỳ Mỹ và được đưa lên xe lửa tổng thống","question: Vào ngày 13 tháng 4, xác của Roosevelt được đặt ở đâu? answer: trong một cỗ quan tài có quấn quốc kỳ Mỹ và được đưa lên xe lửa tổng thống",0.8027
270,Chunking_Only,2,question: Di tích Lịch sử Quốc gia Nhà của Franklin D. Roosevelt được gọi là gì? answer: Di tích Lịch sử Quốc gia Nhà của Franklin D. Roosevelt,question: Nhà của Franklin D. Roosevelt được gọi là gì? answer: Di tích Lịch sử Quốc gia Nhà của Franklin D. Roosevelt,0.6291
270,RAG_Chunking,1,question: Mục đích của việc đắp đê quai vạc là gì? answer: ngăn nước lũ tràn ngập,question: Mục đích của việc đắp đê quai vạc là gì? answer: ngăn nước lũ tràn ngập,0.6383
270,RAG_Chunking,2,"question: Ý nghĩa lịch sử của Cách mạng Tháng Tám năm 1945 là gì? answer: Kết thúc 30 năm chiến tranh giải phóng dân tộc. - Thống nhất đất nước, thành cách mạng dân tộc dân chủ nhân dân. - Mở ra kỷ nguyên độc lập, thống nhất, đi lên chủ nghĩa xã hội. - Mở ra kỷ nguyên độc lập, thống nhất, đi lên chủ nghĩa xã hội. - Mở ra kỷ nguyên độc lập, thống nhất, đi lên chủ nghĩa xã hội. - Mở ra kỷ nguyên độc lập, thống nhất, đi lên chủ nghĩa xã hội","question: Ý nghĩa lịch sử của Cách mạng Tháng Tám năm 1945 là gì? answer: - Kết thúc 30 năm chiến tranh giải phóng dân tộc. - Thống nhất đất nước, hoàn thành cách mạng dân tộc dân chủ nhân dân. - Mở ra kỷ nguyên độc lập, thống nhất, đi lên chủ nghĩa xã hội. - Mở ra kỷ nguyên độc lập, thống nhất, đi lên chủ nghĩa xã hội. - Mở ra kỷ nguyên độc lập, thống nhất, đi lên chủ nghĩa xã hội. - Mở ra kỷ nguyên độc lập, thống nhất, đi lên chủ nghĩa xã hội.",0.8612
270,RAG_Chunking,3,"question: Ý nghĩa lịch sử của Cách mạng Tháng Tám năm 1945 là gì? answer: mở ra bước ngoặt lớn của dân tộc: đập tan ách cai trị hơn 80 năm của thực dân Pháp và 5 năm của phát xít Nhật, chấm dứt vĩnh viễn chế độ quân chủ ở Việt Nam","question: Ý nghĩa lịch sử của Cách mạng Tháng Tám năm 1945 là gì? answer: mở ra bước ngoặt lớn của dân tộc: đập tan ách cai trị hơn 80 năm của thực dân Pháp và 5 năm của phát xít Nhật, chấm dứt vĩnh viễn chế độ quân chủ ở Việt Nam",0.9053
270,RAG_Chunking,4,"question: Kỷ nguyên mới của Việt Nam là gì? answer: kỷ nguyên độc lập, tự do, nhân dân lao động nắm chính quyền, làm chủ đất nước; giải phóng dân tộc gắn liền với giải phóng xã hội","question: Kỷ nguyên mới của Việt Nam là gì? answer: kỷ nguyên độc lập, tự do, nhân dân lao động nắm chính quyền, làm chủ đất nước; giải phóng dân tộc gắn liền với giải phóng xã hội",0.7466
270,RAG_Chunking,5,"question: Ngày 13 tháng 4, xác của Roosevelt được đặt ở đâu? answer: trong một cỗ quan tài có answer: answer: trong một cỗ quan tài có chọc thủng khâu yếu nhất trong hệ thống thuộc địa","question: Ngày 13 tháng 4, xác của Roosevelt được đặt ở đâu? answer: trong một cỗ quan tài có chọc thủng khâu yếu nhất trong hệ thống thuộc địa, góp phần làm suy yếu chủ nghĩa đế quốc",0.7456
270,RAG_Chunking,6,"question: Vào ngày 13 tháng 4, xác của Roosevelt được đặt ở đâu? answer: trong một cỗ quan tài có quấn quốc kỳ Mỹ và được đưa lên xe lửa tổng thống","question: Vào ngày 13 tháng 4, xác của Roosevelt được đặt ở đâu? answer: trong một cỗ quan tài có quấn quốc kỳ Mỹ và được đưa lên xe lửa tổng thống",0.8181
270,RAG_Chunking,7,"question: Nơi mà Roosevelt được chôn cất là ở đâu? answer: vườn hồng của ngôi nhà gia đình Roosevelt (nay được gọi là Home of Franklin D. Roosevelt National Historic Site, tạm dịch là Di tích Lịch sử Quốc gia Nhà của Franklin D. Roosevelt National Historic Site, tạm dịch là Di tích Lịch sử Quốc gia Nhà của Franklin D. Roosevelt National Historic Site, tạm dịch là Di tích Lịch sử Quốc gia Nhà của Franklin D. Roosevelt National Historic Site, tạm dịch là Di tích Lịch sử Quốc gia Nhà của Franklin D. Roosevelt National Historic Site,","question: Nơi mà Roosevelt được chôn cất là ở đâu? answer: vườn hồng của ngôi nhà gia đình Roosevelt (nay được gọi là Home of Franklin D. Roosevelt National Historic Site, tạm dịch là Di tích Lịch sử Quốc gia Nhà của Franklin D. Roosevelt National Historic Site, tạm dịch là Di tích Lịch sử Quốc gia Nhà của Franklin D. Roosevelt National Historic Site, tạm dịch là Di tích Lịch sử Quốc gia Nhà của Franklin D. Roosevelt National Historic Site, tạm dịch là Di tích Lịch sử Quốc gia Nhà của Franklin D. Roosevelt National Historic Site,",0.7387
271,Chunking_Only,1,"question: WHO đã có kết luận gì về urani nghèo? answer: urani nghèo chỉ là phóng xạ yếu, cần phải hít vào những khối lượng rất lớn bụi (ở mức độ gam) để có thể tăng nguy cơ ung thư phổi ở mức độ có thể nhận thấy trong một nhều nhiểu nhiểu nhiểu bụi (ở mức độ gam) để có thể tăng nguy cơ ung thư phổi ở mức độ có thể nhận thấy trong một nhiểu nhiểu nhiểu nhiểu bụi (ở mức độ gam) để có thể tăng nguy cơ ung thư phổi ở mức độ có thể nhận thấy trong một nh","question: WHO đã có kết luận gì về urani nghèo? answer: urani nghèo chỉ là phóng xạ yếu, cần phải hít vào những khối lượng rất lớn bụi (ở mức độ gam) để có thể tăng nguy cơ ung thư phổi ở mức độ có thể nhận thấy trong một nhều nhiểu nhiểu bụi (ở mức độ gam) để có thể tăng nguy cơ ung thư phổi ở mức độ có thể nhận thấy trong một nhiểu nhiểu bụi (ở mức độ gam) để có thể tăng nguy cơ ung thư phổi ở mức độ có thể nhận thấy trong một nhiểu nhiểu",0.7736
271,RAG_Chunking,1,question: Sự phát triển mạnh mẽ của nền kinh tế đã đặt ra vấn đề gì? answer: Sự phát triển mạnh mẽ của nền kinh tế đã đặt ra những vấn đề gì? answer: Sự phát triển mạnh mẽ của nền kinh tế đã đặt ra những vấn đề gì? answer: Sự phát triển mạnh mẽ của nền kinh tế đã đặt ra những vấn đề gì? answer: Sự phát triển mạnh mẽ của nền kinh tế đã đặt ra những vấn đề gì? answer:  Khủng hoảng năng lượng và sự cạn kiệt của tài nguyên thiên nhiên,"question: Sự phát triển mạnh mẽ của nền kinh tế đã đặt ra những vấn đề gì? answer:  Các vấn đề toàn cầu như bùng nổ dân số, ô nhiễm môi trường, dịch bệnh...  Chiến tranh thế giới thứ hai đặt ra nhu cầu phát minh các loại vũ khí mới",0.8018
271,RAG_Chunking,2,question: Tổ chức sức khỏe thế giới đã có thể tiếp cận với những nguy cơ đối với sức khỏe của urani nghèo tại những địa điểm nào? answer: những địa điểm đã xảy ra chiến tranh nhờ một phái đoàn năm 2001 tới Kosovo,question: Tổ chức sức khỏe thế giới đã có thể tiếp cận với những nguy cơ đối với sức khỏe của urani nghèo tại những địa điểm nào? answer: những địa điểm đã xảy ra chiến tranh nhờ một phái đoàn năm 2001 tới Kosovo,0.8234
271,RAG_Chunking,3,"question: WHO đã đưa ra kết luận gì về urani nghèo? answer: WHO đã đưa ra kết luận gì về urani nghèo? answer: urani nghèo chỉ là phóng xạ yếu, cần phải hít vào những khối lượng rất lớn bụi (ở mức độ gam) để có thể tăng nguy cơ ung thư phổi ở mức độ có thể nhận thấy trong một nhóm nguy cơ","question: WHO đã đưa ra kết luận gì về urani nghèo? answer: urani nghèo chỉ là phóng xạ yếu, cần phải hít vào những khối lượng rất lớn bụi (ở mức độ gam) để có thể tăng nguy cơ ung thư phổi ở mức độ có thể nhận thấy trong một nhóm nguy cơ",0.9052
271,RAG_Chunking,4,"question: Vì sao ""không có những tác động liên tục hay tiến triển đã được báo cáo ở người""? answer: vì lý do chịu tác động của urani nghèo","question: Vì sao ""không có những tác động liên tục hay tiến triển đã được báo cáo ở người""? answer: vì lý do chịu tác động của urani nghèo",0.8303
272,Chunking_Only,1,"question: Vì sao triều đình Habsburg phải tiến hành cải cách? answer: Với thất bại của nền quân chủ Habsburg trong các cuộc chiến tranh nêu trên, và sự phát triển lớn mạnh của nền quân chủ Phổ","question: Vì sao triều đình Habsburg phải tiến hành cải cách? answer: thất bại của nền quân chủ Habsburg trong các cuộc chiến tranh nêu trên, và sự phát triển lớn mạnh của nền quân chủ Phổ",0.7975
272,Chunking_Only,2,question: Hoàng đế Joseph II có mong muốn gì? answer: biến nền quân chủ Habsburg thành một quốc gia thống nhất,question: Hoàng đế Joseph II có mong muốn gì? answer: biến nền quân chủ Habsburg thành một quốc gia thống nhất,0.7135
272,Chunking_Only,3,"question: Trong các năm 1778 - 1779, Friedrich II Đại Đế đã có những động thái gì? answer: ông ta lập mưu chiếm đất của xứ Bayern, nhưng lại bị vua Friedrich II Đại Đế đẩy lùi trong cuộc Chiến tranh Kế vị Bayern","question: Trong các năm 1778 - 1779, Friedrich II Đại Đế đã có những động thái gì? answer: ông ta lập mưu chiếm đất của xứ Bayern, nhưng lại bị vua Friedrich II Đại Đế đẩy lùi trong cuộc Chiến tranh Kế vị Bayern",0.8506
272,Chunking_Only,4,question: Ai là kẻ hủy diệt vĩ đại của Đế quốc? answer: Nhà vua nước Phổ,question: Ai là kẻ hủy diệt vĩ đại của Đế quốc? answer: Nhà vua nước Phổ,0.6307
272,RAG_Chunking,1,question: Kết quả của cuộc cải cách của Minh Mạng nửa đầu thế kỉ XIX là gì? answer: đưa tới sự xác lập của thể chế quân chủ chuyên chế trung ương tập quyền mang tính quan liêu theo đường lối pháp trị,question: Kết quả của cuộc cải cách của Minh Mạng là gì? answer: đưa tới sự xác lập của thể chế quân chủ chuyên chế trung ương tập quyền mang tính quan liêu theo đường lối pháp trị,0.8334
272,RAG_Chunking,2,"question: Hệ thống hành chính trên cả nước đã được cấu trúc lại như thế nào? answer: hệ thống hành chính trên cả nước đã được cấu trúc lại một cách thống nhất, chặt chẽ và tập trung; quyền lực của hoàng đế và triều đình được tăng cường cao độ; quyền lực của hoàng đế và triều đình được tăng cường cao độ; quyền lực của hoàng đế và triều đình được tăng cường cao độ; quyền lực của hoàng đế và triều đình được tăng cường cao độ; quyền lực của hoàng đế và triều đình được tăng cường cao độ; quyền lực của hoàng đế và triều đình được tăng","question: Hệ thống hành chính trên cả nước đã được cấu trúc lại như thế nào? answer: hệ thống hành chính trên cả nước đã được cấu trúc lại một cách thống nhất, chặt chẽ và tập trung; quyền lực của hoàng đế và triều đình được tăng cường cao độ; quyền lực của hoàng đế và triều đình được tăng cường cao độ; quyền lực của hoàng đế và triều đình được tăng cường cao độ; quyền lực của hoàng đế và triều đình được tăng cường cao độ; quyền lực của hoàng đế và triều đình được tăng cường cao độ; quyền lực của hoàng đế và triều đình được tăng",0.8186
272,RAG_Chunking,3,"question: Nguyên nhân dẫn đến tình hình an ninh - xã hội ở các địa phương có nhiều bất ổn là gì? answer: Quyền lực của nhà vua và triều đình bị hạn chế, không kiểm soát chặt chẽ được các trấn","question: Nguyên nhân dẫn đến tình hình an ninh - xã hội ở các địa phương có nhiều bất ổn là gì? answer: Quyền lực của nhà vua và triều đình bị hạn chế, không kiểm soát chặt chẽ được các trấn",0.839
272,RAG_Chunking,4,"question: Trong cuộc chia cắt Ba Lan lần thứ nhất (1772), Vương quốc Phổ đã thu được lợi ích gì? answer: Vương quốc Phổ còn thu được nguồn lợi lớn đến mức Nữ hoàng Áo là Maria Theresia phải kh answer: Vương quốc Phổ còn thu được nguồn lợi lớn đến mức Nữ hoàng Áo là Maria Theresia phải kh answer: Vương quốc Phổ còn thu được nguồn lợi lớn đến mức Nữ hoàng Áo là Maria Theresia phải kh answer: Vương quốc Phổ còn thu được nguồn lợi lớn đến mức Nữ hoàng Áo là Maria Theresia phải kh answer: Vương","question: Vì sao triều đình Habsburg phải tiến hành cải cách? answer: với thất bại của nền quân chủ Habsburg trong các cuộc chiến tranh nêu trên, và sự phát triển lớn mạnh của nền quân chủ Phổ",0.8044
272,RAG_Chunking,5,question: Hoàng đế Joseph II có mong muốn gì? answer: biến nền quân chủ Habsburg thành một quốc gia thống nhất,question: Hoàng đế Joseph II có mong muốn gì? answer: biến nền quân chủ Habsburg thành một quốc gia thống nhất,0.7301
272,RAG_Chunking,6,"question: Nhà vua nước Phổ đã làm gì khi Hoàng đế Joseph II lại muốn chiếm xứ Bayern? answer: thiết lập ""Liên minh các Vương hầu"" (1785) với các Vương hầu người Đức trong Đế quốc La Mã Thần Thánh, bảo vệ được họ thoát khỏi những tham vọng của đương kim Hoàng đế","question: Nhà vua nước Phổ đã làm gì khi Hoàng đế Joseph II lại muốn chiếm xứ Bayern? answer: thiết lập ""Liên minh các Vương hầu"" (1785) với các Vương hầu người Đức trong Đế quốc La Mã Thần Thánh, bảo vệ được họ thoát khỏi những tham vọng của đương kim Hoàng đế",0.8327
272,RAG_Chunking,7,"question: Nhà vua nước Phổ trở thành ""kẻ hủy diệt vĩ đại của Đế quốc"" là ai? answer: là ai? answer: Nhà vua nước Phổ trở thành ""kẻ hủy diệt vĩ đại của Đế quốc""","question: Nhà vua nước Phổ trở thành ""kẻ hủy diệt vĩ đại của Đế quốc"" là ai? answer: Nhà vua nước Phổ",0.8011
273,Chunking_Only,1,"question: Một số cuộc khủng hoảng làm náo động xã hội Canada vào cuối thập niên 1980 và đầu thập niên 1960 là gì? answer: Chuyến bay 182 của Air India phát nổ vào năm 1985, vụ mưu sát hàng loạt lớn nhất trong lịch sử Canada; Thảm sát trường Bách khoa École vào năm 1989, một vụ xả súng đại học với mục tiêu là các nữ sinh; và Khủng hoảng Oka năm 1990","question: Một số cuộc khủng hoảng làm náo động xã hội Canada vào cuối thập niên 1980 và đầu thập niên 1960 là gì? answer: Chuyến bay 182 của Air India phát nổ vào năm 1985, vụ mưu sát hàng loạt lớn nhất trong lịch sử Canada; Thảm sát trường Bách khoa École vào năm 1989, một vụ xả súng đại học với mục tiêu là các nữ sinh; và Khủng hoảng Oka năm 1990",0.9204
273,Chunking_Only,2,"question: Vai trò của Canada trong Chiến tranh Vùng Vịnh năm 1990 là gì? answer: là một phần trong lực lượng liên minh do Hoa Kỳ lãnh đạo, và hoạt động trong một số sứ mệnh gìn giữ hòa bình trong thập kỷ 1990, bao gồm sứ mệnh UNPROFOR tại Nam Tư cũ","question: Chiến tranh Vùng Vịnh năm 1990 có vai trò như thế nào đối với Canada? answer: là một phần trong lực lượng liên minh do Hoa Kỳ lãnh đạo, và hoạt động trong một số sứ mệnh gìn giữ hòa bình trong thập kỷ 1990, bao gồm sứ mệnh UNPROFOR tại Nam Tư cũ",0.7352
273,Chunking_Only,3,"question: Năm 2009, kinh tế Canada bị ảnh hưởng như thế nào? answer: kinh tế Canada chịu tổn thất trong Đại suy thoái toàn cầu, song đã phục hồi một cách khiêm tốn","question: Năm 2009, kinh tế Canada bị ảnh hưởng như thế nào? answer: kinh tế Canada chịu tổn thất trong Đại suy thoái toàn cầu, song đã phục hồi một cách khiêm tốn",0.6558
273,RAG_Chunking,1,"question: Các hiện tượng nào đã xảy ra ở nhiều nơi? answer: các cuộc khởi nghĩa của dân nghèo, người dân tộc thiểu số","question: Các hiện tượng nào đã diễn ra ở nhiều nơi? answer: các cuộc khởi nghĩa của dân nghèo, người dân tộc thiểu số",0.722
273,RAG_Chunking,2,"question: Tình trạng gì xảy ra ở các làng xã? answer: tình trạng che giấu, gian dối về ruộng đất và dân đinh trở nên phổ biến","question: Tình trạng gì xảy ra ở các làng xã? answer: tình trạng che giấu, gian dối về ruộng đất và dân đinh trở nên phổ biến",0.6576
273,RAG_Chunking,3,"question: Những cuộc khủng hoảng nào làm náo động xã hội Canada vào cuối thập niên 1980 và đầu thập niên 1960? answer: Chuyến bay 182 của Air India phát nổ vào năm 1985, vụ mưu sát hàng loạt lớn nhất trong lịch sử Canada","question: Những cuộc khủng hoảng nào làm náo động xã hội Canada vào cuối thập niên 1980 và đầu thập niên 1960? answer: Chuyến bay 182 của Air India phát nổ vào năm 1985, vụ mưu sát hàng loạt lớn nhất trong lịch sử Canada",0.8372
273,RAG_Chunking,4,"question: Thảm sát trường Bách khoa École năm 1989 diễn ra với mục đích gì? answer: một vụ xả súng đại học với mục tiêu là các nữ sinh; và Khủng hoảng Oka năm 1990, là diễn biến đầu tiên trong một loạt các xung đột bạo lực giữa chính phủ và các nhóm Thổ dân","question: Thảm sát trường Bách khoa École năm 1989 diễn ra với mục đích gì? answer: một vụ xả súng đại học với mục tiêu là các nữ sinh; và Khủng hoảng Oka năm 1990, là diễn biến đầu tiên trong một loạt các xung đột bạo lực giữa chính phủ và các nhóm Thổ dân",0.7204
273,RAG_Chunking,5,"question: Năm 2009, kinh tế Canada chịu tổn thất trong Đại suy thoái toàn cầu, song đã phục hồi một cách khiêm tốn? answer: Năm 2009, kinh tế Canada chịu tổn thất trong Đại suy thoái toàn cầu, song đã phục hồi một cách khiêm tốn","question: Năm 2011, các lực lượng của Canada tham gia vào cuộc chiến nào? answer: cuộc xâm chiếm Iraq do Hoa Kỳ dẫn đầu vào năm 2003",0.7839
273,RAG_Chunking,6,"question: Năm 2011, các lực lượng của Canada tham gia vào cuộc chiến nào? answer: Nội chiến Libya","question: Năm 2011, các lực lượng của Canada tham gia vào cuộc chiến nào? answer: Nội chiến Libya",0.7662
274,Chunking_Only,1,"question: Một số cuộc khủng hoảng làm náo động xã hội Canada vào cuối thập niên 1980 và đầu thập niên 1960 là gì? answer: Chuyến bay 182 của Air India phát nổ vào năm 1985, vụ mưu sát hàng loạt lớn nhất trong lịch sử Canada; Thảm sát trường Bách khoa École vào năm 1989, một vụ xả súng đại học với mục tiêu là các nữ sinh; và Khủng hoảng Oka năm 1990","question: Một số cuộc khủng hoảng làm náo động xã hội Canada vào cuối thập niên 1980 và đầu thập niên 1960 là gì? answer: Chuyến bay 182 của Air India phát nổ vào năm 1985, vụ mưu sát hàng loạt lớn nhất trong lịch sử Canada; Thảm sát trường Bách khoa École vào năm 1989, một vụ xả súng đại học với mục tiêu là các nữ sinh; và Khủng hoảng Oka năm 1990",0.9204
274,Chunking_Only,2,"question: Vai trò của Canada trong Chiến tranh Vùng Vịnh năm 1990 là gì? answer: là một phần trong lực lượng liên minh do Hoa Kỳ lãnh đạo, và hoạt động trong một số sứ mệnh gìn giữ hòa bình trong thập kỷ 1990, bao gồm sứ mệnh UNPROFOR tại Nam Tư cũ","question: Chiến tranh Vùng Vịnh năm 1990 có vai trò như thế nào đối với Canada? answer: là một phần trong lực lượng liên minh do Hoa Kỳ lãnh đạo, và hoạt động trong một số sứ mệnh gìn giữ hòa bình trong thập kỷ 1990, bao gồm sứ mệnh UNPROFOR tại Nam Tư cũ",0.7352
274,Chunking_Only,3,"question: Năm 2009, kinh tế Canada bị ảnh hưởng như thế nào? answer: kinh tế Canada chịu tổn thất trong Đại suy thoái toàn cầu, song đã phục hồi một cách khiêm tốn","question: Năm 2009, kinh tế Canada bị ảnh hưởng như thế nào? answer: kinh tế Canada chịu tổn thất trong Đại suy thoái toàn cầu, song đã phục hồi một cách khiêm tốn",0.6558
274,RAG_Chunking,1,"question: Các hiện tượng nào đã xảy ra ở nhiều nơi? answer: các cuộc khởi nghĩa của dân nghèo, người dân tộc thiểu số","question: Các hiện tượng nào đã diễn ra ở nhiều nơi? answer: các cuộc khởi nghĩa của dân nghèo, người dân tộc thiểu số",0.722
274,RAG_Chunking,2,"question: Tình trạng gì xảy ra ở các làng xã? answer: tình trạng che giấu, gian dối về ruộng đất và dân đinh trở nên phổ biến","question: Tình trạng gì xảy ra ở các làng xã? answer: tình trạng che giấu, gian dối về ruộng đất và dân đinh trở nên phổ biến",0.6576
274,RAG_Chunking,3,"question: Những cuộc khủng hoảng nào làm náo động xã hội Canada vào cuối thập niên 1980 và đầu thập niên 1960? answer: Chuyến bay 182 của Air India phát nổ vào năm 1985, vụ mưu sát hàng loạt lớn nhất trong lịch sử Canada","question: Những cuộc khủng hoảng nào làm náo động xã hội Canada vào cuối thập niên 1980 và đầu thập niên 1960? answer: Chuyến bay 182 của Air India phát nổ vào năm 1985, vụ mưu sát hàng loạt lớn nhất trong lịch sử Canada",0.8372
274,RAG_Chunking,4,"question: Thảm sát trường Bách khoa École năm 1989 diễn ra với mục đích gì? answer: một vụ xả súng đại học với mục tiêu là các nữ sinh; và Khủng hoảng Oka năm 1990, là diễn biến đầu tiên trong một loạt các xung đột bạo lực giữa chính phủ và các nhóm Thổ dân","question: Thảm sát trường Bách khoa École năm 1989 diễn ra với mục đích gì? answer: một vụ xả súng đại học với mục tiêu là các nữ sinh; và Khủng hoảng Oka năm 1990, là diễn biến đầu tiên trong một loạt các xung đột bạo lực giữa chính phủ và các nhóm Thổ dân",0.7204
274,RAG_Chunking,5,"question: Năm 2009, kinh tế Canada chịu tổn thất trong Đại suy thoái toàn cầu, song đã phục hồi một cách khiêm tốn? answer: Năm 2009, kinh tế Canada chịu tổn thất trong Đại suy thoái toàn cầu, song đã phục hồi một cách khiêm tốn","question: Năm 2011, các lực lượng của Canada tham gia vào cuộc chiến nào? answer: cuộc xâm chiếm Iraq do Hoa Kỳ dẫn đầu vào năm 2003",0.7839
274,RAG_Chunking,6,"question: Năm 2011, các lực lượng của Canada tham gia vào cuộc chiến nào? answer: Nội chiến Libya","question: Năm 2011, các lực lượng của Canada tham gia vào cuộc chiến nào? answer: Nội chiến Libya",0.7662
275,Chunking_Only,1,question: Nội các liên bang có nhiệm vụ gì? answer: bổ nhiệm các thẩm phán cho các tòa cấp cao có quyền hạn cấp tỉnh và lãnh thổ,question: Nội các liên bang có nhiệm vụ gì? answer: bổ nhiệm các thẩm phán cho các tòa cấp cao có quyền hạn cấp tỉnh và lãnh thổ,0.809
275,RAG_Chunking,1,"question: Chức năng của Lục bộ là gì? answer: 6 cơ quan chức năng cao cấp chủ chốt trong bộ máy triều đình, do nhà vua trực tiếp điều hành, chịu trách nhiệm trưc tiêp điều hành, chịu trách nhiệm trưc tiêp điều hành, chịu trách nhiệm trưc tiêp điều hành, chịu trách nhiệm trưc tiêp điều hành, chịu trách nhiệm trưc tiêp điều hành, chịu trách nhiệm trưc tiêp điều hành, chịu trách nhiệm trưc tiêp điều hành, chịu trách nhiệm trưc tiêp điều hành, chịu trách nhiệm trưc tiêp điều","question: Chức năng của Lục bộ là gì? answer: 6 cơ quan chức năng cao cấp chủ chốt trong bộ máy triều đình, do nhà vua trực tiếp điều hành, chịu trách nhiệm trưc tiêp điều hành, chịu trách nhiệm trưc tiêp điều hành, chịu trách nhiệm trưc tiêp điều hành, chịu trách nhiệm trưc tiêp điều hành, chịu trách nhiệm trưc tiêp điều hành, chịu trách nhiệm trưc tiêp điều hành, chịu trách nhiệm trưc tiêp",0.6685
275,RAG_Chunking,2,"question: Tam pháp ty là gì? answer: cơ quan chuyên nhận đơn của những người kêu oan, tố cáo, đồng thời thẩm tra, xét xử những việc oan ức","question: Tam pháp ty là gì? answer: cơ quan chuyên nhận đơn của những người kêu oan, tố cáo, đồng thời thẩm tra, xét xử những việc oan ức",0.6104
275,RAG_Chunking,3,"question: Tam pháp ty họp vào thời gian nào? answer: Hàng tháng, vào các ngày 6, 16, 26 âm lịch, Tam pháp ty họp để xét xử","question: Tam pháp ty họp vào thời gian nào? answer: Hàng tháng, vào các ngày 6, 16, 26 âm lịch, Tam pháp ty họp để xét xử",0.6882
275,RAG_Chunking,4,question: Tòa án nào có quyền phủ định các đạo luật của nghị viện? answer: Tòa án nào có quyền phủ định các đạo luật của nghị viện nếu chúng vi hiến? answer: Tòa án nào có quyền phủ định các đạo luật của nghị viện nếu chúng vi hiến? answer: Tòa án nào có quyền phủ định các đạo luật của nghị viện nếu chúng vi hiến? answer: Tòa án nào có quyền phủ định các đạo luật của nghị viện nếu chúng vi hiến? answer: Tòa án nào có quyền phủ định các đạo luật của nghị viện nếu chúng vi hiến,question: Tòa án nào có quyền phủ định các đạo luật của nghị viện nếu chúng vi hiến? answer: Tối cao pháp viện Canada,0.7509
275,RAG_Chunking,5,question: Nội các liên bang có nhiệm vụ gì sau khi hội ý với các cơ cấu pháp luật phi chính phủ? answer: Nội các liên bang có nhiệm vụ gì sau khi hội ý với các cơ cấu pháp luật phi chính phủ,question: Nội các liên bang có nhiệm vụ gì sau khi hội ý với các cơ cấu pháp luật phi chính phủ? answer: Nội các liên bang cũng bổ nhiệm các thẩm phán cho các tòa cấp cao có quyền hạn cấp tỉnh và lãnh thổ,0.8701
276,Chunking_Only,1,"question: Lãnh thổ của Canada trải dài từ đâu đến đâu? answer: từ Đại Tây Dương ở phía đông đến Thái Bình Dương ở phía tây, phía bắc là Bắc Băng Dương","question: Lãnh thổ của Canada trải dài từ đâu đến đâu? answer: từ Đại Tây Dương ở phía đông đến Thái Bình Dương ở phía tây, phía bắc là Bắc Băng Dương",0.7984
276,Chunking_Only,2,"question: Theo diện tích đất, Canada đứng thứ mấy trên thế giới? answer: thứ tư","question: Theo diện tích đất, Canada đứng thứ mấy trên thế giới? answer: thứ tư",0.6562
276,RAG_Chunking,1,"question: Khu vực Nam Âu có vị trí địa lí như thế nào? answer: Đông Nam Á nằm ở phía đông nam của châu Á, gồm hai bộ phận là Đông Nam Á lục địa và Đông Nam Á hải đảo","question: Khu vực Nam Âu có vị trí địa lí như thế nào? answer: Đông Nam Á nằm ở phía đông nam của châu Á, gồm hai bộ phận là Đông Nam Á lục địa và Đông Nam Á hải đảo. Khu vực này được coi là cầu nối giữa Ấn Độ Dương với Thái Bình Dương, lục địa Á - Âu với châu Úc, là nơi giao thoa giữa các nền văn hoá lớn",0.9143
276,RAG_Chunking,2,"question: Những điều kiện tự nhiên tạo thuận lợi cho sự phát triển của Nam Âu là gì? answer: Phần lớn lãnh thổ là đồi núi, xen giữa là những cánh đồng nhỏ hẹp; đất đai khô cằn, trong lòng đất có nhiều khoáng sản, bờ biển khúc khuỷu có nhiều vũng, vịnh","question: Những điều kiện tự nhiên tạo thuận lợi cho sự phát triển của khu vực Nam Âu là gì? answer: Phần lớn lãnh thổ là đồi núi, xen giữa là những cánh đồng nhỏ hẹp; đất đai khô cằn, trong lòng đất có nhiều khoáng sản, bờ biển khúc khuỷu có nhiều vũng, vịnh",0.6775
276,RAG_Chunking,3,"question: Bắc Băng Dương nằm ở đâu? answer: Greenland thuộc Vương quốc Đan Mạch nằm ở phía đông bắc, còn Saint Pierre và Miquelon thuộc Pháp thì nằm ở phía nam đảo Newfoundland của Canada","question: Bắc Băng Dương nằm ở đâu? answer: Greenland thuộc Vương quốc Đan Mạch nằm ở phía đông bắc, còn Saint Pierre và Miquelon thuộc Pháp thì nằm ở phía nam đảo Newfoundland của Canada",0.8161
277,Chunking_Only,1,question: Cuộc khủng hoảng Tòng quân năm 1917 xảy ra khi nào? answer: Thủ tướng Bảo thủ Robert Borden cho tiến hành nghĩa vụ quân sự cưỡng bách bất chấp sự phản đối dữ dội của người Québec Pháp ngữ,question: Cuộc khủng hoảng Tòng quân năm 1917 xảy ra khi nào? answer: Thủ tướng Bảo thủ Robert Borden cho tiến hành nghĩa vụ quân sự cưỡng bách bất chấp sự phản đối dữ dội của người Québec Pháp ngữ,0.6513
277,Chunking_Only,2,"question: Năm 1919, Canada gia nhập Hội Quốc Liên với tư cách gì? answer: độc lập với Anh","question: Năm 1919, Canada gia nhập Hội Quốc Liên với tư cách gì? answer: độc lập với Anh",0.7841
277,RAG_Chunking,1,question: Vì sao các cuộc cách mạng tư sản lại khác nhau? answer: Do điều kiện lịch sử ở mỗi nước khác nhau nên mức độ thắng lợi của các cuộc cách mạng tư sản cũng khác nhau,question: Vì sao các cuộc cách mạng tư sản lại khác nhau? answer: Do điều kiện lịch sử ở mỗi nước khác nhau nên mức độ thắng lợi của các cuộc cách mạng tư sản cũng khác nhau,0.7415
277,RAG_Chunking,2,"question: Cách mạng tư sản Pháp đã lật đổ chế độ phong kiến, thiết lập chế độ cộng hòa vào năm nào? answer: năm 1625","question: Cách mạng tư sản Pháp đã lật đổ chế độ phong kiến, thiết lập chế độ cộng hòa vào năm nào? answer: năm 1625",0.8072
277,RAG_Chunking,3,"question: Nước Pháp duy trì chế độ quân chủ chuyên chế vào thời gian nào? answer: Đến cuối thế kỉ XVII, nước Pháp vẫn duy trì chế độ quân chủ chuyên chế, đứng đầu là vua Lu-i XVI","question: Nước Pháp duy trì chế độ quân chủ chuyên chế vào thời gian nào? answer: Đến cuối thế kỉ XVII, nước Pháp vẫn duy trì chế độ quân chủ chuyên chế, đứng đầu là vua Lu-i XVI",0.6204
277,RAG_Chunking,4,"question: Xây dựng lại binh chế, chia đặt lại tổ chức quân đội theo hướng nào? answer: quy củ, chặt chẽ, đặt dưới sự chỉ huy thống nhất của triều đình","question: Xây dựng lại binh chế, chia đặt lại tổ chức quân đội theo hướng nào? answer: quy củ, chặt chẽ, đặt dưới sự chỉ huy thống nhất của triều đình",0.7879
277,RAG_Chunking,5,question: Answer: do vậy việc cường quốc này tuyên chiến vào năm 1914 tự động đưa Canada vào Chiến tranh thế giới thứ nhất,question: Đạo luật Liên minh là gì? answer: do vậy việc cường quốc này tuyên chiến vào năm 1914 tự động đưa Canada vào Chiến tranh thế giới thứ nhất,0.8131
277,RAG_Chunking,6,question: Cuộc khủng hoảng Tòng quân năm 1917 đã gây ra hậu quả gì? answer: tạo ra hố ngăn cách sâu sắc với người Canada Pháp ngữ và chia rẽ tạm thời Đảng Tự do,question: Cuộc khủng hoảng Tòng quân năm 1917 đã gây ra hậu quả gì? answer: tạo ra hố ngăn cách sâu sắc với người Canada Pháp ngữ và chia rẽ tạm thời Đảng Tự do,0.7993
278,Chunking_Only,1,question: Ngôn ngữ nào được sử dụng phổ biến ở Mông Cổ? answer: tiếng Nga,question: Ngôn ngữ nào được sử dụng phổ biến ở Mông Cổ? answer: tiếng Nga,0.8065
278,Chunking_Only,2,question: Người điếc ở Mông Cổ sử dụng ngôn ngữ gì? answer: ngôn ngữ ký hiệu Mông Cổ,question: Người điếc ở Mông Cổ sử dụng ngôn ngữ gì? answer: ngôn ngữ ký hiệu Mông Cổ,0.6818
278,RAG_Chunking,1,"question: Chữ Quốc ngữ có vai trò như thế nào đối với Đông Nam Á? answer: có vai trò đặc biệt quan trọng trong việc thúc đẩy quá trình giao lưu, tiếp biến văn hoá giữa phương Tây với Đông Nam Á","question: Chữ Quốc ngữ có vai trò như thế nào đối với Đông Nam Á? answer: có vai trò đặc biệt quan trọng trong việc thúc đẩy quá trình giao lưu, tiếp biến văn hoá giữa phương Tây với Đông Nam Á",0.7161
278,RAG_Chunking,2,question: Chữ Quốc ngữ được hình thành từ đâu? answer: trên cơ sở tiếp thu chữ Hán của người Trung Hoa,question: Chữ Quốc ngữ được hình thành từ đâu? answer: trên cơ sở tiếp thu chữ Hán của người Trung Hoa,0.7936
278,RAG_Chunking,3,"question: Chữ Quốc ngữ được hình thành từ đâu? answer: việc sử dụng, cải biến bảng chữ cái La-tinh để ghi âm tiếng Việt và từng bước phát triển, trở thành chữ viết chính thức của người Việt","question: Chữ Quốc ngữ được hình thành từ đâu? answer: việc sử dụng, cải biến bảng chữ cái La-tinh để ghi âm tiếng Việt và từng bước phát triển, trở thành chữ viết chính thức của người Việt",0.8708
278,RAG_Chunking,4,"question: Ngữ hệ Nam Đảo gồm những dân tộc nào? answer: gồm các dân tộc Kinh, Mường, Tày, Nùng, Khmer, Ba Na, Xơ Đăng, Hrê, Xtiêng, Bru - Vân Kiều, Cơ-ho, M'Nông, Ra-glai, Xinh Mun, Cơ-tu, Tà-ôi, Mạ, Co, Chứt...","question: Ngữ hệ Nam Đảo gồm những dân tộc nào? answer: gồm các dân tộc Kinh, Mường, Tày, Nùng, Khmer, Ba Na, Xơ Đăng, Hrê, Xtiêng, Bru - Vân Kiều, Cơ-ho, M'Nông, Ra-glai, Xinh Mun, Cơ-tu, Tà-ôi, Mạ, Co, Chứt... - Ngữ hệ Nam Đảo (Austronesian): gồm các dân tộc Thái, Tày, Nùng, Khmer, Ba Na, Xơ Đăng, Hrê, Xtiêng, Bru - Vân Kiều, Cơ-ho, M",0.8552
278,RAG_Chunking,5,question: Ngôn ngữ nào được sử dụng phổ biến nhất ở Mông Cổ? answer: Tiếng Nga,question: Ngôn ngữ nào được sử dụng phổ biến nhất ở Mông Cổ? answer: Tiếng Nga,0.7923
278,RAG_Chunking,6,question: Vì sao tiếng Triều Tiên trở thành ngôn ngữ thứ hai? answer: bởi có hàng chục nghìn người Mông Cổ làm việc ở Hàn Quốc,"question: Vì sao tiếng Triều Tiên trở thành ngôn ngữ thứ hai? answer: sự quan tâm tới tiếng Trung Quốc, ngôn ngữ của cường quốc láng giềng, cũng đã gia tăng",0.8564
278,RAG_Chunking,7,"question: Tại sao người điếc ở Mông Cổ sử dụng ngôn ngữ ký hiệu Mông Cổ? answer: bởi họ học và làm việc tại các quốc gia đó gồm Đức, Pháp và Italia","question: Tại sao người điếc ở Mông Cổ sử dụng ngôn ngữ ký hiệu Mông Cổ? answer: bởi họ học và làm việc tại các quốc gia đó gồm Đức, Pháp và Italia",0.6927
279,Chunking_Only,1,question: Iraq tấn công Kuwait vào thời gian nào? answer: Ngày 2 tháng 10 năm 1989,question: Iraq tấn công Kuwait vào thời gian nào? answer: Ngày 2 tháng 10 năm 1989,0.6674
279,Chunking_Only,2,question: Mối quan hệ bình thường giữa Hoa Kỳ và Iraq có ý nghĩa như thế nào đối với an ninh Hoa Kỳ? answer: phục vụ cho những lợi ích lâu dài và thúc đẩy sự ổn định ở cả Vịnh Péc xích và Trung Đông,"question: Đối với Hoa Kỳ, mối quan hệ bình thường giữa Hoa Kỳ và Iraq có ý nghĩa như thế nào đối với an ninh Hoa Kỳ? answer: phục vụ cho những lợi ích lâu dài và thúc đẩy sự ổn định ở cả Vịnh Péc xích và Trung Đông",0.8551
279,RAG_Chunking,1,question: Answer: Hoạt động đối ngoại chủ yếu trong kháng chiến chống Mỹ (1954-1975): - Đấu tranh yêu cầu thực hiện Hiệp định Genève. - Củng cố quan hệ với các nước xã hội chủ nghĩa. - Tăng cường đoàn kết ba nước Đông Dươn,question: Hoạt động đối ngoại chủ yếu trong kháng chiến chống Mỹ là gì? answer: - Đấu tranh yêu cầu thực hiện Hiệp định Genève. - Củng cố quan hệ với các nước xã hội chủ nghĩa. - Tăng cường đoàn kết ba nước Đông Dươn,0.7826
279,RAG_Chunking,2,question: Tổng thống George H. W. Bush đã ký chỉ thị gì vào ngày 2 tháng 10 năm 1989? answer: chỉ thị mật số 26 về an ninh quốc gia,question: Tổng thống George H. W. Bush đã ký chỉ thị gì vào ngày 2 tháng 10 năm 1989? answer: chỉ thị mật số 26 về an ninh quốc gia,0.6565
279,RAG_Chunking,3,"question: ""Answer: ì và Iraq sẽ phục vụ cho những lợi ích lâu dài và thúc đẩy sự ổn định ở đâu? answer: Vịnh Péc xích và Trung Đông",question: ì và Iraq sẽ phục vụ cho những lợi ích lâu dài và thúc đẩy sự ổn định ở đâu? answer: Vịnh Péc xích và Trung Đông,0.8893
280,Chunking_Only,1,question: Gandhi lập một Già-lam tại đó với mục đích gì? answer: tổ chức một nhóm người bao gồm người giúp cố cựu và người mới từ địa phương,question: Gandhi lập một Già-lam tại đó với mục đích gì? answer: tổ chức một nhóm người bao gồm người giúp cố cựu và người mới từ địa phương,0.7529
280,Chunking_Only,2,"question: Gandhi bắt đầu chỉnh lý các thôn xóm, lập trường học và bệnh viện để làm gì? answer: để làm gì? answer: để làm gì? answer: để làm gì? answer: để làm gì? answer: để làm gì? answer: để làm gì? answer: để làm gì? answer: để làm gì? answer: để làm gì? answer: để làm gì? answer: để làm gì? answer: để làm gì? answer: chỉnh lý các thôn","question: Gandhi bắt đầu chỉnh lý các thôn xóm, lập trường học và bệnh viện để làm gì? answer: khuyến khích chủ làng xoá bỏ những việc hủ nát như phân biệt tiện dân, bắt phụ nữ mang khăn che và áp chế họ",0.9111
280,RAG_Chunking,1,"question: Các hiện tượng nào xảy ra ở các làng xã? answer: tình trạng che giấu, gian dối về ruộng đất và dân đinh","question: Các hiện tượng nào xảy ra ở các làng xã? answer: tình trạng che giấu, gian dối về ruộng đất và dân đinh",0.6676
280,RAG_Chunking,2,"question: Những nội dung chính của các cuộc khởi nghĩa tiêu biểu trong thời kì Bắc thuộc là gì? answer: Nêu được bối cảnh lịch sử, trình bày được diễn biến chính và nêu được ý nghĩa của khởi nghĩa Lam Sơ","question: Những nội dung chính của các cuộc khởi nghĩa tiêu biểu trong thời kì Bắc thuộc là gì? answer: Nêu được bối cảnh lịch sử, trình bày được diễn biến chính và nêu được ý nghĩa của khởi nghĩa Lam Sơ",0.8622
280,RAG_Chunking,3,question: Nêu được những bài học lịch sử chính của các cuộc khởi nghĩa và chiến tranh giải phóng trong lịch sử Việt Nam? answer: Nêu được những bài học lịch sử chính của các cuộc khởi nghĩa và chiến tranh giải phóng trong lịch sử Việt Nam? answer: rút ra được những bài học lịch sử chính của các cuộc khởi nghĩa và chiến tranh giải phóng trong lịch sử Việt Nam,question: Nêu được những bài học lịch sử chính của các cuộc khởi nghĩa và chiến tranh giải phóng trong lịch sử Việt Nam? answer: rút ra được những bài học lịch sử chính của các cuộc khởi nghĩa và chiến tranh giải phóng trong lịch sử Việt Nam,0.7585
280,RAG_Chunking,4,"question: Những điều kiện tự nhiên thuận lợi cho sự hình thành và phát triển của văn minh Ấn Độ là gì? answer: Sông Ấn và sông Hằng tạo ra những điều kiện tự nhiên thuận lợi cho sự phát triển của kinh tế, chính trị, xã hội và dân cư","question: Những điều kiện tự nhiên thuận lợi cho sự hình thành và phát triển của văn minh Ấn Độ là gì? answer: Sông Ấn và sông Hằng tạo ra những điều kiện tự nhiên thuận lợi cho sự phát triển của kinh tế, chính trị, xã hội và dân cư",0.794
280,RAG_Chunking,5,question: Gandhi lập một Già-lam tại đó với mục đích gì? answer: tổ chức một nhóm người bao gồm người giúp cố cựu và người mới từ địa phương,question: Gandhi lập một Già-lam tại đó với mục đích gì? answer: tổ chức một nhóm người bao gồm người giúp cố cựu và người mới từ địa phương,0.7606
280,RAG_Chunking,6,"question: Gandhi bắt đầu chỉnh lý các thôn xóm, lập trường học và bệnh viện để làm gì? answer: để làm gì? answer: để làm gì? answer: để làm gì? answer: để làm gì? answer: để làm gì? answer: để làm gì? answer: để làm gì? answer: để làm gì? answer: để làm gì? answer: để làm gì? answer: để làm gì? answer: để làm gì? answer: chỉnh lý các thôn","question: Gandhi bắt đầu chỉnh lý các thôn xóm, lập trường học và bệnh viện để làm gì? answer: khuyến khích chủ làng xoá bỏ những việc hủ nát như phân biệt tiện dân, bắt phụ nữ mang khăn che và áp chế họ",0.897
281,Chunking_Only,1,"question: Ấn Độ có khái niệm Phạm hạnh là gì? answer: sự thanh tịnh của tâm linh và hành động, có mối liên hệ trực tiếp với việc tu khổ hạnh (sa. tapas) được nhắc bên trên","question: Ấn Độ có khái niệm Phạm hạnh là gì? answer: sự thanh tịnh của tâm linh và hành động, có mối liên hệ trực tiếp với việc tu khổ hạnh (sa. tapas) được nhắc bên trên",0.6858
281,Chunking_Only,2,question: Người nên làm là người như thế nào? answer: answer: sống tuyệt dục là trách nhiệm riêng của ông để có thể phát triển lòng từ bi thay vì đam mê nhục dục,question: Người nên làm là người như thế nào? answer: sống tuyệt dục là trách nhiệm riêng của ông để có thể phát triển lòng từ bi thay vì đam mê nhục dục,0.6082
281,RAG_Chunking,1,question: Phật giáo ra đời vào khoảng thời gian nào? answer: khoảng thế kỉ VI TCN,question: Phật giáo ra đời vào khoảng thời gian nào? answer: khoảng thế kỉ VI TCN,0.6715
281,RAG_Chunking,2,"question: Tôn giáo nào của Ấn Độ có ảnh hưởng lớn đến cuộc sống của người dân Ấn Độ? answer: Các tôn giáo lớn của Ấn Độ có ảnh hưởng lớn đến cuộc sống của cư dân Ấn Độ và có ảnh hưởng mạnh mẽ ra bên ngoài, đặc biệt là Trung Hoa và khu vực Đông Nam Á","question: Tôn giáo nào của Ấn Độ có ảnh hưởng lớn đến cuộc sống của người dân Ấn Độ? answer: Các tôn giáo lớn của Ấn Độ có ảnh hưởng lớn đến cuộc sống của cư dân Ấn Độ và có ảnh hưởng mạnh mẽ ra bên ngoài, đặc biệt là Trung Hoa và khu vực Đông Nam Á",0.7288
281,RAG_Chunking,3,"question: Mối nguy hại ngày nay có thể là gì? answer: do gây bè cánh, tiến cử không công bằng, có thể vì cậy thế công thân nơi tiềm để cho vợ con chạy chọt nhờ vả nơi quyền thế, có thể do để bạn gia nô làm hại dân lành, hay thậm thịt ở các nhà quyền thế để xin khỏi tội","question: Mối nguy hại ngày nay có thể là gì? answer: do gây bè cánh, tiến cử không công bằng, có thể vì cậy thế công thân nơi tiềm để cho vợ con chạy chọt nhờ vả nơi quyền thế, có thể do để bạn gia nô làm hại dân lành, hay thậm thịt ở các nhà quyền thế để xin khỏi tội",0.7961
281,RAG_Chunking,4,"question: Những vị thần nào được cư dân Chăm-pa sùng bái? answer: thần Si-va, Vit-xnu, Bra-ma","question: Những vị thần nào được cư dân Chăm-pa sùng bái? answer: thần Si-va, Vit-xnu, Bra-ma",0.6845
281,RAG_Chunking,5,"question: Khái niệm Phạm hạnh trong các tôn giáo Ấn Độ là gì? answer: tức là sự thanh tịnh của tâm linh và hành động, có mối liên hệ trực tiếp với việc tu khổ hạnh (sa. tapas) được nhắ answer: answer: tức là sự thanh tịnh của tâm linh và hành động, có mối liên hệ trực tiếp với việc tu khổ hạnh (sa. tapas) được nhắ answer: answer: tức là sự thanh tịnh của tâm linh và hành động, có mối liên hệ trực tiếp với việc tu khổ hạnh (sa.","question: Khái niệm Phạm hạnh trong các tôn giáo Ấn Độ là gì? answer: tức là sự thanh tịnh của tâm linh và hành động, có mối liên hệ trực tiếp với việc tu khổ hạnh (sa. tapas) được nhắ",0.6427
281,RAG_Chunking,6,question: Vì sao Gandhi không tin đây là một việc mỗi người nên làm? answer: sống tuyệt dục là trách nhiệm riêng của ông để có thể phát triển lòng từ bi thay vì đam mê nhục dục,question: Vì sao Gandhi không tin đây là một việc mỗi người nên làm? answer: sống tuyệt dục là trách nhiệm riêng của ông để có thể phát triển lòng từ bi thay vì đam mê nhục dục,0.8045
282,Chunking_Only,1,question: Hãn quốc Hồi Cốt do ai cai trị? answer: Hãn quốc Nhu Nhiên (330555) gốc người Tiên Ti,question: Hãn quốc Hồi Cốt do ai cai trị? answer: Hãn quốc Nhu Nhiên (330555) gốc người Tiên Ti,0.6076
282,Chunking_Only,2,"question: Người Khiết Đan cai trị Mông Cổ thời nhà Liêu vào thời gian nào? answer: vào thời nhà Liêu (9071125), sau đó bang liên Mông Ngột Quốc (11251206) nổi lên",question: Người Khiết Đan cai trị Mông Cổ thời nhà Liêu vào thời gian nào? answer: 9071125,0.6181
282,RAG_Chunking,1,question: Vào khoảng thời gian nào thì Phùng Hưng cùng em trai khởi nghĩa? answer: khoảng những năm 766 - 780,question: Vào khoảng thời gian nào thì Phùng Hưng cùng em trai khởi nghĩa? answer: khoảng những năm 766 - 780,0.6802
282,RAG_Chunking,2,"question: Nhiệm vụ của vua Hùng là gì? answer: chỉ huy quân sự, giúp việc cho vua là các lạc hầu","question: Nhiệm vụ của vua Hùng là gì? answer: chỉ huy quân sự, giúp việc cho vua là các lạc hầu",0.7141
282,RAG_Chunking,3,"question: Người Khiết Đan cai trị Mông Cổ vào thời gian nào? answer: thời nhà Liêu (9071125), sau đó bang liên Mông Ngột Quốc (11251206) nổi lên",question: Người Khiết Đan cai trị Mông Cổ vào thời gian nào? answer: 9071125,0.6477
283,Chunking_Only,1,"question: Mục đích của tên lửa Scud là gì? answer: tiêu diệt các cơ sở thông tin, trung tâm chỉ huy và làm trì hoãn quá trình động viên quân đội của Tây Đức cũng như các lực lượng Đồng Minh tại Đức","question: Mục đích của tên lửa Scud là gì? answer: tiêu diệt các cơ sở thông tin, trung tâm chỉ huy và làm trì hoãn quá trình động viên quân đội của Tây Đức cũng như các lực lượng Đồng Minh tại Đức",0.7827
283,Chunking_Only,2,question: Hệ thống dẫn đường quán tính của các tên lửa Scud hoạt động như thế nào? answer: còn hoạt động khi động cơ còn hoạt động,question: Hệ thống dẫn đường quán tính của các tên lửa Scud hoạt động như thế nào? answer: còn hoạt động khi động cơ còn hoạt động,0.6634
283,Chunking_Only,3,question: Vì sao các tên lửa Scud không hữu dụng khi mang các đầu đạn hoá học? answer: nhiệt độ cao trong quá trình bay ở tốc độ gần Mach 5 làm biến tính đa số các chất hoá học mang theo,question: Vì sao các tên lửa Scud không hữu dụng khi mang các đầu đạn hoá học? answer: nhiệt độ cao trong quá trình bay ở tốc độ gần Mach 5 làm biến tính đa số các chất hoá học mang theo,0.8111
283,Chunking_Only,4,question: Tốc độ gần Mach 5 là gì? answer: biến tính đa số các chất hoá học mang theo,question: Tốc độ gần Mach 5 là gì? answer: biến tính đa số các chất hoá học mang theo,0.6555
283,RAG_Chunking,1,question: Kết quả của cuộc kháng chiến chống thực dân Pháp lần thứ hai là gì? answer: mở đầu cuộc chiến tranh xâm lược lần thứ hai,question: Kết quả của cuộc kháng chiến chống thực dân Pháp lần thứ hai là gì? answer: mở đầu cuộc chiến tranh xâm lược lần thứ hai,0.7529
283,RAG_Chunking,2,"question: Từ đêm 30 Tết Nguyên đán Kỷ Dậu (1789), quân Tây Sơn lần lượt tiêu diệt các đồn luỹ của quân Thanh ở phía nam Thăng Long như thế nào? answer: quân Tây Sơn lần lượt tiêu diệt các đồn luỹ của quân Thanh đóng ở phía nam Thăng Long","question: Từ đêm 30 Tết Nguyên đán Kỷ Dậu (1789), quân Tây Sơn lần lượt tiêu diệt các đồn luỹ của quân Thanh ở phía nam Thăng Long như thế nào? answer: quân Tây Sơn lần lượt tiêu diệt các đồn luỹ của quân Thanh đóng ở phía nam Thăng Long",0.7812
283,RAG_Chunking,3,question: Các tên lửa Scud được trang bị những gì? answer: đầu đạn hạt nhân và đầu đạn hoá học,question: Các tên lửa Scud được trang bị những gì? answer: đầu đạn hạt nhân và đầu đạn hoá học,0.7497
283,RAG_Chunking,4,"question: Vai trò của các tên lửa Scud là gì? answer: tiêu diệt các cơ sở thông tin, trung tâm chỉ huy và làm trì hoãn quá trình động viên quân đội của Tây Đức cũng như các lực lượng Đồng Minh tại Đức","question: Vai trò của các tên lửa Scud là gì? answer: tiêu diệt các cơ sở thông tin, trung tâm chỉ huy và làm trì hoãn quá trình động viên quân đội của Tây Đức cũng như các lực lượng Đồng Minh tại Đức",0.831
283,RAG_Chunking,5,question: Hệ thống dẫn đường quán tính của tên lửa Scud hoạt động như thế nào? answer: còn hoạt động khi động cơ còn hoạt động,question: Hệ thống dẫn đường quán tính của tên lửa Scud hoạt động như thế nào? answer: còn hoạt động khi động cơ còn hoạt động,0.6192
283,RAG_Chunking,6,question: Vì sao các tên lửa Scud không hữu dụng khi mang các đầu đạn hoá học? answer: nhiệt độ cao trong quá trình bay ở tốc độ gần Mach 5 làm biến tính đa số các chất hoá học mang theo,question: Vì sao các tên lửa Scud không hữu dụng khi mang các đầu đạn hoá học? answer: nhiệt độ cao trong quá trình bay ở tốc độ gần Mach 5 làm biến tính đa số các chất hoá học mang theo,0.9001
283,RAG_Chunking,7,"question: Answer: Tên lửa Scud thích hợp để mang các đầu đạn hạt nhân, một vai trò nó vẫn còn đảm nhận tới tận ngày nay, như mục tiêu thiết kế ban đầu","question: Tên lửa Scud là gì? answer: Tên lửa Scud thích hợp để mang các đầu đạn hạt nhân, một vai trò nó vẫn còn đảm nhận tới tận ngày nay, như mục tiêu thiết kế ban đầu",0.8834
284,Chunking_Only,1,question: Loài kiến tách ra từ Kỷ Creta-giữa cách đây bao lâu? answer: khoảng 110 đến 130 triệu năm,question: Loài kiến tách ra từ Kỷ Creta-giữa cách đây bao lâu? answer: khoảng 110 đến 130 triệu năm,0.678
284,Chunking_Only,2,"question: Năm 1966, E. O. Wilson và đồng sự của ông đã xác định hóa thạch gì? answer: hóa thạch kiến (loài Sphecomyrma freyi) sống trong kỷ Creta","question: Năm 1966, E. O. Wilson và đồng sự của ông đã xác định hóa thạch gì? answer: hóa thạch kiến (loài Sphecomyrma freyi) sống trong kỷ Creta. Tiêu bản này nằm trong hổ phách được định tuổi là hơn 80 triệu năm và mang các đặc điểm của kiến và wasp. Sphecomyrma có thể kiếm ăn trên mặt đất nhưng một số tác giả dựa trên các nhóm nguyên thủy Leptanillinae và Martialinae nên các loài kiến nguyên thủy cùa Sphecomyrma freyi) sống trong kỷ Creta",0.9442
284,Chunking_Only,3,question: Vì sao tác giả dựa trên các nhóm nguyên thủy Leptanillinae và Martialininae nên các loài kiến nguyên thủy có thể là các loài săn mồi dưới mặt đất? answer: Vì sao tác giả dựa trên các nhóm nguyên thủy Leptanillinae và Martialininae nên các loài kiến nguyên thủy có thể là các loài săn mồi dưới mặt đất,question: Vì sao tác giả dựa trên các nhóm nguyên thủy Leptanillinae và Martialininae nên các loài kiến nguyên thủy có thể là các loài săn mồi dưới mặt đất? answer: các loài săn mồi dưới mặt đất,0.8908
284,RAG_Chunking,1,question: Cuộc viễn chinh về Cuộc Cách mạng công nghiệp lần thứ tư có ý nghĩa như thế nào? answer: đã giúp giảm đáng kể về chi phí và những khó khăn so với trước,"question: Cuộc viễn chinh về Cuộc Cách mạng công nghiệp lần thứ tư có ý nghĩa như thế nào? answer: đã giúp giảm đáng kể về chi phí và những khó khăn so với trước. Trước đây, phải mất hơn 10 năm và 2,7 tỉ USD để hoàn thành Dự án bản đồ gen người. Ngày nay, một gen có thể được giải mã trình tự trong vài tiếng với chi phí dưới 1 000 USD Mỹ. Ngày nay, một gen có thể được giải mã trình tự trong vài tiếng với chi phí dưới 1 000 USD Mỹ",0.924
284,RAG_Chunking,2,question: Cuộc viễn chinh về phía đông của A-lếch-xăng-đờ-rốt Đại đế có ý nghĩa như thế nào? answer: thúc đẩy mạnh mẽ sự giao lưu văn hoá giữa Hy Lạp và phương Đông,question: Cuộc viễn chinh về phía đông của A-lếch-xăng-đờ-rốt Đại đế có ý nghĩa như thế nào? answer: thúc đẩy mạnh mẽ sự giao lưu văn hoá giữa Hy Lạp và phương Đông,0.7776
284,RAG_Chunking,3,"question: Vào năm 45 TCN, Xê-da đã mời các nhà toán học và thiên văn học Ai Cập đến để cải cách lịch sử? answer: Xê-da đã mời các nhà toán học và thiên văn học Ai Cập đến Rô-ma để cải cách lịch sử? answer: Xê-da đã mời các nhà toán học và thiên văn học Ai Cập đến Rô-ma để cải cách lịch sử? answer: Xê-da đã mời các nhà toán học và thiên văn học Ai Cập đến Rô-ma để cải cách lịch sử? answer: Xê-da đã","question: Vào năm 45 TCN, Xê-da đã mời các nhà toán học và thiên văn học Ai Cập đến để cải cách lịch sử? answer: Xê-da đã mời các nhà toán học và thiên văn học Ai Cập đến Rô-ma để cải cách lịch",0.8582
284,RAG_Chunking,4,"question: Năm 1966, E. O. Wilson và đồng sự của ông đã làm gì? answer: xác định các hóa thạch kiến (loài Sphecomyrma freyi) sống trong kỷ Creta","question: Năm 1966, E. O. Wilson và đồng sự của ông đã làm gì? answer: xác định các hóa thạch kiến (loài Sphecomyrma freyi) sống trong kỷ Creta",0.7344
284,RAG_Chunking,5,question: Loài kiến nguyên thủy có thể kiếm ăn trên mặt đất nhưng một số tác giả dựa trên các nhóm nguyên thủy Leptanillinae và Martialinae nên các loài kiến nguyên thủy có thể là các loài săn mồi dưới mặt đất? answer: Sphecomyrma freyi,question: Loài kiến nguyên thủy có thể kiếm ăn trên mặt đất nhưng một số tác giả dựa trên các nhóm nguyên thủy Leptanillinae và Martialinae nên các loài kiến nguyên thủy có thể là các loài săn mồi dưới mặt đất? answer: Sphecomyrma có thể kiếm ăn trên mặt đất nhưng một số tác giả dựa trên các nhóm nguyên thủy Leptanillinae và Martialinae nên các loài kiến nguyên thủy có thể là các loài săn mồi dưới mặt đất,0.7076
285,Chunking_Only,1,"question: Tên gọi Canada bắt nguồn từ đâu? answer: kanata trong ngôn ngữ của người Iroquois Saint Lawrence, nghĩa là ""làng"" hay ""khu định cư""","question: Tên gọi Canada bắt nguồn từ đâu? answer: kanata trong ngôn ngữ của người Iroquois Saint Lawrence, nghĩa là ""làng"" hay ""khu định cư""",0.7436
285,RAG_Chunking,1,question: Những cư dân bản địa sinh sống lâu đời ở vùng duyên hải và một phần cao nguyên miền Trung là những người nói tiếng gì? answer: tiếng Môn-Khmer,question: Những cư dân bản địa sinh sống lâu đời ở vùng duyên hải và một phần cao nguyên miền Trung là những người nói tiếng gì? answer: tiếng Môn-Khmer,0.8607
285,RAG_Chunking,2,"question: Những trung tâm văn minh lớn nào ở phương Đông? answer: Ai Cập, Lưỡng Hà, Trung Hoa và Ấn Độ","question: Những trung tâm văn minh lớn nào ở phương Đông? answer: Ai Cập, Lưỡng Hà, Trung Hoa và Ấn Độ",0.6794
285,RAG_Chunking,3,question: Điểm chung nổi bật của các nền văn minh Đông là gì? answer: đều hình thành trên lưu vực của các dòng sông lớn,"question: Điểm chung nổi bật của các nền văn minh Đông là gì? answer: đều hình thành trên lưu vực của các dòng sông lớn. Chính nhờ sự bồi đắp phù sa của những dòng sông đó nên đất đai ở những nơi này trở nên màu mỡ, nông nghiệp có điều kiện phát triển, dẫn đến sự xuất hiện sớm của nhà nước",0.8067
285,RAG_Chunking,4,question: Ý nghĩa của từ Canada là gì? answer: Ý nghĩa của từ Canada là gì? answer: Ý nghĩa của từ Canada là gì? answer: Ý nghĩa của từ Canada là gì? answer: Ý nghĩa của từ Canada là gì? answer: Ý nghĩa của từ Canada là gì? answer: Ý nghĩa của từ Canada là gì? answer: Ý nghĩa của từ Canada là gì? answer: Ý nghĩa của từ Canada là gì? answer: Ý nghĩa của từ Canada là gì? answer: Ý nghĩa của,question: Ý nghĩa của từ Canada là gì? answer: chỉ đường cho nhà thám hiểm người Pháp Jacques Cartier đến làng Stadacona,0.8132
286,Chunking_Only,1,question: Vì sao Lester B. Pearson được công nhận là người sáng tạo ra khái niệm này? answer: đây là sứ mệnh gìn giữ hòa bình đầu tiên của Liên Hiệp Quốc,question: Vì sao Lester B. Pearson được công nhận là người sáng tạo ra khái niệm này? answer: hành động này mà ông nhận được Giải Nobel Hòa bình năm 1957,0.7318
286,Chunking_Only,2,"question: Kể từ năm 1989, Canada đã tham gia bao nhiêu sứ mệnh gìn giữ hòa bình? answer: 50 sứ mệnh",question: Canada đã tham gia trong bao nhiêu sứ mệnh gìn giữ hòa bình? answer: 50 sứ mệnh,0.8204
286,Chunking_Only,3,question: Vụ việc Somalia xảy ra vào năm nào? answer: năm 1993,question: Vụ việc Somalia xảy ra vào năm nào? answer: năm 1993,0.7127
286,RAG_Chunking,1,"question: Answer: Hoạt động đối ngoại chủ yếu trong kháng chiến chống Mỹ (1954-1975): - Đấu tranh yêu cầu thực hiện Hiệp định Genève. - Củng cố quan hệ với các nước xã hội chủ nghĩa. - Tăng cường đoàn kết ba nước Đông Dương. - Đàm phán, ký Hiệp định Paris (1973). - Mở rộng quan hệ ngoại giao, đẩy mạnh đối ngoại nhân dân","question: Hoạt động đối ngoại chủ yếu trong kháng chiến chống Mỹ là gì? answer: Đấu tranh yêu cầu thực hiện Hiệp định Genève. - Củng cố quan hệ với các nước xã hội chủ nghĩa. - Tăng cường đoàn kết ba nước Đông Dương. - Đàm phán, ký Hiệp định Paris (1973). - Mở rộng quan hệ ngoại giao, đẩy mạnh đối ngoại nhân dân",0.9207
286,RAG_Chunking,2,"question: Năm 2007, thành viên của 63 tổ chức quốc tế là bao nhiêu? answer: 63 tổ chức quốc tế","question: Năm 2007, thành viên của 63 tổ chức quốc tế là bao nhiêu? answer: 63 tổ chức quốc tế",0.6346
286,RAG_Chunking,3,question: Giải Nobel Hòa bình năm 1957 thuộc về ai? answer: Lester B. Pearson,question: Giải Nobel Hòa bình năm 1957 thuộc về ai? answer: Lester B. Pearson,0.7355
286,RAG_Chunking,4,question: Sứ mệnh gìn giữ hòa bình đầu tiên của Liên Hiệp Quốc là gì? answer: Lester B. Pearson,question: Sứ mệnh gìn giữ hòa bình đầu tiên của Liên Hiệp Quốc là gì? answer: Lester B. Pearson,0.7657
287,RAG_Chunking,1,question: Kết quả của chiến dịch Điện Biên Phủ là gì? answer: toàn thắng ngày 7-5-1954,question: Kết quả của chiến dịch Điện Biên Phủ là gì? answer: toàn thắng ngày 7-5-1954. - Pháp thực hiện kế hoạch Na-va. - Chiến dịch Điện Biên Phủ (3-1954 - 7-5-1954): toàn thắng ngày 7-5-1954. - Pháp thực hiện kế hoạch Na-va. - Chiến dịch Điện Biên Phủ (3-1954 - 7-5-1954): toàn thắng ngày 7-5-1954,0.7808
287,RAG_Chunking,2,question: Kết quả của cuộc khởi nghĩa Phùng Hưng là gì? answer: toàn thắng ngày 7-5-1954,question: Kết quả của cuộc khởi nghĩa Phùng Hưng là gì? answer: toàn thắng ngày 7-5-1954,0.7511
287,RAG_Chunking,3,"question: Vì sao Phùng An phải ra hàng? answer: Chính quyền đô hộ nhà Đường sau đó đưa quân đàn áp, buộc Phùng An phải ra hàng","question: Vì sao Phùng An phải ra hàng? answer: Chính quyền đô hộ nhà Đường sau đó đưa quân đàn áp, buộc Phùng An phải ra hàng",0.6781
287,RAG_Chunking,4,question: Vì sao Lord Willingdon bắt đầu một chiến dịch mới để đàn áp những đại biểu chủ nghĩa dân tộc? answer: nó chỉ lưu ý đến những tiểu vương cũng như những nhóm thiểu số Ấn Độ hơn là một sự phó truyền quyền lực (transfer of power),question: Vì sao Lord Willingdon bắt đầu một chiến dịch mới để đàn áp những đại biểu chủ nghĩa dân tộc? answer: nó chỉ lưu ý đến những tiểu vương cũng như những nhóm thiểu số Ấn Độ hơn là một sự phó truyền quyền lực (transfer of power),0.7984
288,Chunking_Only,1,question: Đạo luật Hiến pháp 1791 chia tỉnh New Brunswick thành những tỉnh nào? answer: Hạ Canada (sau là Québec) Pháp ngữ và Thượng Canada (sau là Québec) Pháp ngữ và Thượng Canada (sau là Québec) Pháp ngữ và Thượng Canada (sau là Québec) Pháp ngữ và Thượng Canada (sau là Québec) Pháp ngữ và Thượng Canada (sau là Québec) Pháp ngữ và Thượng Canada (sau là Québec) Pháp ngữ và Thượng Canada (sau là Québec) Pháp ngữ và Thượng Canada (sau là Québec) Pháp ngữ và Thượng Canada (,question: Đạo luật Hiến pháp 1791 chia tỉnh New Brunswick thành những tỉnh nào? answer: Hạ Canada (sau là Québec) Pháp ngữ và Thượng Canada (sau là Québec) Pháp ngữ và Thượng Canada (sau là Québec) Pháp ngữ và Thượng Canada (sau là Québec) Pháp ngữ và Thượng Canada (sau là Québec) Pháp ngữ và Thượng Canada (sau là Québec) Pháp ngữ và Thượng Canada (sau là Québec) Pháp ngữ và Thượng Canada (sau là Québec) Pháp ngữ và Thượng Canada (sau là Québec) Pháp ngữ và Thượng Canada,0.6913
288,RAG_Chunking,1,question: Vì sao các cuộc cách mạng tư sản lại khác nhau? answer: Do điều kiện lịch sử ở mỗi nước khác nhau nên mức độ thắng lợi của các cuộc cách mạng tư sản cũng khác nhau,question: Vì sao các cuộc cách mạng tư sản lại khác nhau? answer: Do điều kiện lịch sử ở mỗi nước khác nhau nên mức độ thắng lợi của các cuộc cách mạng tư sản cũng khác nhau,0.7415
288,RAG_Chunking,2,"question: Cách mạng tư sản Pháp đã lật đổ chế độ phong kiến, thiết lập chế độ cộng hòa vào năm nào? answer: năm 1625","question: Cách mạng tư sản Pháp đã lật đổ chế độ phong kiến, thiết lập chế độ cộng hòa vào năm nào? answer: năm 1625",0.8072
288,RAG_Chunking,3,"question: Nước Pháp duy trì chế độ quân chủ chuyên chế vào thời gian nào? answer: Đến cuối thế kỉ XVII, nước Pháp vẫn duy trì chế độ quân chủ chuyên chế, đứng đầu là vua Lu-i XVI","question: Nước Pháp duy trì chế độ quân chủ chuyên chế vào thời gian nào? answer: Đến cuối thế kỉ XVII, nước Pháp vẫn duy trì chế độ quân chủ chuyên chế, đứng đầu là vua Lu-i XVI",0.6204
288,RAG_Chunking,4,"question: Chế độ quân chủ chuyên chế của nước Pháp đã có những thay đổi như thế nào? answer: đã đưa đến sự xác lập bước đầu của thể chế quân chủ chuyên chế trung ương tập quyền theo đường lối pháp trị, được tổ chức thống nhất, chặt chẽ. Lĩnh vực quân đội, quốc phòng được củng cố. Lĩnh vực quân đội, quốc phòng được củng cố. Lĩnh vực quân đội, quốc phòng được củng cố. Lĩnh vực quân đội, quốc phòng được củng cố. Lĩnh vực quân đội, quốc phòng được củng cố. Lĩnh vực quân đội, quốc phòng được củng cố. Lĩnh","question: Chế độ quân chủ chuyên chế của nước Pháp đã có những thay đổi như thế nào? answer: đã đưa đến sự xác lập bước đầu của thể chế quân chủ chuyên chế trung ương tập quyền theo đường lối pháp trị, được tổ chức thống nhất, chặt chẽ. Lĩnh vực quân đội, quốc phòng được củng cố. Lĩnh vực quân đội, quốc phòng được củng cố. Lĩnh vực quân đội, quốc phòng được củng cố. Lĩnh vực quân đội, quốc phòng được củng cố. Lĩnh vực quân đội, quốc phòng được củng cố. Lĩnh vực quân đội, quốc phòng được củng cố. Lĩnh",0.7003
288,RAG_Chunking,5,question: Hiệp định Paris 1783 có nội dung gì? answer: Anh Quốc công nhận tình trạng độc lập của Hoa Kỳ và nhượng lại các lãnh thổ ở phía nam của Ngũ Đại Hồ cho Hoa Kỳ,question: Hiệp định Paris 1783 có nội dung gì? answer: Anh Quốc công nhận tình trạng độc lập của Hoa Kỳ và nhượng lại các lãnh thổ ở phía nam của Ngũ Đại Hồ cho Hoa Kỳ,0.7927
288,RAG_Chunking,6,"question: Để hòa giải những người nói tiếng Anh trung thành tại Quebec, Đạo luật Hiến pháp 1791 đã chia Quebec thành những tỉnh nào? answer: Hạ Canada (sau là Québec) Pháp ngữ và Thượng Canada (sau là Ontario) Anh ngữ","question: Để hòa giải những người nói tiếng Anh trung thành tại Quebec, Đạo luật Hiến pháp 1791 đã chia Quebec thành những tỉnh nào? answer: Hạ Canada (sau là Québec) Pháp ngữ và Thượng Canada (sau là Ontario) Anh ngữ",0.8347
289,Chunking_Only,1,"question: Sau khi Iraq xâm chiếm Kuwait, Iraq đã làm gì? answer: tìm thấy một bản ghi nhớ liên quan tới cuộc trao đổi giữa họ","question: Sau khi Iraq xâm chiếm Kuwait, Iraq đã làm gì? answer: tìm thấy một bản ghi nhớ liên quan tới cuộc trao đổi giữa họ",0.6941
289,Chunking_Only,2,question: Iraq cho rằng bản ghi nhớ là bằng chứng về một âm mưu của CIA và Kuwait nhằm mục đích gì? answer: làm mất ổn định kinh tế và chính trị Iraq,question: Iraq cho rằng bản ghi nhớ là bằng chứng về một âm mưu của CIA và Kuwait nhằm mục đích gì? answer: làm mất ổn định kinh tế và chính trị Iraq,0.856
289,RAG_Chunking,1,"question: Cuộc kháng chiến chống quân Xiêm diễn ra vào thời gian nào? answer: Giữa năm 1784, 5 vạn quân Xiêm kéo vào Gia Định (Nam Bộ ngày nay) với danh nghĩa giúp Nguyễn Ánh","question: Cuộc kháng chiến chống quân Xiêm diễn ra vào thời gian nào? answer: Giữa năm 1784, 5 vạn quân Xiêm kéo vào Gia Định (Nam Bộ ngày nay) với danh nghĩa giúp Nguyễn Ánh",0.7684
289,RAG_Chunking,2,"question: Trận đánh quyết định giữa quân Tây Sơn và quân Xiêm diễn ra vào thời gian nào? answer: Ngày 19-1-1785, trên sông Tiên (đoạn từ Rạch Gầm đến Xoài Mút) đã diễn ra trận đánh quyết định giữa quân Tây Sơn và quân Xiêm","question: Trận đánh quyết định giữa quân Tây Sơn và quân Xiêm diễn ra vào thời gian nào? answer: Ngày 19-1-1785, trên sông Tiên (đoạn từ Rạch Gầm đến Xoài Mút) đã diễn ra trận đánh quyết định giữa quân Tây Sơn và quân Xiêm",0.8107
289,RAG_Chunking,3,"question: Sau khi Iraq xâm chiếm Kuwait, Iraq đã làm gì? answer: tìm thấy một bản ghi nhớ liên quan tới cuộc trao đổi giữa họ","question: Sau khi Iraq xâm chiếm Kuwait, Iraq đã làm gì? answer: tìm thấy một bản ghi nhớ liên quan tới cuộc trao đổi giữa họ",0.7072
289,RAG_Chunking,4,question: Iraq cho rằng bản ghi nhớ là bằng chứng về một âm mưu của CIA và Kuwait nhằm mục đích gì? answer: làm mất ổn định kinh tế và chính trị Iraq,question: Iraq cho rằng bản ghi nhớ là bằng chứng về một âm mưu của CIA và Kuwait nhằm mục đích gì? answer: làm mất ổn định kinh tế và chính trị Iraq,0.8493
290,Chunking_Only,1,question: Cuộc khủng hoảng Tòng quân năm 1917 xảy ra khi nào? answer: Thủ tướng Bảo thủ Robert Borden cho tiến hành nghĩa vụ quân sự cưỡng bách bất chấp sự phản đối dữ dội của người Québec Pháp ngữ,question: Cuộc khủng hoảng Tòng quân năm 1917 xảy ra khi nào? answer: Thủ tướng Bảo thủ Robert Borden cho tiến hành nghĩa vụ quân sự cưỡng bách bất chấp sự phản đối dữ dội của người Québec Pháp ngữ,0.6513
290,Chunking_Only,2,"question: Năm 1919, Canada gia nhập Hội Quốc Liên với tư cách gì? answer: độc lập với Anh","question: Năm 1919, Canada gia nhập Hội Quốc Liên với tư cách gì? answer: độc lập với Anh",0.7841
290,RAG_Chunking,1,question: Vì sao các cuộc cách mạng tư sản lại khác nhau? answer: Do điều kiện lịch sử ở mỗi nước khác nhau nên mức độ thắng lợi của các cuộc cách mạng tư sản cũng khác nhau,question: Vì sao các cuộc cách mạng tư sản lại khác nhau? answer: Do điều kiện lịch sử ở mỗi nước khác nhau nên mức độ thắng lợi của các cuộc cách mạng tư sản cũng khác nhau,0.7415
290,RAG_Chunking,2,"question: Cách mạng tư sản Pháp đã lật đổ chế độ phong kiến, thiết lập chế độ cộng hòa vào năm nào? answer: năm 1625","question: Cách mạng tư sản Pháp đã lật đổ chế độ phong kiến, thiết lập chế độ cộng hòa vào năm nào? answer: năm 1625",0.8072
290,RAG_Chunking,3,"question: Nước Pháp duy trì chế độ quân chủ chuyên chế vào thời gian nào? answer: Đến cuối thế kỉ XVII, nước Pháp vẫn duy trì chế độ quân chủ chuyên chế, đứng đầu là vua Lu-i XVI","question: Nước Pháp duy trì chế độ quân chủ chuyên chế vào thời gian nào? answer: Đến cuối thế kỉ XVII, nước Pháp vẫn duy trì chế độ quân chủ chuyên chế, đứng đầu là vua Lu-i XVI",0.6204
290,RAG_Chunking,4,"question: Xây dựng lại binh chế, chia đặt lại tổ chức quân đội theo hướng nào? answer: quy củ, chặt chẽ, đặt dưới sự chỉ huy thống nhất của triều đình","question: Xây dựng lại binh chế, chia đặt lại tổ chức quân đội theo hướng nào? answer: quy củ, chặt chẽ, đặt dưới sự chỉ huy thống nhất của triều đình",0.7879
290,RAG_Chunking,5,question: Answer: do vậy việc cường quốc này tuyên chiến vào năm 1914 tự động đưa Canada vào Chiến tranh thế giới thứ nhất,question: Đạo luật Liên minh là gì? answer: do vậy việc cường quốc này tuyên chiến vào năm 1914 tự động đưa Canada vào Chiến tranh thế giới thứ nhất,0.8131
290,RAG_Chunking,6,question: Cuộc khủng hoảng Tòng quân năm 1917 đã gây ra hậu quả gì? answer: tạo ra hố ngăn cách sâu sắc với người Canada Pháp ngữ và chia rẽ tạm thời Đảng Tự do,question: Cuộc khủng hoảng Tòng quân năm 1917 đã gây ra hậu quả gì? answer: tạo ra hố ngăn cách sâu sắc với người Canada Pháp ngữ và chia rẽ tạm thời Đảng Tự do,0.7993
291,Chunking_Only,1,question: Hãn quốc Hồi Cốt do ai cai trị? answer: Hãn quốc Nhu Nhiên (330555) gốc người Tiên Ti,question: Hãn quốc Hồi Cốt do ai cai trị? answer: Hãn quốc Nhu Nhiên (330555) gốc người Tiên Ti,0.6076
291,Chunking_Only,2,"question: Người Khiết Đan cai trị Mông Cổ thời nhà Liêu vào thời gian nào? answer: vào thời nhà Liêu (9071125), sau đó bang liên Mông Ngột Quốc (11251206) nổi lên",question: Người Khiết Đan cai trị Mông Cổ thời nhà Liêu vào thời gian nào? answer: 9071125,0.6181
291,RAG_Chunking,1,question: Vào khoảng thời gian nào thì Phùng Hưng cùng em trai khởi nghĩa? answer: khoảng những năm 766 - 780,question: Vào khoảng thời gian nào thì Phùng Hưng cùng em trai khởi nghĩa? answer: khoảng những năm 766 - 780,0.6802
291,RAG_Chunking,2,"question: Nhiệm vụ của vua Hùng là gì? answer: chỉ huy quân sự, giúp việc cho vua là các lạc hầu","question: Nhiệm vụ của vua Hùng là gì? answer: chỉ huy quân sự, giúp việc cho vua là các lạc hầu",0.7141
291,RAG_Chunking,3,"question: Người Khiết Đan cai trị Mông Cổ vào thời gian nào? answer: thời nhà Liêu (9071125), sau đó bang liên Mông Ngột Quốc (11251206) nổi lên",question: Người Khiết Đan cai trị Mông Cổ vào thời gian nào? answer: 9071125,0.6477
292,Chunking_Only,1,question: Vì sao nước biển nặng hơn nước ngọt? answer: do trọng lượng bổ sung của các muối và hiện tượng điện giảo,question: Vì sao nước biển nặng hơn nước ngọt? answer: do trọng lượng bổ sung của các muối và hiện tượng điện giảo,0.7114
292,Chunking_Only,2,"question: Tại sao độ pH của nước biển bị giới hạn trong khoảng 7,5 tới 8,4? answer: đệm hóa học, độ pH của nước biển bị giới hạn trong khoảng 7,5 tới 8,4","question: Tại sao độ pH của nước biển bị giới hạn trong khoảng 7,5 tới 8,4? answer: đệm hóa học, độ pH của nước biển bị giới hạn trong khoảng 7,5 tới 8,4",0.7167
292,RAG_Chunking,1,"question: Vì sao cư dân Phù Nam sớm có điều kiện giao thương? answer: Với vị trí địa lí tiếp giáp biển, có nhiều nơi thuận lợi cho việc tránh bão, neo đậu thuyền bè của các thương nhân","question: Vì sao cư dân Phù Nam sớm có điều kiện giao thương? answer: Với vị trí địa lí tiếp giáp biển, có nhiều nơi thuận lợi cho việc tránh bão, neo đậu thuyền bè của các thương nhân",0.6659
292,RAG_Chunking,2,"question: Vì sao người Phù Nam sớm có điều kiện giao lưu với nền văn minh của nhiều quốc gia khác? answer: cho việc tránh bão, neo đậu thuyền bè của các thương nhân","question: Vì sao người Phù Nam sớm có điều kiện giao lưu với nền văn minh của nhiều quốc gia khác? answer: cho việc tránh bão, neo đậu thuyền bè của các thương nhân",0.702
292,RAG_Chunking,3,"question: Năm 1246, lệnh các lộ đắp đê phòng lụt được ban hành vào thời gian nào? answer: Tháng ba [năm 1246], lệnh các lộ đắp đê phòng lụt, gọi là đê quai vạc, từ đầu nguồn đến bờ biển, để ngăn nước lũ tràn ngập","question: Năm 1246, lệnh các lộ đắp đê phòng lụt được ban hành vào thời gian nào? answer: Tháng ba [năm 1246], lệnh các lộ đắp đê phòng lụt, gọi là đê quai vạc, từ đầu nguồn đến bờ biển, để ngăn nước lũ tràn ngập",0.7065
292,RAG_Chunking,4,"question: Answer: khoảng 1.020 tới 1.030 kg/m3 tại bề mặt còn sâu trong lòng đại dương, dưới áp suất cao, nước biển có thể đạt tỷ trọng riêng tới 1.050 kg/m3hay cao hơn","question: Tỷ trọng của nước biển nằm trong khoảng nào? answer: khoảng 1.020 tới 1.030 kg/m3 tại bề mặt còn sâu trong lòng đại dương, dưới áp suất cao, nước biển có thể đạt tỷ trọng riêng tới 1.050 kg/m3hay cao hơn",0.8416
292,RAG_Chunking,5,"question: Vì sao độ pH của nước biển bị giới hạn trong khoảng 7,5 tới 8,4? answer: do trọng lượng bổ sung của các muối và hiện tượng điện giảo","question: Vì sao độ pH của nước biển bị giới hạn trong khoảng 7,5 tới 8,4? answer: do trọng lượng bổ sung của các muối và hiện tượng điện giảo",0.8477
292,RAG_Chunking,6,question: Answer: khoảng 1.500 ms1 và dao động theo nhiệt độ của nước cùng áp suất,question: Vận tốc âm thanh trong nước biển là bao nhiêu? answer: khoảng 1.500 ms1 và dao động theo nhiệt độ của nước cùng áp suất,0.8807
293,Chunking_Only,1,"question: Mazarine Pingeot là người như thế nào? answer: Mazarine Pingeot là người như thế nào? answer: người con gái ngoài hôn nhân Mazarine Pingeot (với tác gia Jean-Edern Hallier, đang bị đe doạ tiết lộ), bệnh ung thư tuyến tiền liệt của ông được chẩn đoán năm 1981 và các chi tiết quá khứ của ông thời Chế độ Vichy vẫn chưa được công chúng biết tới","question: Mazarine Pingeot là người như thế nào? answer: người con gái ngoài hôn nhân Mazarine Pingeot (với tác gia Jean-Edern Hallier, đang bị đe doạ tiết lộ), bệnh ung thư tuyến tiền liệt của ông được chẩn đoán năm 1981 và các chi tiết quá khứ của ông thời Chế độ Vichy vẫn chưa được công chúng biết tới",0.7341
293,Chunking_Only,2,"question: Một số người bị nghe trộm điện thoại với các lý do ""không rõ ràng"" là ai? answer: Carole Bouquet, một luật sư có gia đình ở Trung Đông, Edwy Plenel, một nhà báo của tờ le Monde người theo dõi câu chuyện Rainbow Warriorvà luật sư Antoine Comte","question: Một số người bị nghe trộm điện thoại với các lý do ""không rõ ràng"" là ai? answer: Carole Bouquet, một luật sư có gia đình ở Trung Đông, Edwy Plenel, một nhà báo của tờ le Monde người theo dõi câu chuyện Rainbow Warriorvà luật sư Antoine Comte",0.816
293,Chunking_Only,3,question: Những hành động nào được thực hiện theo lệnh từ Tổng thống Pháp hay từ các Bộ trưởng Quốc phòng? answer: những hành động đó được thực hiện theo lệnh từ Tổng thống Pháp hay từ các Bộ trưởng Quốc phòng những ngươờ đã cho phép Christian Prouteau tiếp cận không hạn chế với các thiết bị của nhà nước để ông ta có thể thực hiện mệnh lệnh,question: Những hành động nào được thực hiện theo lệnh từ Tổng thống Pháp hay từ các Bộ trưởng Quốc phòng? answer: những hành động đó được thực hiện theo lệnh từ Tổng thống Pháp hay từ các Bộ trưởng Quốc phòng những ngươờ đã cho phép Christian Prouteau tiếp cận không hạn chế với các thiết bị của nhà nước để ông ta có thể thực hiện mệnh lệnh,0.7523
293,Chunking_Only,4,question: không một cuộc băng nào trong số 3000 cuộn băng do đơn vị này thu được thực hiện một cách hợp pháp? answer: không một cuộc băng nào trong số 3000 cuộn băng do đơn vị này thu được thực hiện một cách hợp pháp,question: Mitterrand là người chủ mưu chính của vụ nghe trộm (l'inspirateur et le décideur de l'essentiel) và rằng ông đã ra lệnh một số vụ và làm ngơ một số vụ khác và rằng không một cuộc băng nào trong số 3000 cuộn băng do đơn vị này thu được thực hiện một cách hợp pháp? answer: không một cuộc băng nào trong số 3000 cuộn băng do đơn vị này thu được thực hiện một cách hợp pháp,0.8843
293,RAG_Chunking,1,question: Những bài học lịch sử của các cuộc kháng chiến bảo vệ Tổ quốc từ năm 1945 đến nay là gì? answer: Những bài học lịch sử của các cuộc kháng chiến bảo vệ Tổ quốc từ năm 1945 đến nay là gì? answer: Những bài học lịch sử của các cuộc kháng chiến bảo vệ Tổ quốc từ năm 1945 đến nay là gì? answer: Những bài học lịch sử của các cuộc kháng chiến bảo vệ Tổ quốc từ năm 1945 đến nay là gì? answer: Những bài học lịch sử của các,question: Những bài học lịch sử của các cuộc kháng chiến bảo vệ Tổ quốc từ năm 1945 đến nay là gì? answer: 52 - Bài 10: Khái quát về công cuộc Đổi mới từ năm 1986 đến nay: 60 - Bài 11: Thành tựu cơ bản và bài ài 11: Thành tựu cơ bản và bài ài 11: Thành tựu cơ bản và bài ài 11: Thành tựu cơ bản và bài ài 11: Thành tựu cơ bản và bài ài 11: Thành tựu cơ bản và bài ài 1,0.7896
293,RAG_Chunking,2,question: Kết quả của cuộc kháng chiến 1953 - 1954 là gì? answer: Kết quả của cuộc kháng chiến (1953 - 1954): - Pháp thực hiện kế hoạch Na-va. - Chiến dịch Điện Biên Phủ (3-1954 - 7-5-1954): to answer: to answer: kết thúc cuộc kháng chiến (1953 - 1954): - Pháp thực hiện kế hoạch Na-va. - Chiến dịch Điện Biên Phủ (3-195,question: Kết quả của cuộc kháng chiến 1953 - 1954 là gì? answer: kết thúc cuộc kháng chiến (1953 - 1954): - Pháp thực hiện kế hoạch Na-va. - Chiến dịch Điện Biên Phủ (3-1954 - 7-5-1954): to,0.6765
293,RAG_Chunking,3,question: Kết quả của chiến dịch Điện Biên Phủ là gì? answer: toàn thắng ngày 7-5-1954,question: Kết quả của chiến dịch Điện Biên Phủ là gì? answer: toàn thắng ngày 7-5-1954,0.7295
293,RAG_Chunking,4,question: Edwy Plenel là ai? answer: một nhà báo của tờ le Monde người theo dõi câu chuyện Rainbow Warriorvà luật sư Antoine Comte,question: Edwy Plenel là ai? answer: một nhà báo của tờ le Monde người theo dõi câu chuyện Rainbow Warriorvà luật sư Antoine Comte,0.6686
293,RAG_Chunking,5,question: Những hành động đó được thực hiện theo lệnh của ai? answer: từ Tổng thống Pháp hay từ các Bộ trưởng Quốc phòng những ngươờ đã cho phép Christian Prouteau tiếp cận không hạn chế với các thiết bị của nhà nước để ông ta có thể thực hiện mệnh lệnh),question: Những hành động đó được thực hiện theo lệnh của ai? answer: từ Tổng thống Pháp hay từ các Bộ trưởng Quốc phòng,0.6434
293,RAG_Chunking,6,question: Tại sao không một cuộc băng nào trong số 3000 cuộn băng do đơn vị này thu được thực hiện một cách hợp pháp? answer: không một cuộc băng nào trong số 3000 cuộn băng do đơn vị này thu được thực hiện một cách hợp pháp,question: Mitterrand là người chủ mưu chính của vụ nghe trộm (l'inspirateur et le décideur de l'essentiel)? answer: chủ mưu chính của vụ nghe trộm (l'inspirateur et le décideur de l'essentiel) và rằng ông đã ra lệnh một số vụ và làm ngơ một số vụ khác và rằng không một cuộc băng nào trong số 3000 cuộn băng do đơn vị này thu được thực hiện một cách hợp pháp,0.8912
294,Chunking_Only,1,"question: Vì sao đa số cử tri Texas ủng hộ các ứng cử viên tổng thống của Đảng Cộng hòa? answer: vì ông là ""con yêu"" khi là thống đốc cũ của bang","question: Vì sao đa số cử tri Texas ủng hộ các ứng cử viên tổng thống của Đảng Cộng hòa? answer: vì ông là ""con yêu"" khi là thống đốc cũ của bang",0.8317
294,Chunking_Only,2,question: Ai là người đã giành chiến thắng tại Texas trong cuộc bầu cử tổng thống Hoa Kỳ năm 2008? answer: Cain,question: Ai là người đã giành chiến thắng tại Texas trong cuộc bầu cử tổng thống Hoa Kỳ năm 2008? answer: Cain,0.781
294,RAG_Chunking,1,"question: Những người đỗ đầu trong kì thi Đình là những ai? answer: Nguyễn Hiển, Lê Văn Hưu, Mạc Đĩnh Chi","question: Những người đỗ đầu trong kì thi Đình là những ai? answer: Nguyễn Hiển, Lê Văn Hưu, Mạc Đĩnh Chi",0.6927
294,RAG_Chunking,2,"question: Nguyên nhân thắng lợi của sự lãnh đạo đúng đắn của Đảng, Chủ tịch Hồ Chí Minh là gì? answer: - Sự lãnh đạo đúng đắn của Đảng, Chủ tịch Hồ Chí Minh. - Truyền thống yêu nước, đoàn kết, ý chí kiên cường của nhân dân. - Hệ thống chính quyền, mặt trận dân tộc thống nhất, lực lượng vũ trang lớn mạnh. - Đoàn kết ba nước Đông Dương. - Sự ủng hộ của các nước xã hội chủ nghĩa và nhân dân tiến bộ thế giới","question: Nguyên nhân thắng lợi của sự lãnh đạo đúng đắn của Đảng, Chủ tịch Hồ Chí Minh là gì? answer: Sự lãnh đạo đúng đắn của Đảng, Chủ tịch Hồ Chí Minh. - Truyền thống yêu nước, đoàn kết, ý chí kiên cường của nhân dân. - Hệ thống chính quyền, mặt trận dân tộc thống nhất, lực lượng vũ trang lớn mạnh. - Đoàn kết ba nước Đông Dương. - Sự ủng hộ của các nước xã hội chủ nghĩa và nhân dân tiến bộ thế giới. - Sự ủng hộ của các nước xã hội chủ nghĩa và nhân dân tiến bộ thế giới",0.8282
294,RAG_Chunking,3,"question: Vì sao đa số cử tri Texas ủng hộ các ứng cử viên của Đảng Cộng hòa? answer: vì ông là ""con yêu"" khi là thống đốc cũ của bang","question: Vì sao đa số cử tri Texas ủng hộ các ứng cử viên tổng thống của Đảng Cộng hòa? answer: vì ông là ""con yêu"" khi là thống đốc cũ của bang",0.8397
294,RAG_Chunking,4,"question: Trong các cuộc bầu cử địa phương và cấp bang, ai là người đại diện cho Đảng Dân chủ? answer: Austin, Dallas, Houston, và San Antonio","question: Trong các cuộc bầu cử địa phương và cấp bang, ai là người đại diện cho Đảng Dân chủ? answer: Austin, Dallas, Houston, và San Antonio",0.7907
295,Chunking_Only,1,question: Hai đảo của sông Seine tạo nên điều gì? answer: trung tâm lịch sử của thành phố: le de la Cité ở phía tây và le Saint-Louis ở phía đông,question: Hai đảo của sông Seine tạo nên gì? answer: trung tâm lịch sử của thành phố: le de la Cité ở phía tây và le Saint-Louis ở phía đông,0.7732
295,Chunking_Only,2,question: Hai bên sông Seine có những khu vực nào? answer: một số vùng đất tạo bởi đá thạch cao nhô lên thành những quả đồi nhỏ,question: Hai bên sông Seine có những khu vực nào? answer: một số vùng đất tạo bởi đá thạch cao nhô lên thành những quả đồi nhỏ,0.6174
295,Chunking_Only,3,question: Phía tả ngạn: Montparnasse cao bao nhiêu mét? answer: bao nhiêu mét,question: Phía tả ngạn: Montparnasse cao bao nhiêu mét? answer: Montparnasse cao 66 m; Butte aux Cailles 63 m,0.8285
295,RAG_Chunking,1,question: Khu vực Nam Âu có những bán đảo nào? answer: bán đảo Ban-căng và bán đảo I-ta-li-a,question: Khu vực Nam Âu có những bán đảo nào? answer: bán đảo Ban-căng và bán đảo I-ta-li-a,0.7339
295,RAG_Chunking,2,question: Văn minh Phù Nam hình thành trên lưu vực nào? answer: lưu vực châu thổ sông Cửu Long,question: Văn minh Phù Nam hình thành trên lưu vực nào? answer: lưu vực châu thổ sông Cửu Long,0.6238
295,RAG_Chunking,3,"question: Vì sao cư dân Phù Nam sớm có điều kiện giao lưu với nền vât chất và con người? answer: Với vị trí địa lí tiếp giáp biển, có nhiều nơi thuận lợi cho việc tránh bão, neo đậu thuyền bè của các thương nhân","question: Vì sao cư dân Phù Nam sớm có điều kiện giao lưu với nền vât chất và con người? answer: Với vị trí địa lí tiếp giáp biển, có nhiều nơi thuận lợi cho việc tránh bão, neo đậu thuyền bè của các thương nhân",0.6538
295,RAG_Chunking,4,question: Hai đảo của sông Seine tạo nên trung tâm lịch sử của thành phố là gì? answer: le de la Cité ở phía tây và le Saint-Louis ở phía đông,question: Hai đảo của sông Seine tạo nên trung tâm lịch sử của thành phố là gì? answer: le de la Cité ở phía tây và le Saint-Louis ở phía đông,0.732
295,RAG_Chunking,5,"question: Đồi Montmartre có vị trí như thế nào? answer: đồi Montmartre có độ cao là 131 mét, đỉnh là vị trí nhà thờ Saint-Pierre; Belleville cao 128,5 m tại phố Télégraphe; Ménilmontant 108 m; công viên Buttes-Chaumont 103 m; Passy 71 m","question: Đồi Montmartre có vị trí như thế nào? answer: đồi Montmartre có độ cao là 131 mét, đỉnh là vị trí nhà thờ Saint-Pierre; Belleville cao 128,5 m tại phố Télégraphe; Ménilmontant 108 m; công viên Buttes-Chaumont 103 m; Passy 71 m",0.9102
296,Chunking_Only,1,question: Đạo luật Hiến pháp 1791 chia tỉnh New Brunswick thành những tỉnh nào? answer: Hạ Canada (sau là Québec) Pháp ngữ và Thượng Canada (sau là Québec) Pháp ngữ và Thượng Canada (sau là Québec) Pháp ngữ và Thượng Canada (sau là Québec) Pháp ngữ và Thượng Canada (sau là Québec) Pháp ngữ và Thượng Canada (sau là Québec) Pháp ngữ và Thượng Canada (sau là Québec) Pháp ngữ và Thượng Canada (sau là Québec) Pháp ngữ và Thượng Canada (sau là Québec) Pháp ngữ và Thượng Canada (,question: Đạo luật Hiến pháp 1791 chia tỉnh New Brunswick thành những tỉnh nào? answer: Hạ Canada (sau là Québec) Pháp ngữ và Thượng Canada (sau là Québec) Pháp ngữ và Thượng Canada (sau là Québec) Pháp ngữ và Thượng Canada (sau là Québec) Pháp ngữ và Thượng Canada (sau là Québec) Pháp ngữ và Thượng Canada (sau là Québec) Pháp ngữ và Thượng Canada (sau là Québec) Pháp ngữ và Thượng Canada (sau là Québec) Pháp ngữ và Thượng Canada (sau là Québec) Pháp ngữ và Thượng Canada,0.6913
296,RAG_Chunking,1,question: Vì sao các cuộc cách mạng tư sản lại khác nhau? answer: Do điều kiện lịch sử ở mỗi nước khác nhau nên mức độ thắng lợi của các cuộc cách mạng tư sản cũng khác nhau,question: Vì sao các cuộc cách mạng tư sản lại khác nhau? answer: Do điều kiện lịch sử ở mỗi nước khác nhau nên mức độ thắng lợi của các cuộc cách mạng tư sản cũng khác nhau,0.7415
296,RAG_Chunking,2,"question: Cách mạng tư sản Pháp đã lật đổ chế độ phong kiến, thiết lập chế độ cộng hòa vào năm nào? answer: năm 1625","question: Cách mạng tư sản Pháp đã lật đổ chế độ phong kiến, thiết lập chế độ cộng hòa vào năm nào? answer: năm 1625",0.8072
296,RAG_Chunking,3,"question: Nước Pháp duy trì chế độ quân chủ chuyên chế vào thời gian nào? answer: Đến cuối thế kỉ XVII, nước Pháp vẫn duy trì chế độ quân chủ chuyên chế, đứng đầu là vua Lu-i XVI","question: Nước Pháp duy trì chế độ quân chủ chuyên chế vào thời gian nào? answer: Đến cuối thế kỉ XVII, nước Pháp vẫn duy trì chế độ quân chủ chuyên chế, đứng đầu là vua Lu-i XVI",0.6204
296,RAG_Chunking,4,"question: Chế độ quân chủ chuyên chế của nước Pháp đã có những thay đổi như thế nào? answer: đã đưa đến sự xác lập bước đầu của thể chế quân chủ chuyên chế trung ương tập quyền theo đường lối pháp trị, được tổ chức thống nhất, chặt chẽ. Lĩnh vực quân đội, quốc phòng được củng cố. Lĩnh vực quân đội, quốc phòng được củng cố. Lĩnh vực quân đội, quốc phòng được củng cố. Lĩnh vực quân đội, quốc phòng được củng cố. Lĩnh vực quân đội, quốc phòng được củng cố. Lĩnh vực quân đội, quốc phòng được củng cố. Lĩnh","question: Chế độ quân chủ chuyên chế của nước Pháp đã có những thay đổi như thế nào? answer: đã đưa đến sự xác lập bước đầu của thể chế quân chủ chuyên chế trung ương tập quyền theo đường lối pháp trị, được tổ chức thống nhất, chặt chẽ. Lĩnh vực quân đội, quốc phòng được củng cố. Lĩnh vực quân đội, quốc phòng được củng cố. Lĩnh vực quân đội, quốc phòng được củng cố. Lĩnh vực quân đội, quốc phòng được củng cố. Lĩnh vực quân đội, quốc phòng được củng cố. Lĩnh vực quân đội, quốc phòng được củng cố. Lĩnh",0.7003
296,RAG_Chunking,5,question: Hiệp định Paris 1783 có nội dung gì? answer: Anh Quốc công nhận tình trạng độc lập của Hoa Kỳ và nhượng lại các lãnh thổ ở phía nam của Ngũ Đại Hồ cho Hoa Kỳ,question: Hiệp định Paris 1783 có nội dung gì? answer: Anh Quốc công nhận tình trạng độc lập của Hoa Kỳ và nhượng lại các lãnh thổ ở phía nam của Ngũ Đại Hồ cho Hoa Kỳ,0.7927
296,RAG_Chunking,6,"question: Để hòa giải những người nói tiếng Anh trung thành tại Quebec, Đạo luật Hiến pháp 1791 đã chia Quebec thành những tỉnh nào? answer: Hạ Canada (sau là Québec) Pháp ngữ và Thượng Canada (sau là Ontario) Anh ngữ","question: Để hòa giải những người nói tiếng Anh trung thành tại Quebec, Đạo luật Hiến pháp 1791 đã chia Quebec thành những tỉnh nào? answer: Hạ Canada (sau là Québec) Pháp ngữ và Thượng Canada (sau là Ontario) Anh ngữ",0.8347
297,Chunking_Only,1,"question: Bảo tàng Branly về nghệ thuật và văn minh châu Phi, Á, Đại Dương và Mỹ được thiết kế bởi ai? answer: Jean Nouvel","question: Bảo tàng Branly về nghệ thuật và văn minh châu Phi, Á, Đại Dương và Mỹ được thiết kế bởi ai? answer: Jean Nouvel",0.7703
297,RAG_Chunking,1,"question: Những công trình kiến trúc nào nổi bật ở Ấn Độ? answer: lăng Ta-giơ Ma-han, Pháo đài Đỏ (La Ki-la)","question: Những công trình kiến trúc nào nổi bật ở Ấn Độ? answer: lăng Ta-giơ Ma-han, Pháo đài Đỏ (La Ki-la)",0.7871
297,RAG_Chunking,2,"question: Những công trình kiến trúc và điêu khắc tiêu biểu của Ấn Độ cổ trung đại là gì? answer: lăng Ta-giơ Ma-han, Pháo đài Đỏ (La Ki-la), đền Kha-giu-ra-hô...","question: Những công trình kiến trúc và điêu khắc tiêu biểu của Ấn Độ cổ  trung đại là gì? answer: lăng Ta-giơ Ma-han, Pháo đài Đỏ (La Ki-la), đền Kha-giu-ra-hô...",0.809
297,RAG_Chunking,3,"question: Những ngôi chùa nổi tiếng ở Hà Nội? answer: chùa Một Cột, Sùng Thiện Diên Linh, chùa Trấn Quốc, chùa Phật Tích, chùa Thiên Mụ","question: Những ngôi chùa nào nổi tiếng ở Hà Nội? answer: chùa Một Cột, Sùng Thiện Diên Linh, chùa Trấn Quốc, chùa Phật Tích, chùa Thiên Mụ",0.7779
297,RAG_Chunking,4,"question: Những kiến trúc sư nổi tiếng nào đã ghi dấu ấn trên đường phố Paris? answer: Guimard, Plumet hay Lavirotte với phong cách Tân nghệ thuật, kế đó Mallet-Stevens, Roux-Spitz, Dudok, Henri Sauvage, Le Corbusier, Auguste Perret vào thời kỳ giữa hai cuộc thế chiến","question: Những kiến trúc sư nổi tiếng nào đã ghi dấu ấn trên đường phố Paris? answer: Guimard, Plumet hay Lavirotte với phong cách Tân nghệ thuật, kế đó Mallet-Stevens, Roux-Spitz, Dudok, Henri Sauvage, Le Corbusier, Auguste Perret vào thời kỳ giữa hai cuộc thế chiến",0.8878
297,RAG_Chunking,5,"question: Bảo tàng Branly về nghệ thuật và văn minh châu Phi, Á, Đại Dương và Mỹ được thiết kế bởi ai? answer: Jean Nouvel","question: Bảo tàng Branly về nghệ thuật và văn minh châu Phi, Á, Đại Dương và Mỹ được thiết kế bởi ai? answer: Jean Nouvel",0.6465
298,Chunking_Only,1,"question: Cuộc sống của Gandhi như thế nào? answer: trải qua những nỗi khổ lớn nhất của cuộc đời, đó là cái chết của vợ Kasturbai chỉ vài tháng sau khi Mahadev Desai - người thư ký được ông xem như con trai - chết vì bị nhồi máu cơ tim vào tuổi 42","question: Cuộc sống của Gandhi như thế nào? answer: trải qua những nỗi khổ lớn nhất của cuộc đời, đó là cái chết của vợ Kasturbai chỉ vài tháng sau khi Mahadev Desai - người thư ký được ông xem như con trai - chết vì bị nhồi máu cơ tim vào tuổi 42",0.756
298,Chunking_Only,2,question: Vì sao chính quyền Anh không muốn ông chết trong tù? answer: vì đây là một sự kiện có thể làm lòng căm phẫn của công chúng vượt khỏi tầm kiểm soát,question: Vì sao chính quyền Anh không muốn ông chết trong tù? answer: vì đây là một sự kiện có thể làm lòng căm phẫn của công chúng vượt khỏi tầm kiểm soát,0.6171
298,RAG_Chunking,1,question: Cuộc khởi nghĩa Hai Bà Trưng bùng nổ vào thời gian nào? answer: năm 40,question: Cuộc khởi nghĩa Hai Bà Trưng bùng nổ vào thời gian nào? answer: năm 40,0.7616
298,RAG_Chunking,2,question: Cuộc khởi nghĩa của Phùng Hưng diễn ra vào thời gian nào? answer: cuối thế kỉ VIII,question: Cuộc khởi nghĩa của Phùng Hưng diễn ra vào thời gian nào? answer: cuối thế kỉ VIII,0.733
298,RAG_Chunking,3,question: Ai là người lãnh đạo quân Tây Sơn đánh chiếm Phú Xuân? answer: Nguyễn Huệ,question: Ai là người lãnh đạo quân Tây Sơn đánh chiếm Phú Xuân? answer: Nguyễn Huệ,0.7096
298,RAG_Chunking,4,question: Trận đánh nào đã diễn ra vào cuối năm 1788? answer: hàng chục vạn quân Thanh tiến vào Đại Việt và bị quân Tây Sơn đánh tan trong trận Ngọc Hồi - Đống Đa (1789),question: Trận đánh nào đã diễn ra vào cuối năm 1788? answer: hàng chục vạn quân Thanh tiến vào Đại Việt và bị quân Tây Sơn đánh tan trong trận Ngọc Hồi - Đống Đa (1789),0.7193
298,RAG_Chunking,5,"question: Chính quyền Quang Trung đóng đô ở đâu? answer: Phú Xuân, kiểm soát phía bắc Đàng Trong và toàn bộ Đàng Ngoài cũ","question: Chính quyền Quang Trung đóng đô ở đâu? answer: Phú Xuân, kiểm soát phía bắc Đàng Trong và toàn bộ Đàng Ngoài cũ",0.6509
298,RAG_Chunking,6,question: Vì sao Gandhi bị giam giữ hai năm? answer: vì sức khoẻ sa sút và một ca mổ cần thiết,question: Vì sao Gandhi bị giam giữ hai năm? answer: vì sức khoẻ sa sút và một ca mổ cần thiết,0.7398
298,RAG_Chunking,7,question: Vì sao chính quyền Anh không muốn ông chết trong tù? answer: vì đây là một sự kiện có thể làm lòng căm phẫn của công chúng vượt khỏi tầm kiểm soát,question: Vì sao chính quyền Anh không muốn ông chết trong tù? answer: vì đây là một sự kiện có thể làm lòng căm phẫn của công chúng vượt khỏi tầm kiểm soát,0.8626
299,Chunking_Only,1,"question: Vì sao Tây Ban Nha quyết định thành lập một số đoàn truyền giáo ở Đông Texas? answer: Sau khi người da đỏ kháng cự, những nhà truyền giáo người Tây Ban Nha trở về México","question: Vì sao Tây Ban Nha quyết định thành lập một số đoàn truyền giáo ở Đông Texas? answer: Sau khi người da đỏ kháng cự, những nhà truyền giáo người Tây Ban Nha trở về México",0.766
299,Chunking_Only,2,question: San Antonio là nơi định cư đầu tiên của người Tây Ban Nha tại khu vực nào? answer: San Antonio,question: San Antonio là nơi định cư đầu tiên của người Tây Ban Nha tại khu vực nào? answer: San Antonio,0.6987
299,RAG_Chunking,1,question: Ngày 14-7-1789 diễn ra sự kiện gì? answer: hàng nghìn người dân Pa-ri đã nổi dậy đánh chiếm ngục Ba-xti từ tay quân lính của triều đình,question: Ngày 14-7-1789 là ngày diễn ra sự kiện gì? answer: hàng nghìn người dân Pa-ri đã nổi dậy đánh chiếm ngục Ba-xti từ tay quân lính của triều đình,0.6827
299,RAG_Chunking,2,question: Các nước tư bản đã tiến hành cách mạng công nghiệp vào thời gian nào? answer: cuối thế kỉ XVIII  đầu thế kỉ XIX,question: Các nước tư bản đã tiến hành cách mạng công nghiệp vào thời gian nào? answer: cuối thế kỉ XVIII  đầu thế kỉ XIX,0.7716
299,RAG_Chunking,3,"question: Những người cực khổ nhất trong xã hội là những người như thế nào? answer: không có ruộng đất, bị nhiều tầng lớp áp bức bóc lột","question: Những người cực khổ nhất trong xã hội là những người như thế nào? answer: không có ruộng đất, bị nhiều tầng lớp áp bức bóc lột",0.6573
299,RAG_Chunking,4,"question: Vào năm 1690, nhà cầm quyền Tây Ban Nha đã có quyết định gì? answer: thành lập một số đoàn truyền giáo ở Đông Texas","question: Vào năm 1690, nhà cầm quyền Tây Ban Nha đã có quyết định gì? answer: thành lập một số đoàn truyền giáo ở Đông Texas",0.7854
299,RAG_Chunking,5,"question: Khi người Pháp bắt đầu định cư tại Louisiana, chính quyền Tây Ban Nha đã làm gì? answer: họ thành lập San Antonio, khu định cư dân sự đầu tiên của người Tây Ban Nha tại khu vực","question: Vào năm 1716, chính quyền Tây Ban Nha đã phản ứng như thế nào khi người Pháp bắt đầu định cư tại Louisiana? answer: hình thành một loạt các đoàn truyền giáo mới ở Đông Texas",0.8105
